nohup: ignoring input
Available GPUs:
NVIDIA RTX 6000 Ada Generation1: gpu
NVIDIA RTX 6000 Ada Generation2: gpu
┌──────────────────────────────────────────────────────────────────────────────┐
│                                 PyRosetta-4                                  │
│              Created in JHU by Sergey Lyskov and PyRosetta Team              │
│              (C) Copyright Rosetta Commons Member Institutions               │
│                                                                              │
│ NOTE: USE OF PyRosetta FOR COMMERCIAL PURPOSES REQUIRE PURCHASE OF A LICENSE │
│         See LICENSE.PyRosetta.md or email license@uw.edu for details         │
└──────────────────────────────────────────────────────────────────────────────┘
PyRosetta-4 2024 [Rosetta PyRosetta4.conda.ubuntu.cxx11thread.serialization.Ubuntu.python310.Release 2024.42+release.3366cf78a3df04339d1982e94531b77b098ddb99 2024-10-11T08:24:04] retrieved from: http://www.pyrosetta.org
Running binder design for target RGG3
Design settings used: peptide_3stage_multimer_mpnn_flexible
Filtering designs based on peptide_loss_filters
Found 316 trajectories to process

Processing trajectory 6W1F-pep3_l15_s566722
Base AF2 filters not passed for 6W1F-pep3_l15_s566722_mpnn1, skipping interface scoring
Base AF2 filters not passed for 6W1F-pep3_l15_s566722_mpnn2, skipping interface scoring
Base AF2 filters not passed for 6W1F-pep3_l15_s566722_mpnn3, skipping interface scoring
Base AF2 filters not passed for 6W1F-pep3_l15_s566722_mpnn4, skipping interface scoring
Base AF2 filters not passed for 6W1F-pep3_l15_s566722_mpnn5, skipping interface scoring
Base AF2 filters not passed for 6W1F-pep3_l15_s566722_mpnn6, skipping interface scoring
Base AF2 filters not passed for 6W1F-pep3_l15_s566722_mpnn7, skipping interface scoring
Base AF2 filters not passed for 6W1F-pep3_l15_s566722_mpnn8, skipping interface scoring
Base AF2 filters not passed for 6W1F-pep3_l15_s566722_mpnn9, skipping interface scoring
Base AF2 filters not passed for 6W1F-pep3_l15_s566722_mpnn10, skipping interface scoring
Base AF2 filters not passed for 6W1F-pep3_l15_s566722_mpnn11, skipping interface scoring
Base AF2 filters not passed for 6W1F-pep3_l15_s566722_mpnn12, skipping interface scoring
Base AF2 filters not passed for 6W1F-pep3_l15_s566722_mpnn13, skipping interface scoring
Base AF2 filters not passed for 6W1F-pep3_l15_s566722_mpnn14, skipping interface scoring
Base AF2 filters not passed for 6W1F-pep3_l15_s566722_mpnn15, skipping interface scoring
Base AF2 filters not passed for 6W1F-pep3_l15_s566722_mpnn16, skipping interface scoring
Base AF2 filters not passed for 6W1F-pep3_l15_s566722_mpnn17, skipping interface scoring
Base AF2 filters not passed for 6W1F-pep3_l15_s566722_mpnn18, skipping interface scoring
Base AF2 filters not passed for 6W1F-pep3_l15_s566722_mpnn19, skipping interface scoring
Base AF2 filters not passed for 6W1F-pep3_l15_s566722_mpnn20, skipping interface scoring
Base AF2 filters not passed for 6W1F-pep3_l15_s566722_mpnn21, skipping interface scoring
Base AF2 filters not passed for 6W1F-pep3_l15_s566722_mpnn22, skipping interface scoring
Base AF2 filters not passed for 6W1F-pep3_l15_s566722_mpnn23, skipping interface scoring
Base AF2 filters not passed for 6W1F-pep3_l15_s566722_mpnn24, skipping interface scoring
Base AF2 filters not passed for 6W1F-pep3_l15_s566722_mpnn25, skipping interface scoring
Base AF2 filters not passed for 6W1F-pep3_l15_s566722_mpnn26, skipping interface scoring
Base AF2 filters not passed for 6W1F-pep3_l15_s566722_mpnn27, skipping interface scoring
Base AF2 filters not passed for 6W1F-pep3_l15_s566722_mpnn28, skipping interface scoring
Base AF2 filters not passed for 6W1F-pep3_l15_s566722_mpnn29, skipping interface scoring
Base AF2 filters not passed for 6W1F-pep3_l15_s566722_mpnn30, skipping interface scoring
Base AF2 filters not passed for 6W1F-pep3_l15_s566722_mpnn31, skipping interface scoring
Base AF2 filters not passed for 6W1F-pep3_l15_s566722_mpnn32, skipping interface scoring
Base AF2 filters not passed for 6W1F-pep3_l15_s566722_mpnn33, skipping interface scoring
Base AF2 filters not passed for 6W1F-pep3_l15_s566722_mpnn34, skipping interface scoring
Base AF2 filters not passed for 6W1F-pep3_l15_s566722_mpnn35, skipping interface scoring
Base AF2 filters not passed for 6W1F-pep3_l15_s566722_mpnn36, skipping interface scoring
Base AF2 filters not passed for 6W1F-pep3_l15_s566722_mpnn37, skipping interface scoring
Base AF2 filters not passed for 6W1F-pep3_l15_s566722_mpnn38, skipping interface scoring
Base AF2 filters not passed for 6W1F-pep3_l15_s566722_mpnn39, skipping interface scoring
Base AF2 filters not passed for 6W1F-pep3_l15_s566722_mpnn40, skipping interface scoring
Base AF2 filters not passed for 6W1F-pep3_l15_s566722_mpnn41, skipping interface scoring
Base AF2 filters not passed for 6W1F-pep3_l15_s566722_mpnn42, skipping interface scoring
Base AF2 filters not passed for 6W1F-pep3_l15_s566722_mpnn43, skipping interface scoring
No accepted MPNN designs found for this trajectory.

Design and validation of trajectory 6W1F-pep3_l15_s566722 took: 0 hours, 15 minutes, 42 seconds

Processing trajectory 6W1F-pep3_l14_s701242
Base AF2 filters not passed for 6W1F-pep3_l14_s701242_mpnn1, skipping interface scoring
Base AF2 filters not passed for 6W1F-pep3_l14_s701242_mpnn2, skipping interface scoring
Base AF2 filters not passed for 6W1F-pep3_l14_s701242_mpnn3, skipping interface scoring
Base AF2 filters not passed for 6W1F-pep3_l14_s701242_mpnn4, skipping interface scoring
Base AF2 filters not passed for 6W1F-pep3_l14_s701242_mpnn5, skipping interface scoring
Base AF2 filters not passed for 6W1F-pep3_l14_s701242_mpnn6, skipping interface scoring
Base AF2 filters not passed for 6W1F-pep3_l14_s701242_mpnn7, skipping interface scoring
Base AF2 filters not passed for 6W1F-pep3_l14_s701242_mpnn8, skipping interface scoring
Base AF2 filters not passed for 6W1F-pep3_l14_s701242_mpnn9, skipping interface scoring
Base AF2 filters not passed for 6W1F-pep3_l14_s701242_mpnn10, skipping interface scoring
Base AF2 filters not passed for 6W1F-pep3_l14_s701242_mpnn11, skipping interface scoring
Base AF2 filters not passed for 6W1F-pep3_l14_s701242_mpnn12, skipping interface scoring
Base AF2 filters not passed for 6W1F-pep3_l14_s701242_mpnn13, skipping interface scoring
Base AF2 filters not passed for 6W1F-pep3_l14_s701242_mpnn14, skipping interface scoring
Base AF2 filters not passed for 6W1F-pep3_l14_s701242_mpnn15, skipping interface scoring
Base AF2 filters not passed for 6W1F-pep3_l14_s701242_mpnn16, skipping interface scoring
Base AF2 filters not passed for 6W1F-pep3_l14_s701242_mpnn17, skipping interface scoring
Base AF2 filters not passed for 6W1F-pep3_l14_s701242_mpnn18, skipping interface scoring
Base AF2 filters not passed for 6W1F-pep3_l14_s701242_mpnn19, skipping interface scoring
Unmet filter conditions for 6W1F-pep3_l14_s701242_mpnn20
Base AF2 filters not passed for 6W1F-pep3_l14_s701242_mpnn21, skipping interface scoring
Base AF2 filters not passed for 6W1F-pep3_l14_s701242_mpnn22, skipping interface scoring
Base AF2 filters not passed for 6W1F-pep3_l14_s701242_mpnn23, skipping interface scoring
Base AF2 filters not passed for 6W1F-pep3_l14_s701242_mpnn24, skipping interface scoring
Base AF2 filters not passed for 6W1F-pep3_l14_s701242_mpnn25, skipping interface scoring
Base AF2 filters not passed for 6W1F-pep3_l14_s701242_mpnn26, skipping interface scoring
Base AF2 filters not passed for 6W1F-pep3_l14_s701242_mpnn27, skipping interface scoring
Base AF2 filters not passed for 6W1F-pep3_l14_s701242_mpnn28, skipping interface scoring
Base AF2 filters not passed for 6W1F-pep3_l14_s701242_mpnn29, skipping interface scoring
Base AF2 filters not passed for 6W1F-pep3_l14_s701242_mpnn30, skipping interface scoring
Base AF2 filters not passed for 6W1F-pep3_l14_s701242_mpnn31, skipping interface scoring
Base AF2 filters not passed for 6W1F-pep3_l14_s701242_mpnn32, skipping interface scoring
Base AF2 filters not passed for 6W1F-pep3_l14_s701242_mpnn33, skipping interface scoring
Base AF2 filters not passed for 6W1F-pep3_l14_s701242_mpnn34, skipping interface scoring
Base AF2 filters not passed for 6W1F-pep3_l14_s701242_mpnn35, skipping interface scoring
Base AF2 filters not passed for 6W1F-pep3_l14_s701242_mpnn36, skipping interface scoring
Base AF2 filters not passed for 6W1F-pep3_l14_s701242_mpnn37, skipping interface scoring
Base AF2 filters not passed for 6W1F-pep3_l14_s701242_mpnn38, skipping interface scoring
No accepted MPNN designs found for this trajectory.

Design and validation of trajectory 6W1F-pep3_l14_s701242 took: 0 hours, 17 minutes, 42 seconds

Processing trajectory 6W1F-pep3_l17_s238132
Base AF2 filters not passed for 6W1F-pep3_l17_s238132_mpnn1, skipping interface scoring
Base AF2 filters not passed for 6W1F-pep3_l17_s238132_mpnn2, skipping interface scoring
Base AF2 filters not passed for 6W1F-pep3_l17_s238132_mpnn3, skipping interface scoring
Base AF2 filters not passed for 6W1F-pep3_l17_s238132_mpnn4, skipping interface scoring
Base AF2 filters not passed for 6W1F-pep3_l17_s238132_mpnn5, skipping interface scoring
Base AF2 filters not passed for 6W1F-pep3_l17_s238132_mpnn6, skipping interface scoring
Base AF2 filters not passed for 6W1F-pep3_l17_s238132_mpnn7, skipping interface scoring
Base AF2 filters not passed for 6W1F-pep3_l17_s238132_mpnn8, skipping interface scoring
Base AF2 filters not passed for 6W1F-pep3_l17_s238132_mpnn9, skipping interface scoring
Base AF2 filters not passed for 6W1F-pep3_l17_s238132_mpnn10, skipping interface scoring
Base AF2 filters not passed for 6W1F-pep3_l17_s238132_mpnn11, skipping interface scoring
Base AF2 filters not passed for 6W1F-pep3_l17_s238132_mpnn12, skipping interface scoring
Base AF2 filters not passed for 6W1F-pep3_l17_s238132_mpnn13, skipping interface scoring
Base AF2 filters not passed for 6W1F-pep3_l17_s238132_mpnn14, skipping interface scoring
Base AF2 filters not passed for 6W1F-pep3_l17_s238132_mpnn15, skipping interface scoring
Base AF2 filters not passed for 6W1F-pep3_l17_s238132_mpnn16, skipping interface scoring
Base AF2 filters not passed for 6W1F-pep3_l17_s238132_mpnn17, skipping interface scoring
Base AF2 filters not passed for 6W1F-pep3_l17_s238132_mpnn18, skipping interface scoring
Base AF2 filters not passed for 6W1F-pep3_l17_s238132_mpnn19, skipping interface scoring
Base AF2 filters not passed for 6W1F-pep3_l17_s238132_mpnn20, skipping interface scoring
Base AF2 filters not passed for 6W1F-pep3_l17_s238132_mpnn21, skipping interface scoring
Base AF2 filters not passed for 6W1F-pep3_l17_s238132_mpnn22, skipping interface scoring
Base AF2 filters not passed for 6W1F-pep3_l17_s238132_mpnn23, skipping interface scoring
Base AF2 filters not passed for 6W1F-pep3_l17_s238132_mpnn24, skipping interface scoring
Base AF2 filters not passed for 6W1F-pep3_l17_s238132_mpnn25, skipping interface scoring
Base AF2 filters not passed for 6W1F-pep3_l17_s238132_mpnn26, skipping interface scoring
Base AF2 filters not passed for 6W1F-pep3_l17_s238132_mpnn27, skipping interface scoring
Base AF2 filters not passed for 6W1F-pep3_l17_s238132_mpnn28, skipping interface scoring
Base AF2 filters not passed for 6W1F-pep3_l17_s238132_mpnn29, skipping interface scoring
Base AF2 filters not passed for 6W1F-pep3_l17_s238132_mpnn30, skipping interface scoring
Base AF2 filters not passed for 6W1F-pep3_l17_s238132_mpnn31, skipping interface scoring
Base AF2 filters not passed for 6W1F-pep3_l17_s238132_mpnn32, skipping interface scoring
Base AF2 filters not passed for 6W1F-pep3_l17_s238132_mpnn33, skipping interface scoring
Base AF2 filters not passed for 6W1F-pep3_l17_s238132_mpnn34, skipping interface scoring
Base AF2 filters not passed for 6W1F-pep3_l17_s238132_mpnn35, skipping interface scoring
Base AF2 filters not passed for 6W1F-pep3_l17_s238132_mpnn36, skipping interface scoring
Base AF2 filters not passed for 6W1F-pep3_l17_s238132_mpnn37, skipping interface scoring
Base AF2 filters not passed for 6W1F-pep3_l17_s238132_mpnn38, skipping interface scoring
Base AF2 filters not passed for 6W1F-pep3_l17_s238132_mpnn39, skipping interface scoring
Base AF2 filters not passed for 6W1F-pep3_l17_s238132_mpnn40, skipping interface scoring
Base AF2 filters not passed for 6W1F-pep3_l17_s238132_mpnn41, skipping interface scoring
Base AF2 filters not passed for 6W1F-pep3_l17_s238132_mpnn42, skipping interface scoring
Base AF2 filters not passed for 6W1F-pep3_l17_s238132_mpnn43, skipping interface scoring
Base AF2 filters not passed for 6W1F-pep3_l17_s238132_mpnn44, skipping interface scoring
Base AF2 filters not passed for 6W1F-pep3_l17_s238132_mpnn45, skipping interface scoring
Base AF2 filters not passed for 6W1F-pep3_l17_s238132_mpnn46, skipping interface scoring
Base AF2 filters not passed for 6W1F-pep3_l17_s238132_mpnn47, skipping interface scoring
No accepted MPNN designs found for this trajectory.

Design and validation of trajectory 6W1F-pep3_l17_s238132 took: 0 hours, 14 minutes, 25 seconds

Processing trajectory 6W1F-pep3_l17_s234487
Base AF2 filters not passed for 6W1F-pep3_l17_s234487_mpnn1, skipping interface scoring
Base AF2 filters not passed for 6W1F-pep3_l17_s234487_mpnn2, skipping interface scoring
Base AF2 filters not passed for 6W1F-pep3_l17_s234487_mpnn3, skipping interface scoring
Base AF2 filters not passed for 6W1F-pep3_l17_s234487_mpnn4, skipping interface scoring
Base AF2 filters not passed for 6W1F-pep3_l17_s234487_mpnn5, skipping interface scoring
Base AF2 filters not passed for 6W1F-pep3_l17_s234487_mpnn6, skipping interface scoring
Base AF2 filters not passed for 6W1F-pep3_l17_s234487_mpnn7, skipping interface scoring
Base AF2 filters not passed for 6W1F-pep3_l17_s234487_mpnn8, skipping interface scoring
Base AF2 filters not passed for 6W1F-pep3_l17_s234487_mpnn9, skipping interface scoring
Base AF2 filters not passed for 6W1F-pep3_l17_s234487_mpnn10, skipping interface scoring
Base AF2 filters not passed for 6W1F-pep3_l17_s234487_mpnn11, skipping interface scoring
Base AF2 filters not passed for 6W1F-pep3_l17_s234487_mpnn12, skipping interface scoring
Base AF2 filters not passed for 6W1F-pep3_l17_s234487_mpnn13, skipping interface scoring
Base AF2 filters not passed for 6W1F-pep3_l17_s234487_mpnn14, skipping interface scoring
Base AF2 filters not passed for 6W1F-pep3_l17_s234487_mpnn15, skipping interface scoring
Base AF2 filters not passed for 6W1F-pep3_l17_s234487_mpnn16, skipping interface scoring
Base AF2 filters not passed for 6W1F-pep3_l17_s234487_mpnn17, skipping interface scoring
Base AF2 filters not passed for 6W1F-pep3_l17_s234487_mpnn18, skipping interface scoring
Base AF2 filters not passed for 6W1F-pep3_l17_s234487_mpnn19, skipping interface scoring
Base AF2 filters not passed for 6W1F-pep3_l17_s234487_mpnn20, skipping interface scoring
Base AF2 filters not passed for 6W1F-pep3_l17_s234487_mpnn21, skipping interface scoring
Base AF2 filters not passed for 6W1F-pep3_l17_s234487_mpnn22, skipping interface scoring
Base AF2 filters not passed for 6W1F-pep3_l17_s234487_mpnn23, skipping interface scoring
Base AF2 filters not passed for 6W1F-pep3_l17_s234487_mpnn24, skipping interface scoring
Base AF2 filters not passed for 6W1F-pep3_l17_s234487_mpnn25, skipping interface scoring
Base AF2 filters not passed for 6W1F-pep3_l17_s234487_mpnn26, skipping interface scoring
Base AF2 filters not passed for 6W1F-pep3_l17_s234487_mpnn27, skipping interface scoring
Base AF2 filters not passed for 6W1F-pep3_l17_s234487_mpnn28, skipping interface scoring
Base AF2 filters not passed for 6W1F-pep3_l17_s234487_mpnn29, skipping interface scoring
Base AF2 filters not passed for 6W1F-pep3_l17_s234487_mpnn30, skipping interface scoring
Base AF2 filters not passed for 6W1F-pep3_l17_s234487_mpnn31, skipping interface scoring
Base AF2 filters not passed for 6W1F-pep3_l17_s234487_mpnn32, skipping interface scoring
Base AF2 filters not passed for 6W1F-pep3_l17_s234487_mpnn33, skipping interface scoring
Base AF2 filters not passed for 6W1F-pep3_l17_s234487_mpnn34, skipping interface scoring
Base AF2 filters not passed for 6W1F-pep3_l17_s234487_mpnn35, skipping interface scoring
Base AF2 filters not passed for 6W1F-pep3_l17_s234487_mpnn36, skipping interface scoring
Base AF2 filters not passed for 6W1F-pep3_l17_s234487_mpnn37, skipping interface scoring
Base AF2 filters not passed for 6W1F-pep3_l17_s234487_mpnn38, skipping interface scoring
Base AF2 filters not passed for 6W1F-pep3_l17_s234487_mpnn39, skipping interface scoring
Base AF2 filters not passed for 6W1F-pep3_l17_s234487_mpnn40, skipping interface scoring
Base AF2 filters not passed for 6W1F-pep3_l17_s234487_mpnn41, skipping interface scoring
Base AF2 filters not passed for 6W1F-pep3_l17_s234487_mpnn42, skipping interface scoring
Base AF2 filters not passed for 6W1F-pep3_l17_s234487_mpnn43, skipping interface scoring
Base AF2 filters not passed for 6W1F-pep3_l17_s234487_mpnn44, skipping interface scoring
Base AF2 filters not passed for 6W1F-pep3_l17_s234487_mpnn45, skipping interface scoring
Base AF2 filters not passed for 6W1F-pep3_l17_s234487_mpnn46, skipping interface scoring
Base AF2 filters not passed for 6W1F-pep3_l17_s234487_mpnn47, skipping interface scoring
No accepted MPNN designs found for this trajectory.

Design and validation of trajectory 6W1F-pep3_l17_s234487 took: 0 hours, 14 minutes, 22 seconds

Processing trajectory 6W1F-pep3_l13_s348964
Base AF2 filters not passed for 6W1F-pep3_l13_s348964_mpnn1, skipping interface scoring
Base AF2 filters not passed for 6W1F-pep3_l13_s348964_mpnn2, skipping interface scoring
Base AF2 filters not passed for 6W1F-pep3_l13_s348964_mpnn3, skipping interface scoring
Base AF2 filters not passed for 6W1F-pep3_l13_s348964_mpnn4, skipping interface scoring
Base AF2 filters not passed for 6W1F-pep3_l13_s348964_mpnn5, skipping interface scoring
Base AF2 filters not passed for 6W1F-pep3_l13_s348964_mpnn6, skipping interface scoring
Base AF2 filters not passed for 6W1F-pep3_l13_s348964_mpnn7, skipping interface scoring
Base AF2 filters not passed for 6W1F-pep3_l13_s348964_mpnn8, skipping interface scoring
Base AF2 filters not passed for 6W1F-pep3_l13_s348964_mpnn9, skipping interface scoring
Base AF2 filters not passed for 6W1F-pep3_l13_s348964_mpnn10, skipping interface scoring
Base AF2 filters not passed for 6W1F-pep3_l13_s348964_mpnn11, skipping interface scoring
Base AF2 filters not passed for 6W1F-pep3_l13_s348964_mpnn12, skipping interface scoring
Base AF2 filters not passed for 6W1F-pep3_l13_s348964_mpnn13, skipping interface scoring
Base AF2 filters not passed for 6W1F-pep3_l13_s348964_mpnn14, skipping interface scoring
Base AF2 filters not passed for 6W1F-pep3_l13_s348964_mpnn15, skipping interface scoring
Base AF2 filters not passed for 6W1F-pep3_l13_s348964_mpnn16, skipping interface scoring
6W1F-pep3_l13_s348964_mpnn17 passed all filters
Base AF2 filters not passed for 6W1F-pep3_l13_s348964_mpnn18, skipping interface scoring
Base AF2 filters not passed for 6W1F-pep3_l13_s348964_mpnn19, skipping interface scoring
Base AF2 filters not passed for 6W1F-pep3_l13_s348964_mpnn20, skipping interface scoring
Base AF2 filters not passed for 6W1F-pep3_l13_s348964_mpnn21, skipping interface scoring
Base AF2 filters not passed for 6W1F-pep3_l13_s348964_mpnn22, skipping interface scoring
Base AF2 filters not passed for 6W1F-pep3_l13_s348964_mpnn23, skipping interface scoring
Base AF2 filters not passed for 6W1F-pep3_l13_s348964_mpnn24, skipping interface scoring
Base AF2 filters not passed for 6W1F-pep3_l13_s348964_mpnn25, skipping interface scoring
Base AF2 filters not passed for 6W1F-pep3_l13_s348964_mpnn26, skipping interface scoring
Base AF2 filters not passed for 6W1F-pep3_l13_s348964_mpnn27, skipping interface scoring
Base AF2 filters not passed for 6W1F-pep3_l13_s348964_mpnn28, skipping interface scoring
Base AF2 filters not passed for 6W1F-pep3_l13_s348964_mpnn29, skipping interface scoring
Base AF2 filters not passed for 6W1F-pep3_l13_s348964_mpnn30, skipping interface scoring
Base AF2 filters not passed for 6W1F-pep3_l13_s348964_mpnn31, skipping interface scoring
Base AF2 filters not passed for 6W1F-pep3_l13_s348964_mpnn32, skipping interface scoring
Base AF2 filters not passed for 6W1F-pep3_l13_s348964_mpnn33, skipping interface scoring
Base AF2 filters not passed for 6W1F-pep3_l13_s348964_mpnn34, skipping interface scoring
Base AF2 filters not passed for 6W1F-pep3_l13_s348964_mpnn35, skipping interface scoring
Base AF2 filters not passed for 6W1F-pep3_l13_s348964_mpnn36, skipping interface scoring
Base AF2 filters not passed for 6W1F-pep3_l13_s348964_mpnn37, skipping interface scoring
Base AF2 filters not passed for 6W1F-pep3_l13_s348964_mpnn38, skipping interface scoring
Base AF2 filters not passed for 6W1F-pep3_l13_s348964_mpnn39, skipping interface scoring
Base AF2 filters not passed for 6W1F-pep3_l13_s348964_mpnn40, skipping interface scoring
Base AF2 filters not passed for 6W1F-pep3_l13_s348964_mpnn41, skipping interface scoring
Base AF2 filters not passed for 6W1F-pep3_l13_s348964_mpnn42, skipping interface scoring
Base AF2 filters not passed for 6W1F-pep3_l13_s348964_mpnn43, skipping interface scoring
Base AF2 filters not passed for 6W1F-pep3_l13_s348964_mpnn44, skipping interface scoring
Base AF2 filters not passed for 6W1F-pep3_l13_s348964_mpnn45, skipping interface scoring
Base AF2 filters not passed for 6W1F-pep3_l13_s348964_mpnn46, skipping interface scoring
Base AF2 filters not passed for 6W1F-pep3_l13_s348964_mpnn47, skipping interface scoring
Base AF2 filters not passed for 6W1F-pep3_l13_s348964_mpnn48, skipping interface scoring
Found 1 MPNN designs passing filters

Design and validation of trajectory 6W1F-pep3_l13_s348964 took: 0 hours, 20 minutes, 14 seconds

Processing trajectory 6W1F-pep3_l15_s585330
Base AF2 filters not passed for 6W1F-pep3_l15_s585330_mpnn1, skipping interface scoring
Base AF2 filters not passed for 6W1F-pep3_l15_s585330_mpnn2, skipping interface scoring
Base AF2 filters not passed for 6W1F-pep3_l15_s585330_mpnn3, skipping interface scoring
Base AF2 filters not passed for 6W1F-pep3_l15_s585330_mpnn4, skipping interface scoring
Base AF2 filters not passed for 6W1F-pep3_l15_s585330_mpnn5, skipping interface scoring
Base AF2 filters not passed for 6W1F-pep3_l15_s585330_mpnn6, skipping interface scoring
Base AF2 filters not passed for 6W1F-pep3_l15_s585330_mpnn7, skipping interface scoring
Base AF2 filters not passed for 6W1F-pep3_l15_s585330_mpnn8, skipping interface scoring
Base AF2 filters not passed for 6W1F-pep3_l15_s585330_mpnn9, skipping interface scoring
Base AF2 filters not passed for 6W1F-pep3_l15_s585330_mpnn10, skipping interface scoring
Base AF2 filters not passed for 6W1F-pep3_l15_s585330_mpnn11, skipping interface scoring
Base AF2 filters not passed for 6W1F-pep3_l15_s585330_mpnn12, skipping interface scoring
Base AF2 filters not passed for 6W1F-pep3_l15_s585330_mpnn13, skipping interface scoring
Base AF2 filters not passed for 6W1F-pep3_l15_s585330_mpnn14, skipping interface scoring
Base AF2 filters not passed for 6W1F-pep3_l15_s585330_mpnn15, skipping interface scoring
Base AF2 filters not passed for 6W1F-pep3_l15_s585330_mpnn16, skipping interface scoring
Base AF2 filters not passed for 6W1F-pep3_l15_s585330_mpnn17, skipping interface scoring
Base AF2 filters not passed for 6W1F-pep3_l15_s585330_mpnn18, skipping interface scoring
Base AF2 filters not passed for 6W1F-pep3_l15_s585330_mpnn19, skipping interface scoring
Base AF2 filters not passed for 6W1F-pep3_l15_s585330_mpnn20, skipping interface scoring
Base AF2 filters not passed for 6W1F-pep3_l15_s585330_mpnn21, skipping interface scoring
Base AF2 filters not passed for 6W1F-pep3_l15_s585330_mpnn22, skipping interface scoring
Base AF2 filters not passed for 6W1F-pep3_l15_s585330_mpnn23, skipping interface scoring
Base AF2 filters not passed for 6W1F-pep3_l15_s585330_mpnn24, skipping interface scoring
Base AF2 filters not passed for 6W1F-pep3_l15_s585330_mpnn25, skipping interface scoring
Base AF2 filters not passed for 6W1F-pep3_l15_s585330_mpnn26, skipping interface scoring
Base AF2 filters not passed for 6W1F-pep3_l15_s585330_mpnn27, skipping interface scoring
Base AF2 filters not passed for 6W1F-pep3_l15_s585330_mpnn28, skipping interface scoring
Base AF2 filters not passed for 6W1F-pep3_l15_s585330_mpnn29, skipping interface scoring
Base AF2 filters not passed for 6W1F-pep3_l15_s585330_mpnn30, skipping interface scoring
Base AF2 filters not passed for 6W1F-pep3_l15_s585330_mpnn31, skipping interface scoring
Base AF2 filters not passed for 6W1F-pep3_l15_s585330_mpnn32, skipping interface scoring
Base AF2 filters not passed for 6W1F-pep3_l15_s585330_mpnn33, skipping interface scoring
Base AF2 filters not passed for 6W1F-pep3_l15_s585330_mpnn34, skipping interface scoring
Base AF2 filters not passed for 6W1F-pep3_l15_s585330_mpnn35, skipping interface scoring
Base AF2 filters not passed for 6W1F-pep3_l15_s585330_mpnn36, skipping interface scoring
Base AF2 filters not passed for 6W1F-pep3_l15_s585330_mpnn37, skipping interface scoring
Base AF2 filters not passed for 6W1F-pep3_l15_s585330_mpnn38, skipping interface scoring
Base AF2 filters not passed for 6W1F-pep3_l15_s585330_mpnn39, skipping interface scoring
Base AF2 filters not passed for 6W1F-pep3_l15_s585330_mpnn40, skipping interface scoring
Base AF2 filters not passed for 6W1F-pep3_l15_s585330_mpnn41, skipping interface scoring
Base AF2 filters not passed for 6W1F-pep3_l15_s585330_mpnn42, skipping interface scoring
Base AF2 filters not passed for 6W1F-pep3_l15_s585330_mpnn43, skipping interface scoring
No accepted MPNN designs found for this trajectory.

Design and validation of trajectory 6W1F-pep3_l15_s585330 took: 0 hours, 13 minutes, 1 seconds

Processing trajectory 6W1F-pep3_l15_s727897
Base AF2 filters not passed for 6W1F-pep3_l15_s727897_mpnn1, skipping interface scoring
Base AF2 filters not passed for 6W1F-pep3_l15_s727897_mpnn2, skipping interface scoring
Base AF2 filters not passed for 6W1F-pep3_l15_s727897_mpnn3, skipping interface scoring
Base AF2 filters not passed for 6W1F-pep3_l15_s727897_mpnn4, skipping interface scoring
Base AF2 filters not passed for 6W1F-pep3_l15_s727897_mpnn5, skipping interface scoring
Base AF2 filters not passed for 6W1F-pep3_l15_s727897_mpnn6, skipping interface scoring
Base AF2 filters not passed for 6W1F-pep3_l15_s727897_mpnn7, skipping interface scoring
Base AF2 filters not passed for 6W1F-pep3_l15_s727897_mpnn8, skipping interface scoring
Base AF2 filters not passed for 6W1F-pep3_l15_s727897_mpnn9, skipping interface scoring
Base AF2 filters not passed for 6W1F-pep3_l15_s727897_mpnn10, skipping interface scoring
Base AF2 filters not passed for 6W1F-pep3_l15_s727897_mpnn11, skipping interface scoring
Base AF2 filters not passed for 6W1F-pep3_l15_s727897_mpnn12, skipping interface scoring
Base AF2 filters not passed for 6W1F-pep3_l15_s727897_mpnn13, skipping interface scoring
Base AF2 filters not passed for 6W1F-pep3_l15_s727897_mpnn14, skipping interface scoring
Base AF2 filters not passed for 6W1F-pep3_l15_s727897_mpnn15, skipping interface scoring
Base AF2 filters not passed for 6W1F-pep3_l15_s727897_mpnn16, skipping interface scoring
Base AF2 filters not passed for 6W1F-pep3_l15_s727897_mpnn17, skipping interface scoring
Base AF2 filters not passed for 6W1F-pep3_l15_s727897_mpnn18, skipping interface scoring
Base AF2 filters not passed for 6W1F-pep3_l15_s727897_mpnn19, skipping interface scoring
Base AF2 filters not passed for 6W1F-pep3_l15_s727897_mpnn20, skipping interface scoring
Base AF2 filters not passed for 6W1F-pep3_l15_s727897_mpnn21, skipping interface scoring
Base AF2 filters not passed for 6W1F-pep3_l15_s727897_mpnn22, skipping interface scoring
Base AF2 filters not passed for 6W1F-pep3_l15_s727897_mpnn23, skipping interface scoring
Base AF2 filters not passed for 6W1F-pep3_l15_s727897_mpnn24, skipping interface scoring
Base AF2 filters not passed for 6W1F-pep3_l15_s727897_mpnn25, skipping interface scoring
Base AF2 filters not passed for 6W1F-pep3_l15_s727897_mpnn26, skipping interface scoring
Base AF2 filters not passed for 6W1F-pep3_l15_s727897_mpnn27, skipping interface scoring
Base AF2 filters not passed for 6W1F-pep3_l15_s727897_mpnn28, skipping interface scoring
Base AF2 filters not passed for 6W1F-pep3_l15_s727897_mpnn29, skipping interface scoring
No accepted MPNN designs found for this trajectory.

Design and validation of trajectory 6W1F-pep3_l15_s727897 took: 0 hours, 8 minutes, 56 seconds

Processing trajectory 6W1F-pep3_l13_s895519
Base AF2 filters not passed for 6W1F-pep3_l13_s895519_mpnn1, skipping interface scoring
Base AF2 filters not passed for 6W1F-pep3_l13_s895519_mpnn2, skipping interface scoring
Base AF2 filters not passed for 6W1F-pep3_l13_s895519_mpnn3, skipping interface scoring
Base AF2 filters not passed for 6W1F-pep3_l13_s895519_mpnn4, skipping interface scoring
Base AF2 filters not passed for 6W1F-pep3_l13_s895519_mpnn5, skipping interface scoring
Base AF2 filters not passed for 6W1F-pep3_l13_s895519_mpnn6, skipping interface scoring
Base AF2 filters not passed for 6W1F-pep3_l13_s895519_mpnn7, skipping interface scoring
Base AF2 filters not passed for 6W1F-pep3_l13_s895519_mpnn8, skipping interface scoring
Base AF2 filters not passed for 6W1F-pep3_l13_s895519_mpnn9, skipping interface scoring
Base AF2 filters not passed for 6W1F-pep3_l13_s895519_mpnn10, skipping interface scoring
Base AF2 filters not passed for 6W1F-pep3_l13_s895519_mpnn11, skipping interface scoring
Base AF2 filters not passed for 6W1F-pep3_l13_s895519_mpnn12, skipping interface scoring
Base AF2 filters not passed for 6W1F-pep3_l13_s895519_mpnn13, skipping interface scoring
Base AF2 filters not passed for 6W1F-pep3_l13_s895519_mpnn14, skipping interface scoring
Base AF2 filters not passed for 6W1F-pep3_l13_s895519_mpnn15, skipping interface scoring
Base AF2 filters not passed for 6W1F-pep3_l13_s895519_mpnn16, skipping interface scoring
Base AF2 filters not passed for 6W1F-pep3_l13_s895519_mpnn17, skipping interface scoring
Base AF2 filters not passed for 6W1F-pep3_l13_s895519_mpnn18, skipping interface scoring
Base AF2 filters not passed for 6W1F-pep3_l13_s895519_mpnn19, skipping interface scoring
Base AF2 filters not passed for 6W1F-pep3_l13_s895519_mpnn20, skipping interface scoring
Base AF2 filters not passed for 6W1F-pep3_l13_s895519_mpnn21, skipping interface scoring
Base AF2 filters not passed for 6W1F-pep3_l13_s895519_mpnn22, skipping interface scoring
Base AF2 filters not passed for 6W1F-pep3_l13_s895519_mpnn23, skipping interface scoring
Base AF2 filters not passed for 6W1F-pep3_l13_s895519_mpnn24, skipping interface scoring
Base AF2 filters not passed for 6W1F-pep3_l13_s895519_mpnn25, skipping interface scoring
Base AF2 filters not passed for 6W1F-pep3_l13_s895519_mpnn26, skipping interface scoring
Base AF2 filters not passed for 6W1F-pep3_l13_s895519_mpnn27, skipping interface scoring
Base AF2 filters not passed for 6W1F-pep3_l13_s895519_mpnn28, skipping interface scoring
Base AF2 filters not passed for 6W1F-pep3_l13_s895519_mpnn29, skipping interface scoring
Base AF2 filters not passed for 6W1F-pep3_l13_s895519_mpnn30, skipping interface scoring
Base AF2 filters not passed for 6W1F-pep3_l13_s895519_mpnn31, skipping interface scoring
Base AF2 filters not passed for 6W1F-pep3_l13_s895519_mpnn32, skipping interface scoring
Base AF2 filters not passed for 6W1F-pep3_l13_s895519_mpnn33, skipping interface scoring
Base AF2 filters not passed for 6W1F-pep3_l13_s895519_mpnn34, skipping interface scoring
Base AF2 filters not passed for 6W1F-pep3_l13_s895519_mpnn35, skipping interface scoring
Base AF2 filters not passed for 6W1F-pep3_l13_s895519_mpnn36, skipping interface scoring
Base AF2 filters not passed for 6W1F-pep3_l13_s895519_mpnn37, skipping interface scoring
Base AF2 filters not passed for 6W1F-pep3_l13_s895519_mpnn38, skipping interface scoring
No accepted MPNN designs found for this trajectory.

Design and validation of trajectory 6W1F-pep3_l13_s895519 took: 0 hours, 11 minutes, 28 seconds

Processing trajectory 6W1F-pep3_l17_s541386
Base AF2 filters not passed for 6W1F-pep3_l17_s541386_mpnn1, skipping interface scoring
Base AF2 filters not passed for 6W1F-pep3_l17_s541386_mpnn2, skipping interface scoring
Base AF2 filters not passed for 6W1F-pep3_l17_s541386_mpnn3, skipping interface scoring
Base AF2 filters not passed for 6W1F-pep3_l17_s541386_mpnn4, skipping interface scoring
Base AF2 filters not passed for 6W1F-pep3_l17_s541386_mpnn5, skipping interface scoring
Base AF2 filters not passed for 6W1F-pep3_l17_s541386_mpnn6, skipping interface scoring
Base AF2 filters not passed for 6W1F-pep3_l17_s541386_mpnn7, skipping interface scoring
Base AF2 filters not passed for 6W1F-pep3_l17_s541386_mpnn8, skipping interface scoring
Base AF2 filters not passed for 6W1F-pep3_l17_s541386_mpnn9, skipping interface scoring
Base AF2 filters not passed for 6W1F-pep3_l17_s541386_mpnn10, skipping interface scoring
Base AF2 filters not passed for 6W1F-pep3_l17_s541386_mpnn11, skipping interface scoring
Base AF2 filters not passed for 6W1F-pep3_l17_s541386_mpnn12, skipping interface scoring
Base AF2 filters not passed for 6W1F-pep3_l17_s541386_mpnn13, skipping interface scoring
Base AF2 filters not passed for 6W1F-pep3_l17_s541386_mpnn14, skipping interface scoring
Base AF2 filters not passed for 6W1F-pep3_l17_s541386_mpnn15, skipping interface scoring
Base AF2 filters not passed for 6W1F-pep3_l17_s541386_mpnn16, skipping interface scoring
Base AF2 filters not passed for 6W1F-pep3_l17_s541386_mpnn17, skipping interface scoring
Base AF2 filters not passed for 6W1F-pep3_l17_s541386_mpnn18, skipping interface scoring
Base AF2 filters not passed for 6W1F-pep3_l17_s541386_mpnn19, skipping interface scoring
Base AF2 filters not passed for 6W1F-pep3_l17_s541386_mpnn20, skipping interface scoring
Base AF2 filters not passed for 6W1F-pep3_l17_s541386_mpnn21, skipping interface scoring
Base AF2 filters not passed for 6W1F-pep3_l17_s541386_mpnn22, skipping interface scoring
Base AF2 filters not passed for 6W1F-pep3_l17_s541386_mpnn23, skipping interface scoring
Base AF2 filters not passed for 6W1F-pep3_l17_s541386_mpnn24, skipping interface scoring
Base AF2 filters not passed for 6W1F-pep3_l17_s541386_mpnn25, skipping interface scoring
Base AF2 filters not passed for 6W1F-pep3_l17_s541386_mpnn26, skipping interface scoring
Base AF2 filters not passed for 6W1F-pep3_l17_s541386_mpnn27, skipping interface scoring
Base AF2 filters not passed for 6W1F-pep3_l17_s541386_mpnn28, skipping interface scoring
Base AF2 filters not passed for 6W1F-pep3_l17_s541386_mpnn29, skipping interface scoring
Base AF2 filters not passed for 6W1F-pep3_l17_s541386_mpnn30, skipping interface scoring
Base AF2 filters not passed for 6W1F-pep3_l17_s541386_mpnn31, skipping interface scoring
Base AF2 filters not passed for 6W1F-pep3_l17_s541386_mpnn32, skipping interface scoring
Base AF2 filters not passed for 6W1F-pep3_l17_s541386_mpnn33, skipping interface scoring
Base AF2 filters not passed for 6W1F-pep3_l17_s541386_mpnn34, skipping interface scoring
Base AF2 filters not passed for 6W1F-pep3_l17_s541386_mpnn35, skipping interface scoring
Base AF2 filters not passed for 6W1F-pep3_l17_s541386_mpnn36, skipping interface scoring
Base AF2 filters not passed for 6W1F-pep3_l17_s541386_mpnn37, skipping interface scoring
Base AF2 filters not passed for 6W1F-pep3_l17_s541386_mpnn38, skipping interface scoring
Base AF2 filters not passed for 6W1F-pep3_l17_s541386_mpnn39, skipping interface scoring
Base AF2 filters not passed for 6W1F-pep3_l17_s541386_mpnn40, skipping interface scoring
Base AF2 filters not passed for 6W1F-pep3_l17_s541386_mpnn41, skipping interface scoring
Base AF2 filters not passed for 6W1F-pep3_l17_s541386_mpnn42, skipping interface scoring
Base AF2 filters not passed for 6W1F-pep3_l17_s541386_mpnn43, skipping interface scoring
No accepted MPNN designs found for this trajectory.

Design and validation of trajectory 6W1F-pep3_l17_s541386 took: 0 hours, 13 minutes, 13 seconds

Processing trajectory 6W1F-pep3_l15_s330866
Base AF2 filters not passed for 6W1F-pep3_l15_s330866_mpnn1, skipping interface scoring
Base AF2 filters not passed for 6W1F-pep3_l15_s330866_mpnn2, skipping interface scoring
Base AF2 filters not passed for 6W1F-pep3_l15_s330866_mpnn3, skipping interface scoring
Base AF2 filters not passed for 6W1F-pep3_l15_s330866_mpnn4, skipping interface scoring
Base AF2 filters not passed for 6W1F-pep3_l15_s330866_mpnn5, skipping interface scoring
Base AF2 filters not passed for 6W1F-pep3_l15_s330866_mpnn6, skipping interface scoring
Base AF2 filters not passed for 6W1F-pep3_l15_s330866_mpnn7, skipping interface scoring
Base AF2 filters not passed for 6W1F-pep3_l15_s330866_mpnn8, skipping interface scoring
Base AF2 filters not passed for 6W1F-pep3_l15_s330866_mpnn9, skipping interface scoring
Base AF2 filters not passed for 6W1F-pep3_l15_s330866_mpnn10, skipping interface scoring
Base AF2 filters not passed for 6W1F-pep3_l15_s330866_mpnn11, skipping interface scoring
Base AF2 filters not passed for 6W1F-pep3_l15_s330866_mpnn12, skipping interface scoring
Base AF2 filters not passed for 6W1F-pep3_l15_s330866_mpnn13, skipping interface scoring
Base AF2 filters not passed for 6W1F-pep3_l15_s330866_mpnn14, skipping interface scoring
Base AF2 filters not passed for 6W1F-pep3_l15_s330866_mpnn15, skipping interface scoring
Base AF2 filters not passed for 6W1F-pep3_l15_s330866_mpnn16, skipping interface scoring
Base AF2 filters not passed for 6W1F-pep3_l15_s330866_mpnn17, skipping interface scoring
Base AF2 filters not passed for 6W1F-pep3_l15_s330866_mpnn18, skipping interface scoring
Base AF2 filters not passed for 6W1F-pep3_l15_s330866_mpnn19, skipping interface scoring
Base AF2 filters not passed for 6W1F-pep3_l15_s330866_mpnn20, skipping interface scoring
Base AF2 filters not passed for 6W1F-pep3_l15_s330866_mpnn21, skipping interface scoring
Base AF2 filters not passed for 6W1F-pep3_l15_s330866_mpnn22, skipping interface scoring
Base AF2 filters not passed for 6W1F-pep3_l15_s330866_mpnn23, skipping interface scoring
Base AF2 filters not passed for 6W1F-pep3_l15_s330866_mpnn24, skipping interface scoring
Base AF2 filters not passed for 6W1F-pep3_l15_s330866_mpnn25, skipping interface scoring
Base AF2 filters not passed for 6W1F-pep3_l15_s330866_mpnn26, skipping interface scoring
Base AF2 filters not passed for 6W1F-pep3_l15_s330866_mpnn27, skipping interface scoring
Base AF2 filters not passed for 6W1F-pep3_l15_s330866_mpnn28, skipping interface scoring
Base AF2 filters not passed for 6W1F-pep3_l15_s330866_mpnn29, skipping interface scoring
Base AF2 filters not passed for 6W1F-pep3_l15_s330866_mpnn30, skipping interface scoring
Base AF2 filters not passed for 6W1F-pep3_l15_s330866_mpnn31, skipping interface scoring
Base AF2 filters not passed for 6W1F-pep3_l15_s330866_mpnn32, skipping interface scoring
Base AF2 filters not passed for 6W1F-pep3_l15_s330866_mpnn33, skipping interface scoring
Base AF2 filters not passed for 6W1F-pep3_l15_s330866_mpnn34, skipping interface scoring
Base AF2 filters not passed for 6W1F-pep3_l15_s330866_mpnn35, skipping interface scoring
Base AF2 filters not passed for 6W1F-pep3_l15_s330866_mpnn36, skipping interface scoring
Base AF2 filters not passed for 6W1F-pep3_l15_s330866_mpnn37, skipping interface scoring
Base AF2 filters not passed for 6W1F-pep3_l15_s330866_mpnn38, skipping interface scoring
Base AF2 filters not passed for 6W1F-pep3_l15_s330866_mpnn39, skipping interface scoring
Base AF2 filters not passed for 6W1F-pep3_l15_s330866_mpnn40, skipping interface scoring
Base AF2 filters not passed for 6W1F-pep3_l15_s330866_mpnn41, skipping interface scoring
Base AF2 filters not passed for 6W1F-pep3_l15_s330866_mpnn42, skipping interface scoring
Base AF2 filters not passed for 6W1F-pep3_l15_s330866_mpnn43, skipping interface scoring
Base AF2 filters not passed for 6W1F-pep3_l15_s330866_mpnn44, skipping interface scoring
Base AF2 filters not passed for 6W1F-pep3_l15_s330866_mpnn45, skipping interface scoring
Base AF2 filters not passed for 6W1F-pep3_l15_s330866_mpnn46, skipping interface scoring
Base AF2 filters not passed for 6W1F-pep3_l15_s330866_mpnn47, skipping interface scoring
No accepted MPNN designs found for this trajectory.

Design and validation of trajectory 6W1F-pep3_l15_s330866 took: 0 hours, 14 minutes, 8 seconds

Processing trajectory 6W1F-pep3_l16_s54723
Base AF2 filters not passed for 6W1F-pep3_l16_s54723_mpnn1, skipping interface scoring
Base AF2 filters not passed for 6W1F-pep3_l16_s54723_mpnn2, skipping interface scoring
Base AF2 filters not passed for 6W1F-pep3_l16_s54723_mpnn3, skipping interface scoring
Base AF2 filters not passed for 6W1F-pep3_l16_s54723_mpnn4, skipping interface scoring
Base AF2 filters not passed for 6W1F-pep3_l16_s54723_mpnn5, skipping interface scoring
Base AF2 filters not passed for 6W1F-pep3_l16_s54723_mpnn6, skipping interface scoring
Base AF2 filters not passed for 6W1F-pep3_l16_s54723_mpnn7, skipping interface scoring
Base AF2 filters not passed for 6W1F-pep3_l16_s54723_mpnn8, skipping interface scoring
Base AF2 filters not passed for 6W1F-pep3_l16_s54723_mpnn9, skipping interface scoring
Base AF2 filters not passed for 6W1F-pep3_l16_s54723_mpnn10, skipping interface scoring
Base AF2 filters not passed for 6W1F-pep3_l16_s54723_mpnn11, skipping interface scoring
Base AF2 filters not passed for 6W1F-pep3_l16_s54723_mpnn12, skipping interface scoring
Base AF2 filters not passed for 6W1F-pep3_l16_s54723_mpnn13, skipping interface scoring
Base AF2 filters not passed for 6W1F-pep3_l16_s54723_mpnn14, skipping interface scoring
6W1F-pep3_l16_s54723_mpnn15 passed all filters
Base AF2 filters not passed for 6W1F-pep3_l16_s54723_mpnn16, skipping interface scoring
Base AF2 filters not passed for 6W1F-pep3_l16_s54723_mpnn17, skipping interface scoring
6W1F-pep3_l16_s54723_mpnn18 passed all filters
Base AF2 filters not passed for 6W1F-pep3_l16_s54723_mpnn19, skipping interface scoring
Base AF2 filters not passed for 6W1F-pep3_l16_s54723_mpnn20, skipping interface scoring
Base AF2 filters not passed for 6W1F-pep3_l16_s54723_mpnn21, skipping interface scoring
Base AF2 filters not passed for 6W1F-pep3_l16_s54723_mpnn22, skipping interface scoring
Base AF2 filters not passed for 6W1F-pep3_l16_s54723_mpnn23, skipping interface scoring
Base AF2 filters not passed for 6W1F-pep3_l16_s54723_mpnn24, skipping interface scoring
Base AF2 filters not passed for 6W1F-pep3_l16_s54723_mpnn25, skipping interface scoring
Base AF2 filters not passed for 6W1F-pep3_l16_s54723_mpnn26, skipping interface scoring
Base AF2 filters not passed for 6W1F-pep3_l16_s54723_mpnn27, skipping interface scoring
Base AF2 filters not passed for 6W1F-pep3_l16_s54723_mpnn28, skipping interface scoring
Base AF2 filters not passed for 6W1F-pep3_l16_s54723_mpnn29, skipping interface scoring
Unmet filter conditions for 6W1F-pep3_l16_s54723_mpnn30
Base AF2 filters not passed for 6W1F-pep3_l16_s54723_mpnn31, skipping interface scoring
Base AF2 filters not passed for 6W1F-pep3_l16_s54723_mpnn32, skipping interface scoring
Base AF2 filters not passed for 6W1F-pep3_l16_s54723_mpnn33, skipping interface scoring
Base AF2 filters not passed for 6W1F-pep3_l16_s54723_mpnn34, skipping interface scoring
Unmet filter conditions for 6W1F-pep3_l16_s54723_mpnn35
Base AF2 filters not passed for 6W1F-pep3_l16_s54723_mpnn36, skipping interface scoring
6W1F-pep3_l16_s54723_mpnn37 passed all filters
Unmet filter conditions for 6W1F-pep3_l16_s54723_mpnn38
Base AF2 filters not passed for 6W1F-pep3_l16_s54723_mpnn39, skipping interface scoring
6W1F-pep3_l16_s54723_mpnn40 passed all filters
Base AF2 filters not passed for 6W1F-pep3_l16_s54723_mpnn41, skipping interface scoring
Base AF2 filters not passed for 6W1F-pep3_l16_s54723_mpnn42, skipping interface scoring
Base AF2 filters not passed for 6W1F-pep3_l16_s54723_mpnn43, skipping interface scoring
Base AF2 filters not passed for 6W1F-pep3_l16_s54723_mpnn44, skipping interface scoring
Base AF2 filters not passed for 6W1F-pep3_l16_s54723_mpnn45, skipping interface scoring
Base AF2 filters not passed for 6W1F-pep3_l16_s54723_mpnn46, skipping interface scoring
Unmet filter conditions for 6W1F-pep3_l16_s54723_mpnn47
Base AF2 filters not passed for 6W1F-pep3_l16_s54723_mpnn48, skipping interface scoring
Found 4 MPNN designs passing filters

Design and validation of trajectory 6W1F-pep3_l16_s54723 took: 1 hours, 4 minutes, 45 seconds

Processing trajectory 6W1F-pep3_l15_s742567
Base AF2 filters not passed for 6W1F-pep3_l15_s742567_mpnn1, skipping interface scoring
Base AF2 filters not passed for 6W1F-pep3_l15_s742567_mpnn2, skipping interface scoring
Base AF2 filters not passed for 6W1F-pep3_l15_s742567_mpnn3, skipping interface scoring
Base AF2 filters not passed for 6W1F-pep3_l15_s742567_mpnn4, skipping interface scoring
Base AF2 filters not passed for 6W1F-pep3_l15_s742567_mpnn5, skipping interface scoring
Base AF2 filters not passed for 6W1F-pep3_l15_s742567_mpnn6, skipping interface scoring
Base AF2 filters not passed for 6W1F-pep3_l15_s742567_mpnn7, skipping interface scoring
Base AF2 filters not passed for 6W1F-pep3_l15_s742567_mpnn8, skipping interface scoring
Base AF2 filters not passed for 6W1F-pep3_l15_s742567_mpnn9, skipping interface scoring
Base AF2 filters not passed for 6W1F-pep3_l15_s742567_mpnn10, skipping interface scoring
Base AF2 filters not passed for 6W1F-pep3_l15_s742567_mpnn11, skipping interface scoring
Base AF2 filters not passed for 6W1F-pep3_l15_s742567_mpnn12, skipping interface scoring
Base AF2 filters not passed for 6W1F-pep3_l15_s742567_mpnn13, skipping interface scoring
Base AF2 filters not passed for 6W1F-pep3_l15_s742567_mpnn14, skipping interface scoring
Base AF2 filters not passed for 6W1F-pep3_l15_s742567_mpnn15, skipping interface scoring
Base AF2 filters not passed for 6W1F-pep3_l15_s742567_mpnn16, skipping interface scoring
Base AF2 filters not passed for 6W1F-pep3_l15_s742567_mpnn17, skipping interface scoring
Base AF2 filters not passed for 6W1F-pep3_l15_s742567_mpnn18, skipping interface scoring
Base AF2 filters not passed for 6W1F-pep3_l15_s742567_mpnn19, skipping interface scoring
Base AF2 filters not passed for 6W1F-pep3_l15_s742567_mpnn20, skipping interface scoring
Base AF2 filters not passed for 6W1F-pep3_l15_s742567_mpnn21, skipping interface scoring
Base AF2 filters not passed for 6W1F-pep3_l15_s742567_mpnn22, skipping interface scoring
Base AF2 filters not passed for 6W1F-pep3_l15_s742567_mpnn23, skipping interface scoring
Base AF2 filters not passed for 6W1F-pep3_l15_s742567_mpnn24, skipping interface scoring
Base AF2 filters not passed for 6W1F-pep3_l15_s742567_mpnn25, skipping interface scoring
Base AF2 filters not passed for 6W1F-pep3_l15_s742567_mpnn26, skipping interface scoring
Base AF2 filters not passed for 6W1F-pep3_l15_s742567_mpnn27, skipping interface scoring
Base AF2 filters not passed for 6W1F-pep3_l15_s742567_mpnn28, skipping interface scoring
Base AF2 filters not passed for 6W1F-pep3_l15_s742567_mpnn29, skipping interface scoring
Base AF2 filters not passed for 6W1F-pep3_l15_s742567_mpnn30, skipping interface scoring
Base AF2 filters not passed for 6W1F-pep3_l15_s742567_mpnn31, skipping interface scoring
Base AF2 filters not passed for 6W1F-pep3_l15_s742567_mpnn32, skipping interface scoring
Base AF2 filters not passed for 6W1F-pep3_l15_s742567_mpnn33, skipping interface scoring
Base AF2 filters not passed for 6W1F-pep3_l15_s742567_mpnn34, skipping interface scoring
Base AF2 filters not passed for 6W1F-pep3_l15_s742567_mpnn35, skipping interface scoring
Base AF2 filters not passed for 6W1F-pep3_l15_s742567_mpnn36, skipping interface scoring
Base AF2 filters not passed for 6W1F-pep3_l15_s742567_mpnn37, skipping interface scoring
Base AF2 filters not passed for 6W1F-pep3_l15_s742567_mpnn38, skipping interface scoring
Base AF2 filters not passed for 6W1F-pep3_l15_s742567_mpnn39, skipping interface scoring
Base AF2 filters not passed for 6W1F-pep3_l15_s742567_mpnn40, skipping interface scoring
Base AF2 filters not passed for 6W1F-pep3_l15_s742567_mpnn41, skipping interface scoring
Base AF2 filters not passed for 6W1F-pep3_l15_s742567_mpnn42, skipping interface scoring
Base AF2 filters not passed for 6W1F-pep3_l15_s742567_mpnn43, skipping interface scoring
Base AF2 filters not passed for 6W1F-pep3_l15_s742567_mpnn44, skipping interface scoring
Base AF2 filters not passed for 6W1F-pep3_l15_s742567_mpnn45, skipping interface scoring
No accepted MPNN designs found for this trajectory.

Design and validation of trajectory 6W1F-pep3_l15_s742567 took: 0 hours, 14 minutes, 0 seconds

Processing trajectory 6W1F-pep3_l16_s63768
Base AF2 filters not passed for 6W1F-pep3_l16_s63768_mpnn1, skipping interface scoring
Base AF2 filters not passed for 6W1F-pep3_l16_s63768_mpnn2, skipping interface scoring
Base AF2 filters not passed for 6W1F-pep3_l16_s63768_mpnn3, skipping interface scoring
Base AF2 filters not passed for 6W1F-pep3_l16_s63768_mpnn4, skipping interface scoring
Base AF2 filters not passed for 6W1F-pep3_l16_s63768_mpnn5, skipping interface scoring
Base AF2 filters not passed for 6W1F-pep3_l16_s63768_mpnn6, skipping interface scoring
Base AF2 filters not passed for 6W1F-pep3_l16_s63768_mpnn7, skipping interface scoring
Base AF2 filters not passed for 6W1F-pep3_l16_s63768_mpnn8, skipping interface scoring
Base AF2 filters not passed for 6W1F-pep3_l16_s63768_mpnn9, skipping interface scoring
Base AF2 filters not passed for 6W1F-pep3_l16_s63768_mpnn10, skipping interface scoring
Base AF2 filters not passed for 6W1F-pep3_l16_s63768_mpnn11, skipping interface scoring
Base AF2 filters not passed for 6W1F-pep3_l16_s63768_mpnn12, skipping interface scoring
Base AF2 filters not passed for 6W1F-pep3_l16_s63768_mpnn13, skipping interface scoring
Base AF2 filters not passed for 6W1F-pep3_l16_s63768_mpnn14, skipping interface scoring
Base AF2 filters not passed for 6W1F-pep3_l16_s63768_mpnn15, skipping interface scoring
Base AF2 filters not passed for 6W1F-pep3_l16_s63768_mpnn16, skipping interface scoring
Base AF2 filters not passed for 6W1F-pep3_l16_s63768_mpnn17, skipping interface scoring
Base AF2 filters not passed for 6W1F-pep3_l16_s63768_mpnn18, skipping interface scoring
Base AF2 filters not passed for 6W1F-pep3_l16_s63768_mpnn19, skipping interface scoring
Base AF2 filters not passed for 6W1F-pep3_l16_s63768_mpnn20, skipping interface scoring
Base AF2 filters not passed for 6W1F-pep3_l16_s63768_mpnn21, skipping interface scoring
Base AF2 filters not passed for 6W1F-pep3_l16_s63768_mpnn22, skipping interface scoring
Base AF2 filters not passed for 6W1F-pep3_l16_s63768_mpnn23, skipping interface scoring
Base AF2 filters not passed for 6W1F-pep3_l16_s63768_mpnn24, skipping interface scoring
Base AF2 filters not passed for 6W1F-pep3_l16_s63768_mpnn25, skipping interface scoring
Base AF2 filters not passed for 6W1F-pep3_l16_s63768_mpnn26, skipping interface scoring
Base AF2 filters not passed for 6W1F-pep3_l16_s63768_mpnn27, skipping interface scoring
Base AF2 filters not passed for 6W1F-pep3_l16_s63768_mpnn28, skipping interface scoring
Base AF2 filters not passed for 6W1F-pep3_l16_s63768_mpnn29, skipping interface scoring
Base AF2 filters not passed for 6W1F-pep3_l16_s63768_mpnn30, skipping interface scoring
Base AF2 filters not passed for 6W1F-pep3_l16_s63768_mpnn31, skipping interface scoring
Base AF2 filters not passed for 6W1F-pep3_l16_s63768_mpnn32, skipping interface scoring
Base AF2 filters not passed for 6W1F-pep3_l16_s63768_mpnn33, skipping interface scoring
Base AF2 filters not passed for 6W1F-pep3_l16_s63768_mpnn34, skipping interface scoring
Base AF2 filters not passed for 6W1F-pep3_l16_s63768_mpnn35, skipping interface scoring
Base AF2 filters not passed for 6W1F-pep3_l16_s63768_mpnn36, skipping interface scoring
Base AF2 filters not passed for 6W1F-pep3_l16_s63768_mpnn37, skipping interface scoring
Base AF2 filters not passed for 6W1F-pep3_l16_s63768_mpnn38, skipping interface scoring
Base AF2 filters not passed for 6W1F-pep3_l16_s63768_mpnn39, skipping interface scoring
Base AF2 filters not passed for 6W1F-pep3_l16_s63768_mpnn40, skipping interface scoring
Base AF2 filters not passed for 6W1F-pep3_l16_s63768_mpnn41, skipping interface scoring
Base AF2 filters not passed for 6W1F-pep3_l16_s63768_mpnn42, skipping interface scoring
Base AF2 filters not passed for 6W1F-pep3_l16_s63768_mpnn43, skipping interface scoring
Base AF2 filters not passed for 6W1F-pep3_l16_s63768_mpnn44, skipping interface scoring
Base AF2 filters not passed for 6W1F-pep3_l16_s63768_mpnn45, skipping interface scoring
Base AF2 filters not passed for 6W1F-pep3_l16_s63768_mpnn46, skipping interface scoring
Base AF2 filters not passed for 6W1F-pep3_l16_s63768_mpnn47, skipping interface scoring
Base AF2 filters not passed for 6W1F-pep3_l16_s63768_mpnn48, skipping interface scoring
Base AF2 filters not passed for 6W1F-pep3_l16_s63768_mpnn49, skipping interface scoring
Base AF2 filters not passed for 6W1F-pep3_l16_s63768_mpnn50, skipping interface scoring
No accepted MPNN designs found for this trajectory.

Design and validation of trajectory 6W1F-pep3_l16_s63768 took: 0 hours, 14 minutes, 44 seconds

Processing trajectory 6W1F-pep3_l16_s923029
Base AF2 filters not passed for 6W1F-pep3_l16_s923029_mpnn1, skipping interface scoring
Base AF2 filters not passed for 6W1F-pep3_l16_s923029_mpnn2, skipping interface scoring
Base AF2 filters not passed for 6W1F-pep3_l16_s923029_mpnn3, skipping interface scoring
Base AF2 filters not passed for 6W1F-pep3_l16_s923029_mpnn4, skipping interface scoring
Base AF2 filters not passed for 6W1F-pep3_l16_s923029_mpnn5, skipping interface scoring
Base AF2 filters not passed for 6W1F-pep3_l16_s923029_mpnn6, skipping interface scoring
Base AF2 filters not passed for 6W1F-pep3_l16_s923029_mpnn7, skipping interface scoring
Base AF2 filters not passed for 6W1F-pep3_l16_s923029_mpnn8, skipping interface scoring
Base AF2 filters not passed for 6W1F-pep3_l16_s923029_mpnn9, skipping interface scoring
Base AF2 filters not passed for 6W1F-pep3_l16_s923029_mpnn10, skipping interface scoring
Base AF2 filters not passed for 6W1F-pep3_l16_s923029_mpnn11, skipping interface scoring
Base AF2 filters not passed for 6W1F-pep3_l16_s923029_mpnn12, skipping interface scoring
Base AF2 filters not passed for 6W1F-pep3_l16_s923029_mpnn13, skipping interface scoring
Base AF2 filters not passed for 6W1F-pep3_l16_s923029_mpnn14, skipping interface scoring
Unmet filter conditions for 6W1F-pep3_l16_s923029_mpnn15
Base AF2 filters not passed for 6W1F-pep3_l16_s923029_mpnn16, skipping interface scoring
Base AF2 filters not passed for 6W1F-pep3_l16_s923029_mpnn17, skipping interface scoring
Base AF2 filters not passed for 6W1F-pep3_l16_s923029_mpnn18, skipping interface scoring
Base AF2 filters not passed for 6W1F-pep3_l16_s923029_mpnn19, skipping interface scoring
Base AF2 filters not passed for 6W1F-pep3_l16_s923029_mpnn20, skipping interface scoring
Base AF2 filters not passed for 6W1F-pep3_l16_s923029_mpnn21, skipping interface scoring
Base AF2 filters not passed for 6W1F-pep3_l16_s923029_mpnn22, skipping interface scoring
Base AF2 filters not passed for 6W1F-pep3_l16_s923029_mpnn23, skipping interface scoring
Base AF2 filters not passed for 6W1F-pep3_l16_s923029_mpnn24, skipping interface scoring
Base AF2 filters not passed for 6W1F-pep3_l16_s923029_mpnn25, skipping interface scoring
Base AF2 filters not passed for 6W1F-pep3_l16_s923029_mpnn26, skipping interface scoring
Base AF2 filters not passed for 6W1F-pep3_l16_s923029_mpnn27, skipping interface scoring
6W1F-pep3_l16_s923029_mpnn28 passed all filters
Base AF2 filters not passed for 6W1F-pep3_l16_s923029_mpnn29, skipping interface scoring
Base AF2 filters not passed for 6W1F-pep3_l16_s923029_mpnn30, skipping interface scoring
Base AF2 filters not passed for 6W1F-pep3_l16_s923029_mpnn31, skipping interface scoring
Base AF2 filters not passed for 6W1F-pep3_l16_s923029_mpnn32, skipping interface scoring
Base AF2 filters not passed for 6W1F-pep3_l16_s923029_mpnn33, skipping interface scoring
Base AF2 filters not passed for 6W1F-pep3_l16_s923029_mpnn34, skipping interface scoring
Base AF2 filters not passed for 6W1F-pep3_l16_s923029_mpnn35, skipping interface scoring
Base AF2 filters not passed for 6W1F-pep3_l16_s923029_mpnn36, skipping interface scoring
Found 1 MPNN designs passing filters

Design and validation of trajectory 6W1F-pep3_l16_s923029 took: 0 hours, 25 minutes, 2 seconds

Processing trajectory 6W1F-pep3_l15_s722492
Base AF2 filters not passed for 6W1F-pep3_l15_s722492_mpnn1, skipping interface scoring
Base AF2 filters not passed for 6W1F-pep3_l15_s722492_mpnn2, skipping interface scoring
Base AF2 filters not passed for 6W1F-pep3_l15_s722492_mpnn3, skipping interface scoring
Base AF2 filters not passed for 6W1F-pep3_l15_s722492_mpnn4, skipping interface scoring
Base AF2 filters not passed for 6W1F-pep3_l15_s722492_mpnn5, skipping interface scoring
Base AF2 filters not passed for 6W1F-pep3_l15_s722492_mpnn6, skipping interface scoring
Base AF2 filters not passed for 6W1F-pep3_l15_s722492_mpnn7, skipping interface scoring
Base AF2 filters not passed for 6W1F-pep3_l15_s722492_mpnn8, skipping interface scoring
Base AF2 filters not passed for 6W1F-pep3_l15_s722492_mpnn9, skipping interface scoring
Base AF2 filters not passed for 6W1F-pep3_l15_s722492_mpnn10, skipping interface scoring
Base AF2 filters not passed for 6W1F-pep3_l15_s722492_mpnn11, skipping interface scoring
Base AF2 filters not passed for 6W1F-pep3_l15_s722492_mpnn12, skipping interface scoring
Base AF2 filters not passed for 6W1F-pep3_l15_s722492_mpnn13, skipping interface scoring
Base AF2 filters not passed for 6W1F-pep3_l15_s722492_mpnn14, skipping interface scoring
Base AF2 filters not passed for 6W1F-pep3_l15_s722492_mpnn15, skipping interface scoring
Base AF2 filters not passed for 6W1F-pep3_l15_s722492_mpnn16, skipping interface scoring
Base AF2 filters not passed for 6W1F-pep3_l15_s722492_mpnn17, skipping interface scoring
Base AF2 filters not passed for 6W1F-pep3_l15_s722492_mpnn18, skipping interface scoring
Base AF2 filters not passed for 6W1F-pep3_l15_s722492_mpnn19, skipping interface scoring
Base AF2 filters not passed for 6W1F-pep3_l15_s722492_mpnn20, skipping interface scoring
Base AF2 filters not passed for 6W1F-pep3_l15_s722492_mpnn21, skipping interface scoring
Base AF2 filters not passed for 6W1F-pep3_l15_s722492_mpnn22, skipping interface scoring
Base AF2 filters not passed for 6W1F-pep3_l15_s722492_mpnn23, skipping interface scoring
Base AF2 filters not passed for 6W1F-pep3_l15_s722492_mpnn24, skipping interface scoring
Base AF2 filters not passed for 6W1F-pep3_l15_s722492_mpnn25, skipping interface scoring
Base AF2 filters not passed for 6W1F-pep3_l15_s722492_mpnn26, skipping interface scoring
No accepted MPNN designs found for this trajectory.

Design and validation of trajectory 6W1F-pep3_l15_s722492 took: 0 hours, 8 minutes, 24 seconds

Processing trajectory 6W1F-pep3_l17_s48474
Base AF2 filters not passed for 6W1F-pep3_l17_s48474_mpnn1, skipping interface scoring
Base AF2 filters not passed for 6W1F-pep3_l17_s48474_mpnn2, skipping interface scoring
Base AF2 filters not passed for 6W1F-pep3_l17_s48474_mpnn3, skipping interface scoring
Base AF2 filters not passed for 6W1F-pep3_l17_s48474_mpnn4, skipping interface scoring
Base AF2 filters not passed for 6W1F-pep3_l17_s48474_mpnn5, skipping interface scoring
Unmet filter conditions for 6W1F-pep3_l17_s48474_mpnn6
Base AF2 filters not passed for 6W1F-pep3_l17_s48474_mpnn7, skipping interface scoring
Unmet filter conditions for 6W1F-pep3_l17_s48474_mpnn8
Base AF2 filters not passed for 6W1F-pep3_l17_s48474_mpnn9, skipping interface scoring
Unmet filter conditions for 6W1F-pep3_l17_s48474_mpnn10
Base AF2 filters not passed for 6W1F-pep3_l17_s48474_mpnn11, skipping interface scoring
Base AF2 filters not passed for 6W1F-pep3_l17_s48474_mpnn12, skipping interface scoring
Base AF2 filters not passed for 6W1F-pep3_l17_s48474_mpnn13, skipping interface scoring
Base AF2 filters not passed for 6W1F-pep3_l17_s48474_mpnn14, skipping interface scoring
Unmet filter conditions for 6W1F-pep3_l17_s48474_mpnn15
Base AF2 filters not passed for 6W1F-pep3_l17_s48474_mpnn16, skipping interface scoring
Base AF2 filters not passed for 6W1F-pep3_l17_s48474_mpnn17, skipping interface scoring
Unmet filter conditions for 6W1F-pep3_l17_s48474_mpnn18
Base AF2 filters not passed for 6W1F-pep3_l17_s48474_mpnn19, skipping interface scoring
Unmet filter conditions for 6W1F-pep3_l17_s48474_mpnn20
Base AF2 filters not passed for 6W1F-pep3_l17_s48474_mpnn21, skipping interface scoring
Base AF2 filters not passed for 6W1F-pep3_l17_s48474_mpnn22, skipping interface scoring
Unmet filter conditions for 6W1F-pep3_l17_s48474_mpnn23
Base AF2 filters not passed for 6W1F-pep3_l17_s48474_mpnn24, skipping interface scoring
Base AF2 filters not passed for 6W1F-pep3_l17_s48474_mpnn25, skipping interface scoring
Base AF2 filters not passed for 6W1F-pep3_l17_s48474_mpnn26, skipping interface scoring
Base AF2 filters not passed for 6W1F-pep3_l17_s48474_mpnn27, skipping interface scoring
Base AF2 filters not passed for 6W1F-pep3_l17_s48474_mpnn28, skipping interface scoring
Unmet filter conditions for 6W1F-pep3_l17_s48474_mpnn29
Base AF2 filters not passed for 6W1F-pep3_l17_s48474_mpnn30, skipping interface scoring
Base AF2 filters not passed for 6W1F-pep3_l17_s48474_mpnn31, skipping interface scoring
Unmet filter conditions for 6W1F-pep3_l17_s48474_mpnn32
Base AF2 filters not passed for 6W1F-pep3_l17_s48474_mpnn33, skipping interface scoring
Base AF2 filters not passed for 6W1F-pep3_l17_s48474_mpnn34, skipping interface scoring
Base AF2 filters not passed for 6W1F-pep3_l17_s48474_mpnn35, skipping interface scoring
Base AF2 filters not passed for 6W1F-pep3_l17_s48474_mpnn36, skipping interface scoring
Unmet filter conditions for 6W1F-pep3_l17_s48474_mpnn37
Base AF2 filters not passed for 6W1F-pep3_l17_s48474_mpnn38, skipping interface scoring
Base AF2 filters not passed for 6W1F-pep3_l17_s48474_mpnn39, skipping interface scoring
Unmet filter conditions for 6W1F-pep3_l17_s48474_mpnn40
Unmet filter conditions for 6W1F-pep3_l17_s48474_mpnn41
Unmet filter conditions for 6W1F-pep3_l17_s48474_mpnn42
Base AF2 filters not passed for 6W1F-pep3_l17_s48474_mpnn43, skipping interface scoring
No accepted MPNN designs found for this trajectory.

Design and validation of trajectory 6W1F-pep3_l17_s48474 took: 1 hours, 37 minutes, 48 seconds

Processing trajectory 6W1F-pep3_l15_s999824
Base AF2 filters not passed for 6W1F-pep3_l15_s999824_mpnn1, skipping interface scoring
Base AF2 filters not passed for 6W1F-pep3_l15_s999824_mpnn2, skipping interface scoring
Base AF2 filters not passed for 6W1F-pep3_l15_s999824_mpnn3, skipping interface scoring
Base AF2 filters not passed for 6W1F-pep3_l15_s999824_mpnn4, skipping interface scoring
Base AF2 filters not passed for 6W1F-pep3_l15_s999824_mpnn5, skipping interface scoring
Base AF2 filters not passed for 6W1F-pep3_l15_s999824_mpnn6, skipping interface scoring
Base AF2 filters not passed for 6W1F-pep3_l15_s999824_mpnn7, skipping interface scoring
Base AF2 filters not passed for 6W1F-pep3_l15_s999824_mpnn8, skipping interface scoring
Base AF2 filters not passed for 6W1F-pep3_l15_s999824_mpnn9, skipping interface scoring
Base AF2 filters not passed for 6W1F-pep3_l15_s999824_mpnn10, skipping interface scoring
Base AF2 filters not passed for 6W1F-pep3_l15_s999824_mpnn11, skipping interface scoring
Base AF2 filters not passed for 6W1F-pep3_l15_s999824_mpnn12, skipping interface scoring
Base AF2 filters not passed for 6W1F-pep3_l15_s999824_mpnn13, skipping interface scoring
Base AF2 filters not passed for 6W1F-pep3_l15_s999824_mpnn14, skipping interface scoring
Base AF2 filters not passed for 6W1F-pep3_l15_s999824_mpnn15, skipping interface scoring
Base AF2 filters not passed for 6W1F-pep3_l15_s999824_mpnn16, skipping interface scoring
Base AF2 filters not passed for 6W1F-pep3_l15_s999824_mpnn17, skipping interface scoring
Base AF2 filters not passed for 6W1F-pep3_l15_s999824_mpnn18, skipping interface scoring
Base AF2 filters not passed for 6W1F-pep3_l15_s999824_mpnn19, skipping interface scoring
Base AF2 filters not passed for 6W1F-pep3_l15_s999824_mpnn20, skipping interface scoring
Base AF2 filters not passed for 6W1F-pep3_l15_s999824_mpnn21, skipping interface scoring
Base AF2 filters not passed for 6W1F-pep3_l15_s999824_mpnn22, skipping interface scoring
Base AF2 filters not passed for 6W1F-pep3_l15_s999824_mpnn23, skipping interface scoring
Base AF2 filters not passed for 6W1F-pep3_l15_s999824_mpnn24, skipping interface scoring
Base AF2 filters not passed for 6W1F-pep3_l15_s999824_mpnn25, skipping interface scoring
Base AF2 filters not passed for 6W1F-pep3_l15_s999824_mpnn26, skipping interface scoring
Base AF2 filters not passed for 6W1F-pep3_l15_s999824_mpnn27, skipping interface scoring
Base AF2 filters not passed for 6W1F-pep3_l15_s999824_mpnn28, skipping interface scoring
Base AF2 filters not passed for 6W1F-pep3_l15_s999824_mpnn29, skipping interface scoring
No accepted MPNN designs found for this trajectory.

Design and validation of trajectory 6W1F-pep3_l15_s999824 took: 0 hours, 9 minutes, 19 seconds

Processing trajectory 6W1F-pep3_l16_s239293
Base AF2 filters not passed for 6W1F-pep3_l16_s239293_mpnn1, skipping interface scoring
Base AF2 filters not passed for 6W1F-pep3_l16_s239293_mpnn2, skipping interface scoring
Base AF2 filters not passed for 6W1F-pep3_l16_s239293_mpnn3, skipping interface scoring
Base AF2 filters not passed for 6W1F-pep3_l16_s239293_mpnn4, skipping interface scoring
Base AF2 filters not passed for 6W1F-pep3_l16_s239293_mpnn5, skipping interface scoring
Base AF2 filters not passed for 6W1F-pep3_l16_s239293_mpnn6, skipping interface scoring
Base AF2 filters not passed for 6W1F-pep3_l16_s239293_mpnn7, skipping interface scoring
Base AF2 filters not passed for 6W1F-pep3_l16_s239293_mpnn8, skipping interface scoring
Base AF2 filters not passed for 6W1F-pep3_l16_s239293_mpnn9, skipping interface scoring
Base AF2 filters not passed for 6W1F-pep3_l16_s239293_mpnn10, skipping interface scoring
Base AF2 filters not passed for 6W1F-pep3_l16_s239293_mpnn11, skipping interface scoring
Base AF2 filters not passed for 6W1F-pep3_l16_s239293_mpnn12, skipping interface scoring
Base AF2 filters not passed for 6W1F-pep3_l16_s239293_mpnn13, skipping interface scoring
Base AF2 filters not passed for 6W1F-pep3_l16_s239293_mpnn14, skipping interface scoring
Base AF2 filters not passed for 6W1F-pep3_l16_s239293_mpnn15, skipping interface scoring
Base AF2 filters not passed for 6W1F-pep3_l16_s239293_mpnn16, skipping interface scoring
Base AF2 filters not passed for 6W1F-pep3_l16_s239293_mpnn17, skipping interface scoring
Base AF2 filters not passed for 6W1F-pep3_l16_s239293_mpnn18, skipping interface scoring
Base AF2 filters not passed for 6W1F-pep3_l16_s239293_mpnn19, skipping interface scoring
Base AF2 filters not passed for 6W1F-pep3_l16_s239293_mpnn20, skipping interface scoring
Base AF2 filters not passed for 6W1F-pep3_l16_s239293_mpnn21, skipping interface scoring
Base AF2 filters not passed for 6W1F-pep3_l16_s239293_mpnn22, skipping interface scoring
Base AF2 filters not passed for 6W1F-pep3_l16_s239293_mpnn23, skipping interface scoring
Base AF2 filters not passed for 6W1F-pep3_l16_s239293_mpnn24, skipping interface scoring
Base AF2 filters not passed for 6W1F-pep3_l16_s239293_mpnn25, skipping interface scoring
Base AF2 filters not passed for 6W1F-pep3_l16_s239293_mpnn26, skipping interface scoring
Base AF2 filters not passed for 6W1F-pep3_l16_s239293_mpnn27, skipping interface scoring
Base AF2 filters not passed for 6W1F-pep3_l16_s239293_mpnn28, skipping interface scoring
Base AF2 filters not passed for 6W1F-pep3_l16_s239293_mpnn29, skipping interface scoring
Base AF2 filters not passed for 6W1F-pep3_l16_s239293_mpnn30, skipping interface scoring
Base AF2 filters not passed for 6W1F-pep3_l16_s239293_mpnn31, skipping interface scoring
Base AF2 filters not passed for 6W1F-pep3_l16_s239293_mpnn32, skipping interface scoring
Base AF2 filters not passed for 6W1F-pep3_l16_s239293_mpnn33, skipping interface scoring
Base AF2 filters not passed for 6W1F-pep3_l16_s239293_mpnn34, skipping interface scoring
Base AF2 filters not passed for 6W1F-pep3_l16_s239293_mpnn35, skipping interface scoring
Base AF2 filters not passed for 6W1F-pep3_l16_s239293_mpnn36, skipping interface scoring
Base AF2 filters not passed for 6W1F-pep3_l16_s239293_mpnn37, skipping interface scoring
Base AF2 filters not passed for 6W1F-pep3_l16_s239293_mpnn38, skipping interface scoring
Base AF2 filters not passed for 6W1F-pep3_l16_s239293_mpnn39, skipping interface scoring
Base AF2 filters not passed for 6W1F-pep3_l16_s239293_mpnn40, skipping interface scoring
Base AF2 filters not passed for 6W1F-pep3_l16_s239293_mpnn41, skipping interface scoring
Base AF2 filters not passed for 6W1F-pep3_l16_s239293_mpnn42, skipping interface scoring
Base AF2 filters not passed for 6W1F-pep3_l16_s239293_mpnn43, skipping interface scoring
Base AF2 filters not passed for 6W1F-pep3_l16_s239293_mpnn44, skipping interface scoring
Base AF2 filters not passed for 6W1F-pep3_l16_s239293_mpnn45, skipping interface scoring
Unmet filter conditions for 6W1F-pep3_l16_s239293_mpnn46
Base AF2 filters not passed for 6W1F-pep3_l16_s239293_mpnn47, skipping interface scoring
Base AF2 filters not passed for 6W1F-pep3_l16_s239293_mpnn48, skipping interface scoring
No accepted MPNN designs found for this trajectory.

Design and validation of trajectory 6W1F-pep3_l16_s239293 took: 0 hours, 22 minutes, 8 seconds

Processing trajectory 6W1F-pep3_l17_s542733
Unmet filter conditions for 6W1F-pep3_l17_s542733_mpnn1
Base AF2 filters not passed for 6W1F-pep3_l17_s542733_mpnn2, skipping interface scoring
Unmet filter conditions for 6W1F-pep3_l17_s542733_mpnn3
Unmet filter conditions for 6W1F-pep3_l17_s542733_mpnn4
Unmet filter conditions for 6W1F-pep3_l17_s542733_mpnn5
Base AF2 filters not passed for 6W1F-pep3_l17_s542733_mpnn6, skipping interface scoring
Base AF2 filters not passed for 6W1F-pep3_l17_s542733_mpnn7, skipping interface scoring
Base AF2 filters not passed for 6W1F-pep3_l17_s542733_mpnn8, skipping interface scoring
Base AF2 filters not passed for 6W1F-pep3_l17_s542733_mpnn9, skipping interface scoring
Unmet filter conditions for 6W1F-pep3_l17_s542733_mpnn10
Base AF2 filters not passed for 6W1F-pep3_l17_s542733_mpnn11, skipping interface scoring
Unmet filter conditions for 6W1F-pep3_l17_s542733_mpnn12
Unmet filter conditions for 6W1F-pep3_l17_s542733_mpnn13
Unmet filter conditions for 6W1F-pep3_l17_s542733_mpnn14
Unmet filter conditions for 6W1F-pep3_l17_s542733_mpnn15
Unmet filter conditions for 6W1F-pep3_l17_s542733_mpnn16
Base AF2 filters not passed for 6W1F-pep3_l17_s542733_mpnn17, skipping interface scoring
Base AF2 filters not passed for 6W1F-pep3_l17_s542733_mpnn18, skipping interface scoring
Unmet filter conditions for 6W1F-pep3_l17_s542733_mpnn19
Base AF2 filters not passed for 6W1F-pep3_l17_s542733_mpnn20, skipping interface scoring
Base AF2 filters not passed for 6W1F-pep3_l17_s542733_mpnn21, skipping interface scoring
Base AF2 filters not passed for 6W1F-pep3_l17_s542733_mpnn22, skipping interface scoring
Base AF2 filters not passed for 6W1F-pep3_l17_s542733_mpnn23, skipping interface scoring
Base AF2 filters not passed for 6W1F-pep3_l17_s542733_mpnn24, skipping interface scoring
Base AF2 filters not passed for 6W1F-pep3_l17_s542733_mpnn25, skipping interface scoring
Base AF2 filters not passed for 6W1F-pep3_l17_s542733_mpnn26, skipping interface scoring
Unmet filter conditions for 6W1F-pep3_l17_s542733_mpnn27
Base AF2 filters not passed for 6W1F-pep3_l17_s542733_mpnn28, skipping interface scoring
Base AF2 filters not passed for 6W1F-pep3_l17_s542733_mpnn29, skipping interface scoring
Base AF2 filters not passed for 6W1F-pep3_l17_s542733_mpnn30, skipping interface scoring
Base AF2 filters not passed for 6W1F-pep3_l17_s542733_mpnn31, skipping interface scoring
Base AF2 filters not passed for 6W1F-pep3_l17_s542733_mpnn32, skipping interface scoring
Base AF2 filters not passed for 6W1F-pep3_l17_s542733_mpnn33, skipping interface scoring
No accepted MPNN designs found for this trajectory.

Design and validation of trajectory 6W1F-pep3_l17_s542733 took: 1 hours, 25 minutes, 28 seconds

Processing trajectory 6W1F-pep3_l17_s10665
Base AF2 filters not passed for 6W1F-pep3_l17_s10665_mpnn1, skipping interface scoring
Base AF2 filters not passed for 6W1F-pep3_l17_s10665_mpnn2, skipping interface scoring
Base AF2 filters not passed for 6W1F-pep3_l17_s10665_mpnn3, skipping interface scoring
Base AF2 filters not passed for 6W1F-pep3_l17_s10665_mpnn4, skipping interface scoring
Base AF2 filters not passed for 6W1F-pep3_l17_s10665_mpnn5, skipping interface scoring
Base AF2 filters not passed for 6W1F-pep3_l17_s10665_mpnn6, skipping interface scoring
Base AF2 filters not passed for 6W1F-pep3_l17_s10665_mpnn7, skipping interface scoring
Base AF2 filters not passed for 6W1F-pep3_l17_s10665_mpnn8, skipping interface scoring
Base AF2 filters not passed for 6W1F-pep3_l17_s10665_mpnn9, skipping interface scoring
Base AF2 filters not passed for 6W1F-pep3_l17_s10665_mpnn10, skipping interface scoring
Base AF2 filters not passed for 6W1F-pep3_l17_s10665_mpnn11, skipping interface scoring
Base AF2 filters not passed for 6W1F-pep3_l17_s10665_mpnn12, skipping interface scoring
Base AF2 filters not passed for 6W1F-pep3_l17_s10665_mpnn13, skipping interface scoring
Base AF2 filters not passed for 6W1F-pep3_l17_s10665_mpnn14, skipping interface scoring
Base AF2 filters not passed for 6W1F-pep3_l17_s10665_mpnn15, skipping interface scoring
Base AF2 filters not passed for 6W1F-pep3_l17_s10665_mpnn16, skipping interface scoring
Base AF2 filters not passed for 6W1F-pep3_l17_s10665_mpnn17, skipping interface scoring
Base AF2 filters not passed for 6W1F-pep3_l17_s10665_mpnn18, skipping interface scoring
Base AF2 filters not passed for 6W1F-pep3_l17_s10665_mpnn19, skipping interface scoring
Base AF2 filters not passed for 6W1F-pep3_l17_s10665_mpnn20, skipping interface scoring
Base AF2 filters not passed for 6W1F-pep3_l17_s10665_mpnn21, skipping interface scoring
Base AF2 filters not passed for 6W1F-pep3_l17_s10665_mpnn22, skipping interface scoring
Base AF2 filters not passed for 6W1F-pep3_l17_s10665_mpnn23, skipping interface scoring
Base AF2 filters not passed for 6W1F-pep3_l17_s10665_mpnn24, skipping interface scoring
Base AF2 filters not passed for 6W1F-pep3_l17_s10665_mpnn25, skipping interface scoring
Base AF2 filters not passed for 6W1F-pep3_l17_s10665_mpnn26, skipping interface scoring
Base AF2 filters not passed for 6W1F-pep3_l17_s10665_mpnn27, skipping interface scoring
Base AF2 filters not passed for 6W1F-pep3_l17_s10665_mpnn28, skipping interface scoring
Base AF2 filters not passed for 6W1F-pep3_l17_s10665_mpnn29, skipping interface scoring
Base AF2 filters not passed for 6W1F-pep3_l17_s10665_mpnn30, skipping interface scoring
Base AF2 filters not passed for 6W1F-pep3_l17_s10665_mpnn31, skipping interface scoring
Base AF2 filters not passed for 6W1F-pep3_l17_s10665_mpnn32, skipping interface scoring
Base AF2 filters not passed for 6W1F-pep3_l17_s10665_mpnn33, skipping interface scoring
Base AF2 filters not passed for 6W1F-pep3_l17_s10665_mpnn34, skipping interface scoring
Base AF2 filters not passed for 6W1F-pep3_l17_s10665_mpnn35, skipping interface scoring
Base AF2 filters not passed for 6W1F-pep3_l17_s10665_mpnn36, skipping interface scoring
Base AF2 filters not passed for 6W1F-pep3_l17_s10665_mpnn37, skipping interface scoring
Base AF2 filters not passed for 6W1F-pep3_l17_s10665_mpnn38, skipping interface scoring
Base AF2 filters not passed for 6W1F-pep3_l17_s10665_mpnn39, skipping interface scoring
Base AF2 filters not passed for 6W1F-pep3_l17_s10665_mpnn40, skipping interface scoring
Base AF2 filters not passed for 6W1F-pep3_l17_s10665_mpnn41, skipping interface scoring
Base AF2 filters not passed for 6W1F-pep3_l17_s10665_mpnn42, skipping interface scoring
Base AF2 filters not passed for 6W1F-pep3_l17_s10665_mpnn43, skipping interface scoring
Base AF2 filters not passed for 6W1F-pep3_l17_s10665_mpnn44, skipping interface scoring
Base AF2 filters not passed for 6W1F-pep3_l17_s10665_mpnn45, skipping interface scoring
Base AF2 filters not passed for 6W1F-pep3_l17_s10665_mpnn46, skipping interface scoring
Base AF2 filters not passed for 6W1F-pep3_l17_s10665_mpnn47, skipping interface scoring
Base AF2 filters not passed for 6W1F-pep3_l17_s10665_mpnn48, skipping interface scoring
No accepted MPNN designs found for this trajectory.

Design and validation of trajectory 6W1F-pep3_l17_s10665 took: 0 hours, 15 minutes, 11 seconds

Processing trajectory 6W1F-pep3_l16_s252850
Base AF2 filters not passed for 6W1F-pep3_l16_s252850_mpnn1, skipping interface scoring
Base AF2 filters not passed for 6W1F-pep3_l16_s252850_mpnn2, skipping interface scoring
Base AF2 filters not passed for 6W1F-pep3_l16_s252850_mpnn3, skipping interface scoring
Base AF2 filters not passed for 6W1F-pep3_l16_s252850_mpnn4, skipping interface scoring
Base AF2 filters not passed for 6W1F-pep3_l16_s252850_mpnn5, skipping interface scoring
Base AF2 filters not passed for 6W1F-pep3_l16_s252850_mpnn6, skipping interface scoring
Base AF2 filters not passed for 6W1F-pep3_l16_s252850_mpnn7, skipping interface scoring
Base AF2 filters not passed for 6W1F-pep3_l16_s252850_mpnn8, skipping interface scoring
Base AF2 filters not passed for 6W1F-pep3_l16_s252850_mpnn9, skipping interface scoring
Base AF2 filters not passed for 6W1F-pep3_l16_s252850_mpnn10, skipping interface scoring
Base AF2 filters not passed for 6W1F-pep3_l16_s252850_mpnn11, skipping interface scoring
Base AF2 filters not passed for 6W1F-pep3_l16_s252850_mpnn12, skipping interface scoring
Base AF2 filters not passed for 6W1F-pep3_l16_s252850_mpnn13, skipping interface scoring
Base AF2 filters not passed for 6W1F-pep3_l16_s252850_mpnn14, skipping interface scoring
Base AF2 filters not passed for 6W1F-pep3_l16_s252850_mpnn15, skipping interface scoring
Base AF2 filters not passed for 6W1F-pep3_l16_s252850_mpnn16, skipping interface scoring
Base AF2 filters not passed for 6W1F-pep3_l16_s252850_mpnn17, skipping interface scoring
Base AF2 filters not passed for 6W1F-pep3_l16_s252850_mpnn18, skipping interface scoring
Base AF2 filters not passed for 6W1F-pep3_l16_s252850_mpnn19, skipping interface scoring
Base AF2 filters not passed for 6W1F-pep3_l16_s252850_mpnn20, skipping interface scoring
Base AF2 filters not passed for 6W1F-pep3_l16_s252850_mpnn21, skipping interface scoring
Base AF2 filters not passed for 6W1F-pep3_l16_s252850_mpnn22, skipping interface scoring
Base AF2 filters not passed for 6W1F-pep3_l16_s252850_mpnn23, skipping interface scoring
Base AF2 filters not passed for 6W1F-pep3_l16_s252850_mpnn24, skipping interface scoring
Base AF2 filters not passed for 6W1F-pep3_l16_s252850_mpnn25, skipping interface scoring
Base AF2 filters not passed for 6W1F-pep3_l16_s252850_mpnn26, skipping interface scoring
Base AF2 filters not passed for 6W1F-pep3_l16_s252850_mpnn27, skipping interface scoring
Base AF2 filters not passed for 6W1F-pep3_l16_s252850_mpnn28, skipping interface scoring
Base AF2 filters not passed for 6W1F-pep3_l16_s252850_mpnn29, skipping interface scoring
Base AF2 filters not passed for 6W1F-pep3_l16_s252850_mpnn30, skipping interface scoring
Base AF2 filters not passed for 6W1F-pep3_l16_s252850_mpnn31, skipping interface scoring
Base AF2 filters not passed for 6W1F-pep3_l16_s252850_mpnn32, skipping interface scoring
Base AF2 filters not passed for 6W1F-pep3_l16_s252850_mpnn33, skipping interface scoring
Base AF2 filters not passed for 6W1F-pep3_l16_s252850_mpnn34, skipping interface scoring
Base AF2 filters not passed for 6W1F-pep3_l16_s252850_mpnn35, skipping interface scoring
Base AF2 filters not passed for 6W1F-pep3_l16_s252850_mpnn36, skipping interface scoring
Base AF2 filters not passed for 6W1F-pep3_l16_s252850_mpnn37, skipping interface scoring
Base AF2 filters not passed for 6W1F-pep3_l16_s252850_mpnn38, skipping interface scoring
Base AF2 filters not passed for 6W1F-pep3_l16_s252850_mpnn39, skipping interface scoring
Base AF2 filters not passed for 6W1F-pep3_l16_s252850_mpnn40, skipping interface scoring
Base AF2 filters not passed for 6W1F-pep3_l16_s252850_mpnn41, skipping interface scoring
Base AF2 filters not passed for 6W1F-pep3_l16_s252850_mpnn42, skipping interface scoring
Base AF2 filters not passed for 6W1F-pep3_l16_s252850_mpnn43, skipping interface scoring
Base AF2 filters not passed for 6W1F-pep3_l16_s252850_mpnn44, skipping interface scoring
Base AF2 filters not passed for 6W1F-pep3_l16_s252850_mpnn45, skipping interface scoring
Base AF2 filters not passed for 6W1F-pep3_l16_s252850_mpnn46, skipping interface scoring
Base AF2 filters not passed for 6W1F-pep3_l16_s252850_mpnn47, skipping interface scoring
Base AF2 filters not passed for 6W1F-pep3_l16_s252850_mpnn48, skipping interface scoring
Base AF2 filters not passed for 6W1F-pep3_l16_s252850_mpnn49, skipping interface scoring
No accepted MPNN designs found for this trajectory.

Design and validation of trajectory 6W1F-pep3_l16_s252850 took: 0 hours, 14 minutes, 28 seconds

Processing trajectory 6W1F-pep3_l15_s605333
Base AF2 filters not passed for 6W1F-pep3_l15_s605333_mpnn1, skipping interface scoring
Base AF2 filters not passed for 6W1F-pep3_l15_s605333_mpnn2, skipping interface scoring
Base AF2 filters not passed for 6W1F-pep3_l15_s605333_mpnn3, skipping interface scoring
Base AF2 filters not passed for 6W1F-pep3_l15_s605333_mpnn4, skipping interface scoring
Base AF2 filters not passed for 6W1F-pep3_l15_s605333_mpnn5, skipping interface scoring
Base AF2 filters not passed for 6W1F-pep3_l15_s605333_mpnn6, skipping interface scoring
Base AF2 filters not passed for 6W1F-pep3_l15_s605333_mpnn7, skipping interface scoring
Base AF2 filters not passed for 6W1F-pep3_l15_s605333_mpnn8, skipping interface scoring
Base AF2 filters not passed for 6W1F-pep3_l15_s605333_mpnn9, skipping interface scoring
Base AF2 filters not passed for 6W1F-pep3_l15_s605333_mpnn10, skipping interface scoring
Base AF2 filters not passed for 6W1F-pep3_l15_s605333_mpnn11, skipping interface scoring
Base AF2 filters not passed for 6W1F-pep3_l15_s605333_mpnn12, skipping interface scoring
Base AF2 filters not passed for 6W1F-pep3_l15_s605333_mpnn13, skipping interface scoring
Base AF2 filters not passed for 6W1F-pep3_l15_s605333_mpnn14, skipping interface scoring
Base AF2 filters not passed for 6W1F-pep3_l15_s605333_mpnn15, skipping interface scoring
Base AF2 filters not passed for 6W1F-pep3_l15_s605333_mpnn16, skipping interface scoring
Base AF2 filters not passed for 6W1F-pep3_l15_s605333_mpnn17, skipping interface scoring
Base AF2 filters not passed for 6W1F-pep3_l15_s605333_mpnn18, skipping interface scoring
Base AF2 filters not passed for 6W1F-pep3_l15_s605333_mpnn19, skipping interface scoring
Base AF2 filters not passed for 6W1F-pep3_l15_s605333_mpnn20, skipping interface scoring
Base AF2 filters not passed for 6W1F-pep3_l15_s605333_mpnn21, skipping interface scoring
Base AF2 filters not passed for 6W1F-pep3_l15_s605333_mpnn22, skipping interface scoring
Base AF2 filters not passed for 6W1F-pep3_l15_s605333_mpnn23, skipping interface scoring
Base AF2 filters not passed for 6W1F-pep3_l15_s605333_mpnn24, skipping interface scoring
Base AF2 filters not passed for 6W1F-pep3_l15_s605333_mpnn25, skipping interface scoring
Base AF2 filters not passed for 6W1F-pep3_l15_s605333_mpnn26, skipping interface scoring
Base AF2 filters not passed for 6W1F-pep3_l15_s605333_mpnn27, skipping interface scoring
Base AF2 filters not passed for 6W1F-pep3_l15_s605333_mpnn28, skipping interface scoring
Base AF2 filters not passed for 6W1F-pep3_l15_s605333_mpnn29, skipping interface scoring
Base AF2 filters not passed for 6W1F-pep3_l15_s605333_mpnn30, skipping interface scoring
Base AF2 filters not passed for 6W1F-pep3_l15_s605333_mpnn31, skipping interface scoring
Base AF2 filters not passed for 6W1F-pep3_l15_s605333_mpnn32, skipping interface scoring
Base AF2 filters not passed for 6W1F-pep3_l15_s605333_mpnn33, skipping interface scoring
No accepted MPNN designs found for this trajectory.

Design and validation of trajectory 6W1F-pep3_l15_s605333 took: 0 hours, 10 minutes, 28 seconds

Processing trajectory 6W1F-pep3_l13_s958603
Base AF2 filters not passed for 6W1F-pep3_l13_s958603_mpnn1, skipping interface scoring
Base AF2 filters not passed for 6W1F-pep3_l13_s958603_mpnn2, skipping interface scoring
Base AF2 filters not passed for 6W1F-pep3_l13_s958603_mpnn3, skipping interface scoring
Base AF2 filters not passed for 6W1F-pep3_l13_s958603_mpnn4, skipping interface scoring
Base AF2 filters not passed for 6W1F-pep3_l13_s958603_mpnn5, skipping interface scoring
Base AF2 filters not passed for 6W1F-pep3_l13_s958603_mpnn6, skipping interface scoring
Base AF2 filters not passed for 6W1F-pep3_l13_s958603_mpnn7, skipping interface scoring
Base AF2 filters not passed for 6W1F-pep3_l13_s958603_mpnn8, skipping interface scoring
Base AF2 filters not passed for 6W1F-pep3_l13_s958603_mpnn9, skipping interface scoring
Base AF2 filters not passed for 6W1F-pep3_l13_s958603_mpnn10, skipping interface scoring
Base AF2 filters not passed for 6W1F-pep3_l13_s958603_mpnn11, skipping interface scoring
Base AF2 filters not passed for 6W1F-pep3_l13_s958603_mpnn12, skipping interface scoring
Base AF2 filters not passed for 6W1F-pep3_l13_s958603_mpnn13, skipping interface scoring
Base AF2 filters not passed for 6W1F-pep3_l13_s958603_mpnn14, skipping interface scoring
Base AF2 filters not passed for 6W1F-pep3_l13_s958603_mpnn15, skipping interface scoring
Base AF2 filters not passed for 6W1F-pep3_l13_s958603_mpnn16, skipping interface scoring
Base AF2 filters not passed for 6W1F-pep3_l13_s958603_mpnn17, skipping interface scoring
Base AF2 filters not passed for 6W1F-pep3_l13_s958603_mpnn18, skipping interface scoring
Base AF2 filters not passed for 6W1F-pep3_l13_s958603_mpnn19, skipping interface scoring
Base AF2 filters not passed for 6W1F-pep3_l13_s958603_mpnn20, skipping interface scoring
Base AF2 filters not passed for 6W1F-pep3_l13_s958603_mpnn21, skipping interface scoring
Base AF2 filters not passed for 6W1F-pep3_l13_s958603_mpnn22, skipping interface scoring
Base AF2 filters not passed for 6W1F-pep3_l13_s958603_mpnn23, skipping interface scoring
Base AF2 filters not passed for 6W1F-pep3_l13_s958603_mpnn24, skipping interface scoring
Base AF2 filters not passed for 6W1F-pep3_l13_s958603_mpnn25, skipping interface scoring
Base AF2 filters not passed for 6W1F-pep3_l13_s958603_mpnn26, skipping interface scoring
Base AF2 filters not passed for 6W1F-pep3_l13_s958603_mpnn27, skipping interface scoring
Base AF2 filters not passed for 6W1F-pep3_l13_s958603_mpnn28, skipping interface scoring
Base AF2 filters not passed for 6W1F-pep3_l13_s958603_mpnn29, skipping interface scoring
Base AF2 filters not passed for 6W1F-pep3_l13_s958603_mpnn30, skipping interface scoring
Base AF2 filters not passed for 6W1F-pep3_l13_s958603_mpnn31, skipping interface scoring
Base AF2 filters not passed for 6W1F-pep3_l13_s958603_mpnn32, skipping interface scoring
Base AF2 filters not passed for 6W1F-pep3_l13_s958603_mpnn33, skipping interface scoring
Base AF2 filters not passed for 6W1F-pep3_l13_s958603_mpnn34, skipping interface scoring
Base AF2 filters not passed for 6W1F-pep3_l13_s958603_mpnn35, skipping interface scoring
Base AF2 filters not passed for 6W1F-pep3_l13_s958603_mpnn36, skipping interface scoring
Base AF2 filters not passed for 6W1F-pep3_l13_s958603_mpnn37, skipping interface scoring
Base AF2 filters not passed for 6W1F-pep3_l13_s958603_mpnn38, skipping interface scoring
Base AF2 filters not passed for 6W1F-pep3_l13_s958603_mpnn39, skipping interface scoring
Base AF2 filters not passed for 6W1F-pep3_l13_s958603_mpnn40, skipping interface scoring
Base AF2 filters not passed for 6W1F-pep3_l13_s958603_mpnn41, skipping interface scoring
Base AF2 filters not passed for 6W1F-pep3_l13_s958603_mpnn42, skipping interface scoring
Base AF2 filters not passed for 6W1F-pep3_l13_s958603_mpnn43, skipping interface scoring
Base AF2 filters not passed for 6W1F-pep3_l13_s958603_mpnn44, skipping interface scoring
Base AF2 filters not passed for 6W1F-pep3_l13_s958603_mpnn45, skipping interface scoring
Base AF2 filters not passed for 6W1F-pep3_l13_s958603_mpnn46, skipping interface scoring
Base AF2 filters not passed for 6W1F-pep3_l13_s958603_mpnn47, skipping interface scoring
No accepted MPNN designs found for this trajectory.

Design and validation of trajectory 6W1F-pep3_l13_s958603 took: 0 hours, 14 minutes, 30 seconds

Processing trajectory 6W1F-pep3_l16_s367411
Base AF2 filters not passed for 6W1F-pep3_l16_s367411_mpnn1, skipping interface scoring
Base AF2 filters not passed for 6W1F-pep3_l16_s367411_mpnn2, skipping interface scoring
Base AF2 filters not passed for 6W1F-pep3_l16_s367411_mpnn3, skipping interface scoring
Base AF2 filters not passed for 6W1F-pep3_l16_s367411_mpnn4, skipping interface scoring
Base AF2 filters not passed for 6W1F-pep3_l16_s367411_mpnn5, skipping interface scoring
Base AF2 filters not passed for 6W1F-pep3_l16_s367411_mpnn6, skipping interface scoring
Base AF2 filters not passed for 6W1F-pep3_l16_s367411_mpnn7, skipping interface scoring
Base AF2 filters not passed for 6W1F-pep3_l16_s367411_mpnn8, skipping interface scoring
Base AF2 filters not passed for 6W1F-pep3_l16_s367411_mpnn9, skipping interface scoring
Base AF2 filters not passed for 6W1F-pep3_l16_s367411_mpnn10, skipping interface scoring
Base AF2 filters not passed for 6W1F-pep3_l16_s367411_mpnn11, skipping interface scoring
Base AF2 filters not passed for 6W1F-pep3_l16_s367411_mpnn12, skipping interface scoring
Base AF2 filters not passed for 6W1F-pep3_l16_s367411_mpnn13, skipping interface scoring
Base AF2 filters not passed for 6W1F-pep3_l16_s367411_mpnn14, skipping interface scoring
Base AF2 filters not passed for 6W1F-pep3_l16_s367411_mpnn15, skipping interface scoring
Base AF2 filters not passed for 6W1F-pep3_l16_s367411_mpnn16, skipping interface scoring
Base AF2 filters not passed for 6W1F-pep3_l16_s367411_mpnn17, skipping interface scoring
Base AF2 filters not passed for 6W1F-pep3_l16_s367411_mpnn18, skipping interface scoring
Base AF2 filters not passed for 6W1F-pep3_l16_s367411_mpnn19, skipping interface scoring
Base AF2 filters not passed for 6W1F-pep3_l16_s367411_mpnn20, skipping interface scoring
Base AF2 filters not passed for 6W1F-pep3_l16_s367411_mpnn21, skipping interface scoring
Base AF2 filters not passed for 6W1F-pep3_l16_s367411_mpnn22, skipping interface scoring
No accepted MPNN designs found for this trajectory.

Design and validation of trajectory 6W1F-pep3_l16_s367411 took: 0 hours, 6 minutes, 52 seconds

Processing trajectory 6W1F-pep3_l15_s90170
Base AF2 filters not passed for 6W1F-pep3_l15_s90170_mpnn1, skipping interface scoring
Base AF2 filters not passed for 6W1F-pep3_l15_s90170_mpnn2, skipping interface scoring
Base AF2 filters not passed for 6W1F-pep3_l15_s90170_mpnn3, skipping interface scoring
Base AF2 filters not passed for 6W1F-pep3_l15_s90170_mpnn4, skipping interface scoring
Base AF2 filters not passed for 6W1F-pep3_l15_s90170_mpnn5, skipping interface scoring
Base AF2 filters not passed for 6W1F-pep3_l15_s90170_mpnn6, skipping interface scoring
Base AF2 filters not passed for 6W1F-pep3_l15_s90170_mpnn7, skipping interface scoring
Base AF2 filters not passed for 6W1F-pep3_l15_s90170_mpnn8, skipping interface scoring
Base AF2 filters not passed for 6W1F-pep3_l15_s90170_mpnn9, skipping interface scoring
Base AF2 filters not passed for 6W1F-pep3_l15_s90170_mpnn10, skipping interface scoring
Base AF2 filters not passed for 6W1F-pep3_l15_s90170_mpnn11, skipping interface scoring
Base AF2 filters not passed for 6W1F-pep3_l15_s90170_mpnn12, skipping interface scoring
Base AF2 filters not passed for 6W1F-pep3_l15_s90170_mpnn13, skipping interface scoring
Base AF2 filters not passed for 6W1F-pep3_l15_s90170_mpnn14, skipping interface scoring
Base AF2 filters not passed for 6W1F-pep3_l15_s90170_mpnn15, skipping interface scoring
Base AF2 filters not passed for 6W1F-pep3_l15_s90170_mpnn16, skipping interface scoring
Base AF2 filters not passed for 6W1F-pep3_l15_s90170_mpnn17, skipping interface scoring
Base AF2 filters not passed for 6W1F-pep3_l15_s90170_mpnn18, skipping interface scoring
Base AF2 filters not passed for 6W1F-pep3_l15_s90170_mpnn19, skipping interface scoring
Base AF2 filters not passed for 6W1F-pep3_l15_s90170_mpnn20, skipping interface scoring
Base AF2 filters not passed for 6W1F-pep3_l15_s90170_mpnn21, skipping interface scoring
Base AF2 filters not passed for 6W1F-pep3_l15_s90170_mpnn22, skipping interface scoring
Base AF2 filters not passed for 6W1F-pep3_l15_s90170_mpnn23, skipping interface scoring
Base AF2 filters not passed for 6W1F-pep3_l15_s90170_mpnn24, skipping interface scoring
Base AF2 filters not passed for 6W1F-pep3_l15_s90170_mpnn25, skipping interface scoring
Base AF2 filters not passed for 6W1F-pep3_l15_s90170_mpnn26, skipping interface scoring
Base AF2 filters not passed for 6W1F-pep3_l15_s90170_mpnn27, skipping interface scoring
Base AF2 filters not passed for 6W1F-pep3_l15_s90170_mpnn28, skipping interface scoring
Base AF2 filters not passed for 6W1F-pep3_l15_s90170_mpnn29, skipping interface scoring
Base AF2 filters not passed for 6W1F-pep3_l15_s90170_mpnn30, skipping interface scoring
Base AF2 filters not passed for 6W1F-pep3_l15_s90170_mpnn31, skipping interface scoring
Base AF2 filters not passed for 6W1F-pep3_l15_s90170_mpnn32, skipping interface scoring
Base AF2 filters not passed for 6W1F-pep3_l15_s90170_mpnn33, skipping interface scoring
Base AF2 filters not passed for 6W1F-pep3_l15_s90170_mpnn34, skipping interface scoring
Base AF2 filters not passed for 6W1F-pep3_l15_s90170_mpnn35, skipping interface scoring
Base AF2 filters not passed for 6W1F-pep3_l15_s90170_mpnn36, skipping interface scoring
Base AF2 filters not passed for 6W1F-pep3_l15_s90170_mpnn37, skipping interface scoring
Base AF2 filters not passed for 6W1F-pep3_l15_s90170_mpnn38, skipping interface scoring
Base AF2 filters not passed for 6W1F-pep3_l15_s90170_mpnn39, skipping interface scoring
Base AF2 filters not passed for 6W1F-pep3_l15_s90170_mpnn40, skipping interface scoring
Base AF2 filters not passed for 6W1F-pep3_l15_s90170_mpnn41, skipping interface scoring
Base AF2 filters not passed for 6W1F-pep3_l15_s90170_mpnn42, skipping interface scoring
No accepted MPNN designs found for this trajectory.

Design and validation of trajectory 6W1F-pep3_l15_s90170 took: 0 hours, 13 minutes, 8 seconds

Processing trajectory 6W1F-pep3_l16_s221163
Base AF2 filters not passed for 6W1F-pep3_l16_s221163_mpnn1, skipping interface scoring
Base AF2 filters not passed for 6W1F-pep3_l16_s221163_mpnn2, skipping interface scoring
Base AF2 filters not passed for 6W1F-pep3_l16_s221163_mpnn3, skipping interface scoring
Base AF2 filters not passed for 6W1F-pep3_l16_s221163_mpnn4, skipping interface scoring
Base AF2 filters not passed for 6W1F-pep3_l16_s221163_mpnn5, skipping interface scoring
Base AF2 filters not passed for 6W1F-pep3_l16_s221163_mpnn6, skipping interface scoring
Base AF2 filters not passed for 6W1F-pep3_l16_s221163_mpnn7, skipping interface scoring
Base AF2 filters not passed for 6W1F-pep3_l16_s221163_mpnn8, skipping interface scoring
6W1F-pep3_l16_s221163_mpnn9 passed all filters
Base AF2 filters not passed for 6W1F-pep3_l16_s221163_mpnn10, skipping interface scoring
Base AF2 filters not passed for 6W1F-pep3_l16_s221163_mpnn11, skipping interface scoring
Base AF2 filters not passed for 6W1F-pep3_l16_s221163_mpnn12, skipping interface scoring
Base AF2 filters not passed for 6W1F-pep3_l16_s221163_mpnn13, skipping interface scoring
Base AF2 filters not passed for 6W1F-pep3_l16_s221163_mpnn14, skipping interface scoring
Base AF2 filters not passed for 6W1F-pep3_l16_s221163_mpnn15, skipping interface scoring
Base AF2 filters not passed for 6W1F-pep3_l16_s221163_mpnn16, skipping interface scoring
Base AF2 filters not passed for 6W1F-pep3_l16_s221163_mpnn17, skipping interface scoring
Base AF2 filters not passed for 6W1F-pep3_l16_s221163_mpnn18, skipping interface scoring
Base AF2 filters not passed for 6W1F-pep3_l16_s221163_mpnn19, skipping interface scoring
Base AF2 filters not passed for 6W1F-pep3_l16_s221163_mpnn20, skipping interface scoring
Base AF2 filters not passed for 6W1F-pep3_l16_s221163_mpnn21, skipping interface scoring
Base AF2 filters not passed for 6W1F-pep3_l16_s221163_mpnn22, skipping interface scoring
Base AF2 filters not passed for 6W1F-pep3_l16_s221163_mpnn23, skipping interface scoring
Base AF2 filters not passed for 6W1F-pep3_l16_s221163_mpnn24, skipping interface scoring
Base AF2 filters not passed for 6W1F-pep3_l16_s221163_mpnn25, skipping interface scoring
Base AF2 filters not passed for 6W1F-pep3_l16_s221163_mpnn26, skipping interface scoring
Base AF2 filters not passed for 6W1F-pep3_l16_s221163_mpnn27, skipping interface scoring
Base AF2 filters not passed for 6W1F-pep3_l16_s221163_mpnn28, skipping interface scoring
Base AF2 filters not passed for 6W1F-pep3_l16_s221163_mpnn29, skipping interface scoring
Base AF2 filters not passed for 6W1F-pep3_l16_s221163_mpnn30, skipping interface scoring
Base AF2 filters not passed for 6W1F-pep3_l16_s221163_mpnn31, skipping interface scoring
6W1F-pep3_l16_s221163_mpnn32 passed all filters
Base AF2 filters not passed for 6W1F-pep3_l16_s221163_mpnn33, skipping interface scoring
Base AF2 filters not passed for 6W1F-pep3_l16_s221163_mpnn34, skipping interface scoring
Base AF2 filters not passed for 6W1F-pep3_l16_s221163_mpnn35, skipping interface scoring
Base AF2 filters not passed for 6W1F-pep3_l16_s221163_mpnn36, skipping interface scoring
Base AF2 filters not passed for 6W1F-pep3_l16_s221163_mpnn37, skipping interface scoring
Base AF2 filters not passed for 6W1F-pep3_l16_s221163_mpnn38, skipping interface scoring
Base AF2 filters not passed for 6W1F-pep3_l16_s221163_mpnn39, skipping interface scoring
Base AF2 filters not passed for 6W1F-pep3_l16_s221163_mpnn40, skipping interface scoring
Base AF2 filters not passed for 6W1F-pep3_l16_s221163_mpnn41, skipping interface scoring
Base AF2 filters not passed for 6W1F-pep3_l16_s221163_mpnn42, skipping interface scoring
Found 2 MPNN designs passing filters

Design and validation of trajectory 6W1F-pep3_l16_s221163 took: 0 hours, 25 minutes, 47 seconds

Processing trajectory 6W1F-pep3_l15_s569793
Base AF2 filters not passed for 6W1F-pep3_l15_s569793_mpnn1, skipping interface scoring
Base AF2 filters not passed for 6W1F-pep3_l15_s569793_mpnn2, skipping interface scoring
Base AF2 filters not passed for 6W1F-pep3_l15_s569793_mpnn3, skipping interface scoring
6W1F-pep3_l15_s569793_mpnn4 passed all filters
Base AF2 filters not passed for 6W1F-pep3_l15_s569793_mpnn5, skipping interface scoring
Base AF2 filters not passed for 6W1F-pep3_l15_s569793_mpnn6, skipping interface scoring
Base AF2 filters not passed for 6W1F-pep3_l15_s569793_mpnn7, skipping interface scoring
Base AF2 filters not passed for 6W1F-pep3_l15_s569793_mpnn8, skipping interface scoring
Unmet filter conditions for 6W1F-pep3_l15_s569793_mpnn9
Unmet filter conditions for 6W1F-pep3_l15_s569793_mpnn10
6W1F-pep3_l15_s569793_mpnn11 passed all filters
Base AF2 filters not passed for 6W1F-pep3_l15_s569793_mpnn12, skipping interface scoring
6W1F-pep3_l15_s569793_mpnn13 passed all filters
Base AF2 filters not passed for 6W1F-pep3_l15_s569793_mpnn14, skipping interface scoring
Base AF2 filters not passed for 6W1F-pep3_l15_s569793_mpnn15, skipping interface scoring
Base AF2 filters not passed for 6W1F-pep3_l15_s569793_mpnn16, skipping interface scoring
Base AF2 filters not passed for 6W1F-pep3_l15_s569793_mpnn17, skipping interface scoring
Base AF2 filters not passed for 6W1F-pep3_l15_s569793_mpnn18, skipping interface scoring
Unmet filter conditions for 6W1F-pep3_l15_s569793_mpnn19
Base AF2 filters not passed for 6W1F-pep3_l15_s569793_mpnn20, skipping interface scoring
Unmet filter conditions for 6W1F-pep3_l15_s569793_mpnn21
Unmet filter conditions for 6W1F-pep3_l15_s569793_mpnn22
Base AF2 filters not passed for 6W1F-pep3_l15_s569793_mpnn23, skipping interface scoring
Base AF2 filters not passed for 6W1F-pep3_l15_s569793_mpnn24, skipping interface scoring
6W1F-pep3_l15_s569793_mpnn25 passed all filters
Found 4 MPNN designs passing filters

Design and validation of trajectory 6W1F-pep3_l15_s569793 took: 1 hours, 4 minutes, 11 seconds

Processing trajectory 6W1F-pep3_l16_s160651
Base AF2 filters not passed for 6W1F-pep3_l16_s160651_mpnn1, skipping interface scoring
Base AF2 filters not passed for 6W1F-pep3_l16_s160651_mpnn2, skipping interface scoring
Base AF2 filters not passed for 6W1F-pep3_l16_s160651_mpnn3, skipping interface scoring
Base AF2 filters not passed for 6W1F-pep3_l16_s160651_mpnn4, skipping interface scoring
Base AF2 filters not passed for 6W1F-pep3_l16_s160651_mpnn5, skipping interface scoring
Base AF2 filters not passed for 6W1F-pep3_l16_s160651_mpnn6, skipping interface scoring
Base AF2 filters not passed for 6W1F-pep3_l16_s160651_mpnn7, skipping interface scoring
Base AF2 filters not passed for 6W1F-pep3_l16_s160651_mpnn8, skipping interface scoring
Base AF2 filters not passed for 6W1F-pep3_l16_s160651_mpnn9, skipping interface scoring
Unmet filter conditions for 6W1F-pep3_l16_s160651_mpnn10
Base AF2 filters not passed for 6W1F-pep3_l16_s160651_mpnn11, skipping interface scoring
Base AF2 filters not passed for 6W1F-pep3_l16_s160651_mpnn12, skipping interface scoring
Base AF2 filters not passed for 6W1F-pep3_l16_s160651_mpnn13, skipping interface scoring
Base AF2 filters not passed for 6W1F-pep3_l16_s160651_mpnn14, skipping interface scoring
Base AF2 filters not passed for 6W1F-pep3_l16_s160651_mpnn15, skipping interface scoring
Base AF2 filters not passed for 6W1F-pep3_l16_s160651_mpnn16, skipping interface scoring
Base AF2 filters not passed for 6W1F-pep3_l16_s160651_mpnn17, skipping interface scoring
Base AF2 filters not passed for 6W1F-pep3_l16_s160651_mpnn18, skipping interface scoring
Base AF2 filters not passed for 6W1F-pep3_l16_s160651_mpnn19, skipping interface scoring
Base AF2 filters not passed for 6W1F-pep3_l16_s160651_mpnn20, skipping interface scoring
Unmet filter conditions for 6W1F-pep3_l16_s160651_mpnn21
Base AF2 filters not passed for 6W1F-pep3_l16_s160651_mpnn22, skipping interface scoring
Base AF2 filters not passed for 6W1F-pep3_l16_s160651_mpnn23, skipping interface scoring
Unmet filter conditions for 6W1F-pep3_l16_s160651_mpnn24
Base AF2 filters not passed for 6W1F-pep3_l16_s160651_mpnn25, skipping interface scoring
Unmet filter conditions for 6W1F-pep3_l16_s160651_mpnn26
Base AF2 filters not passed for 6W1F-pep3_l16_s160651_mpnn27, skipping interface scoring
Base AF2 filters not passed for 6W1F-pep3_l16_s160651_mpnn28, skipping interface scoring
Base AF2 filters not passed for 6W1F-pep3_l16_s160651_mpnn29, skipping interface scoring
Base AF2 filters not passed for 6W1F-pep3_l16_s160651_mpnn30, skipping interface scoring
Base AF2 filters not passed for 6W1F-pep3_l16_s160651_mpnn31, skipping interface scoring
Base AF2 filters not passed for 6W1F-pep3_l16_s160651_mpnn32, skipping interface scoring
Base AF2 filters not passed for 6W1F-pep3_l16_s160651_mpnn33, skipping interface scoring
Base AF2 filters not passed for 6W1F-pep3_l16_s160651_mpnn34, skipping interface scoring
Unmet filter conditions for 6W1F-pep3_l16_s160651_mpnn35
Base AF2 filters not passed for 6W1F-pep3_l16_s160651_mpnn36, skipping interface scoring
Unmet filter conditions for 6W1F-pep3_l16_s160651_mpnn37
Base AF2 filters not passed for 6W1F-pep3_l16_s160651_mpnn38, skipping interface scoring
No accepted MPNN designs found for this trajectory.

Design and validation of trajectory 6W1F-pep3_l16_s160651 took: 0 hours, 48 minutes, 32 seconds

Processing trajectory 6W1F-pep3_l15_s213219
Base AF2 filters not passed for 6W1F-pep3_l15_s213219_mpnn1, skipping interface scoring
Base AF2 filters not passed for 6W1F-pep3_l15_s213219_mpnn2, skipping interface scoring
Base AF2 filters not passed for 6W1F-pep3_l15_s213219_mpnn3, skipping interface scoring
Base AF2 filters not passed for 6W1F-pep3_l15_s213219_mpnn4, skipping interface scoring
Base AF2 filters not passed for 6W1F-pep3_l15_s213219_mpnn5, skipping interface scoring
Base AF2 filters not passed for 6W1F-pep3_l15_s213219_mpnn6, skipping interface scoring
Base AF2 filters not passed for 6W1F-pep3_l15_s213219_mpnn7, skipping interface scoring
Base AF2 filters not passed for 6W1F-pep3_l15_s213219_mpnn8, skipping interface scoring
Base AF2 filters not passed for 6W1F-pep3_l15_s213219_mpnn9, skipping interface scoring
Base AF2 filters not passed for 6W1F-pep3_l15_s213219_mpnn10, skipping interface scoring
Base AF2 filters not passed for 6W1F-pep3_l15_s213219_mpnn11, skipping interface scoring
Base AF2 filters not passed for 6W1F-pep3_l15_s213219_mpnn12, skipping interface scoring
Base AF2 filters not passed for 6W1F-pep3_l15_s213219_mpnn13, skipping interface scoring
Base AF2 filters not passed for 6W1F-pep3_l15_s213219_mpnn14, skipping interface scoring
Base AF2 filters not passed for 6W1F-pep3_l15_s213219_mpnn15, skipping interface scoring
Base AF2 filters not passed for 6W1F-pep3_l15_s213219_mpnn16, skipping interface scoring
Base AF2 filters not passed for 6W1F-pep3_l15_s213219_mpnn17, skipping interface scoring
Base AF2 filters not passed for 6W1F-pep3_l15_s213219_mpnn18, skipping interface scoring
Base AF2 filters not passed for 6W1F-pep3_l15_s213219_mpnn19, skipping interface scoring
Base AF2 filters not passed for 6W1F-pep3_l15_s213219_mpnn20, skipping interface scoring
Base AF2 filters not passed for 6W1F-pep3_l15_s213219_mpnn21, skipping interface scoring
Base AF2 filters not passed for 6W1F-pep3_l15_s213219_mpnn22, skipping interface scoring
Base AF2 filters not passed for 6W1F-pep3_l15_s213219_mpnn23, skipping interface scoring
Base AF2 filters not passed for 6W1F-pep3_l15_s213219_mpnn24, skipping interface scoring
Base AF2 filters not passed for 6W1F-pep3_l15_s213219_mpnn25, skipping interface scoring
Base AF2 filters not passed for 6W1F-pep3_l15_s213219_mpnn26, skipping interface scoring
Base AF2 filters not passed for 6W1F-pep3_l15_s213219_mpnn27, skipping interface scoring
Base AF2 filters not passed for 6W1F-pep3_l15_s213219_mpnn28, skipping interface scoring
Base AF2 filters not passed for 6W1F-pep3_l15_s213219_mpnn29, skipping interface scoring
Base AF2 filters not passed for 6W1F-pep3_l15_s213219_mpnn30, skipping interface scoring
Base AF2 filters not passed for 6W1F-pep3_l15_s213219_mpnn31, skipping interface scoring
Base AF2 filters not passed for 6W1F-pep3_l15_s213219_mpnn32, skipping interface scoring
Base AF2 filters not passed for 6W1F-pep3_l15_s213219_mpnn33, skipping interface scoring
Base AF2 filters not passed for 6W1F-pep3_l15_s213219_mpnn34, skipping interface scoring
Base AF2 filters not passed for 6W1F-pep3_l15_s213219_mpnn35, skipping interface scoring
Base AF2 filters not passed for 6W1F-pep3_l15_s213219_mpnn36, skipping interface scoring
Base AF2 filters not passed for 6W1F-pep3_l15_s213219_mpnn37, skipping interface scoring
Base AF2 filters not passed for 6W1F-pep3_l15_s213219_mpnn38, skipping interface scoring
Base AF2 filters not passed for 6W1F-pep3_l15_s213219_mpnn39, skipping interface scoring
Base AF2 filters not passed for 6W1F-pep3_l15_s213219_mpnn40, skipping interface scoring
Base AF2 filters not passed for 6W1F-pep3_l15_s213219_mpnn41, skipping interface scoring
No accepted MPNN designs found for this trajectory.

Design and validation of trajectory 6W1F-pep3_l15_s213219 took: 0 hours, 12 minutes, 52 seconds

Processing trajectory 6W1F-pep3_l17_s370348
Base AF2 filters not passed for 6W1F-pep3_l17_s370348_mpnn1, skipping interface scoring
Base AF2 filters not passed for 6W1F-pep3_l17_s370348_mpnn2, skipping interface scoring
Base AF2 filters not passed for 6W1F-pep3_l17_s370348_mpnn3, skipping interface scoring
Base AF2 filters not passed for 6W1F-pep3_l17_s370348_mpnn4, skipping interface scoring
Base AF2 filters not passed for 6W1F-pep3_l17_s370348_mpnn5, skipping interface scoring
Base AF2 filters not passed for 6W1F-pep3_l17_s370348_mpnn6, skipping interface scoring
Base AF2 filters not passed for 6W1F-pep3_l17_s370348_mpnn7, skipping interface scoring
Base AF2 filters not passed for 6W1F-pep3_l17_s370348_mpnn8, skipping interface scoring
Base AF2 filters not passed for 6W1F-pep3_l17_s370348_mpnn9, skipping interface scoring
Base AF2 filters not passed for 6W1F-pep3_l17_s370348_mpnn10, skipping interface scoring
Base AF2 filters not passed for 6W1F-pep3_l17_s370348_mpnn11, skipping interface scoring
Base AF2 filters not passed for 6W1F-pep3_l17_s370348_mpnn12, skipping interface scoring
Base AF2 filters not passed for 6W1F-pep3_l17_s370348_mpnn13, skipping interface scoring
Base AF2 filters not passed for 6W1F-pep3_l17_s370348_mpnn14, skipping interface scoring
Base AF2 filters not passed for 6W1F-pep3_l17_s370348_mpnn15, skipping interface scoring
Base AF2 filters not passed for 6W1F-pep3_l17_s370348_mpnn16, skipping interface scoring
Base AF2 filters not passed for 6W1F-pep3_l17_s370348_mpnn17, skipping interface scoring
Base AF2 filters not passed for 6W1F-pep3_l17_s370348_mpnn18, skipping interface scoring
Base AF2 filters not passed for 6W1F-pep3_l17_s370348_mpnn19, skipping interface scoring
Base AF2 filters not passed for 6W1F-pep3_l17_s370348_mpnn20, skipping interface scoring
Base AF2 filters not passed for 6W1F-pep3_l17_s370348_mpnn21, skipping interface scoring
Base AF2 filters not passed for 6W1F-pep3_l17_s370348_mpnn22, skipping interface scoring
Base AF2 filters not passed for 6W1F-pep3_l17_s370348_mpnn23, skipping interface scoring
Base AF2 filters not passed for 6W1F-pep3_l17_s370348_mpnn24, skipping interface scoring
Base AF2 filters not passed for 6W1F-pep3_l17_s370348_mpnn25, skipping interface scoring
Base AF2 filters not passed for 6W1F-pep3_l17_s370348_mpnn26, skipping interface scoring
Base AF2 filters not passed for 6W1F-pep3_l17_s370348_mpnn27, skipping interface scoring
Base AF2 filters not passed for 6W1F-pep3_l17_s370348_mpnn28, skipping interface scoring
Base AF2 filters not passed for 6W1F-pep3_l17_s370348_mpnn29, skipping interface scoring
Base AF2 filters not passed for 6W1F-pep3_l17_s370348_mpnn30, skipping interface scoring
Base AF2 filters not passed for 6W1F-pep3_l17_s370348_mpnn31, skipping interface scoring
Base AF2 filters not passed for 6W1F-pep3_l17_s370348_mpnn32, skipping interface scoring
Base AF2 filters not passed for 6W1F-pep3_l17_s370348_mpnn33, skipping interface scoring
Base AF2 filters not passed for 6W1F-pep3_l17_s370348_mpnn34, skipping interface scoring
Base AF2 filters not passed for 6W1F-pep3_l17_s370348_mpnn35, skipping interface scoring
Base AF2 filters not passed for 6W1F-pep3_l17_s370348_mpnn36, skipping interface scoring
Base AF2 filters not passed for 6W1F-pep3_l17_s370348_mpnn37, skipping interface scoring
Base AF2 filters not passed for 6W1F-pep3_l17_s370348_mpnn38, skipping interface scoring
Base AF2 filters not passed for 6W1F-pep3_l17_s370348_mpnn39, skipping interface scoring
Base AF2 filters not passed for 6W1F-pep3_l17_s370348_mpnn40, skipping interface scoring
Base AF2 filters not passed for 6W1F-pep3_l17_s370348_mpnn41, skipping interface scoring
Base AF2 filters not passed for 6W1F-pep3_l17_s370348_mpnn42, skipping interface scoring
Base AF2 filters not passed for 6W1F-pep3_l17_s370348_mpnn43, skipping interface scoring
Base AF2 filters not passed for 6W1F-pep3_l17_s370348_mpnn44, skipping interface scoring
Base AF2 filters not passed for 6W1F-pep3_l17_s370348_mpnn45, skipping interface scoring
Base AF2 filters not passed for 6W1F-pep3_l17_s370348_mpnn46, skipping interface scoring
Base AF2 filters not passed for 6W1F-pep3_l17_s370348_mpnn47, skipping interface scoring
No accepted MPNN designs found for this trajectory.

Design and validation of trajectory 6W1F-pep3_l17_s370348 took: 0 hours, 14 minutes, 54 seconds

Processing trajectory 6W1F-pep3_l14_s777157
Base AF2 filters not passed for 6W1F-pep3_l14_s777157_mpnn1, skipping interface scoring
Base AF2 filters not passed for 6W1F-pep3_l14_s777157_mpnn2, skipping interface scoring
Base AF2 filters not passed for 6W1F-pep3_l14_s777157_mpnn3, skipping interface scoring
Base AF2 filters not passed for 6W1F-pep3_l14_s777157_mpnn4, skipping interface scoring
Base AF2 filters not passed for 6W1F-pep3_l14_s777157_mpnn5, skipping interface scoring
Base AF2 filters not passed for 6W1F-pep3_l14_s777157_mpnn6, skipping interface scoring
Base AF2 filters not passed for 6W1F-pep3_l14_s777157_mpnn7, skipping interface scoring
Base AF2 filters not passed for 6W1F-pep3_l14_s777157_mpnn8, skipping interface scoring
Base AF2 filters not passed for 6W1F-pep3_l14_s777157_mpnn9, skipping interface scoring
Base AF2 filters not passed for 6W1F-pep3_l14_s777157_mpnn10, skipping interface scoring
Base AF2 filters not passed for 6W1F-pep3_l14_s777157_mpnn11, skipping interface scoring
Base AF2 filters not passed for 6W1F-pep3_l14_s777157_mpnn12, skipping interface scoring
Base AF2 filters not passed for 6W1F-pep3_l14_s777157_mpnn13, skipping interface scoring
Base AF2 filters not passed for 6W1F-pep3_l14_s777157_mpnn14, skipping interface scoring
Base AF2 filters not passed for 6W1F-pep3_l14_s777157_mpnn15, skipping interface scoring
Base AF2 filters not passed for 6W1F-pep3_l14_s777157_mpnn16, skipping interface scoring
Base AF2 filters not passed for 6W1F-pep3_l14_s777157_mpnn17, skipping interface scoring
Base AF2 filters not passed for 6W1F-pep3_l14_s777157_mpnn18, skipping interface scoring
Base AF2 filters not passed for 6W1F-pep3_l14_s777157_mpnn19, skipping interface scoring
Base AF2 filters not passed for 6W1F-pep3_l14_s777157_mpnn20, skipping interface scoring
Base AF2 filters not passed for 6W1F-pep3_l14_s777157_mpnn21, skipping interface scoring
Base AF2 filters not passed for 6W1F-pep3_l14_s777157_mpnn22, skipping interface scoring
Base AF2 filters not passed for 6W1F-pep3_l14_s777157_mpnn23, skipping interface scoring
Base AF2 filters not passed for 6W1F-pep3_l14_s777157_mpnn24, skipping interface scoring
Base AF2 filters not passed for 6W1F-pep3_l14_s777157_mpnn25, skipping interface scoring
Base AF2 filters not passed for 6W1F-pep3_l14_s777157_mpnn26, skipping interface scoring
Base AF2 filters not passed for 6W1F-pep3_l14_s777157_mpnn27, skipping interface scoring
Base AF2 filters not passed for 6W1F-pep3_l14_s777157_mpnn28, skipping interface scoring
Base AF2 filters not passed for 6W1F-pep3_l14_s777157_mpnn29, skipping interface scoring
Base AF2 filters not passed for 6W1F-pep3_l14_s777157_mpnn30, skipping interface scoring
Base AF2 filters not passed for 6W1F-pep3_l14_s777157_mpnn31, skipping interface scoring
Base AF2 filters not passed for 6W1F-pep3_l14_s777157_mpnn32, skipping interface scoring
Base AF2 filters not passed for 6W1F-pep3_l14_s777157_mpnn33, skipping interface scoring
Base AF2 filters not passed for 6W1F-pep3_l14_s777157_mpnn34, skipping interface scoring
Base AF2 filters not passed for 6W1F-pep3_l14_s777157_mpnn35, skipping interface scoring
Base AF2 filters not passed for 6W1F-pep3_l14_s777157_mpnn36, skipping interface scoring
Base AF2 filters not passed for 6W1F-pep3_l14_s777157_mpnn37, skipping interface scoring
No accepted MPNN designs found for this trajectory.

Design and validation of trajectory 6W1F-pep3_l14_s777157 took: 0 hours, 11 minutes, 44 seconds

Processing trajectory 6W1F-pep3_l17_s507522
Base AF2 filters not passed for 6W1F-pep3_l17_s507522_mpnn1, skipping interface scoring
Base AF2 filters not passed for 6W1F-pep3_l17_s507522_mpnn2, skipping interface scoring
Base AF2 filters not passed for 6W1F-pep3_l17_s507522_mpnn3, skipping interface scoring
Base AF2 filters not passed for 6W1F-pep3_l17_s507522_mpnn4, skipping interface scoring
Base AF2 filters not passed for 6W1F-pep3_l17_s507522_mpnn5, skipping interface scoring
Base AF2 filters not passed for 6W1F-pep3_l17_s507522_mpnn6, skipping interface scoring
Base AF2 filters not passed for 6W1F-pep3_l17_s507522_mpnn7, skipping interface scoring
Base AF2 filters not passed for 6W1F-pep3_l17_s507522_mpnn8, skipping interface scoring
Base AF2 filters not passed for 6W1F-pep3_l17_s507522_mpnn9, skipping interface scoring
Base AF2 filters not passed for 6W1F-pep3_l17_s507522_mpnn10, skipping interface scoring
Base AF2 filters not passed for 6W1F-pep3_l17_s507522_mpnn11, skipping interface scoring
Base AF2 filters not passed for 6W1F-pep3_l17_s507522_mpnn12, skipping interface scoring
Base AF2 filters not passed for 6W1F-pep3_l17_s507522_mpnn13, skipping interface scoring
Base AF2 filters not passed for 6W1F-pep3_l17_s507522_mpnn14, skipping interface scoring
Base AF2 filters not passed for 6W1F-pep3_l17_s507522_mpnn15, skipping interface scoring
Base AF2 filters not passed for 6W1F-pep3_l17_s507522_mpnn16, skipping interface scoring
Base AF2 filters not passed for 6W1F-pep3_l17_s507522_mpnn17, skipping interface scoring
Base AF2 filters not passed for 6W1F-pep3_l17_s507522_mpnn18, skipping interface scoring
Base AF2 filters not passed for 6W1F-pep3_l17_s507522_mpnn19, skipping interface scoring
Base AF2 filters not passed for 6W1F-pep3_l17_s507522_mpnn20, skipping interface scoring
Base AF2 filters not passed for 6W1F-pep3_l17_s507522_mpnn21, skipping interface scoring
Base AF2 filters not passed for 6W1F-pep3_l17_s507522_mpnn22, skipping interface scoring
Base AF2 filters not passed for 6W1F-pep3_l17_s507522_mpnn23, skipping interface scoring
Base AF2 filters not passed for 6W1F-pep3_l17_s507522_mpnn24, skipping interface scoring
Base AF2 filters not passed for 6W1F-pep3_l17_s507522_mpnn25, skipping interface scoring
Base AF2 filters not passed for 6W1F-pep3_l17_s507522_mpnn26, skipping interface scoring
Base AF2 filters not passed for 6W1F-pep3_l17_s507522_mpnn27, skipping interface scoring
Base AF2 filters not passed for 6W1F-pep3_l17_s507522_mpnn28, skipping interface scoring
Base AF2 filters not passed for 6W1F-pep3_l17_s507522_mpnn29, skipping interface scoring
Base AF2 filters not passed for 6W1F-pep3_l17_s507522_mpnn30, skipping interface scoring
Base AF2 filters not passed for 6W1F-pep3_l17_s507522_mpnn31, skipping interface scoring
Base AF2 filters not passed for 6W1F-pep3_l17_s507522_mpnn32, skipping interface scoring
Base AF2 filters not passed for 6W1F-pep3_l17_s507522_mpnn33, skipping interface scoring
Base AF2 filters not passed for 6W1F-pep3_l17_s507522_mpnn34, skipping interface scoring
Base AF2 filters not passed for 6W1F-pep3_l17_s507522_mpnn35, skipping interface scoring
Base AF2 filters not passed for 6W1F-pep3_l17_s507522_mpnn36, skipping interface scoring
Base AF2 filters not passed for 6W1F-pep3_l17_s507522_mpnn37, skipping interface scoring
Base AF2 filters not passed for 6W1F-pep3_l17_s507522_mpnn38, skipping interface scoring
Base AF2 filters not passed for 6W1F-pep3_l17_s507522_mpnn39, skipping interface scoring
Base AF2 filters not passed for 6W1F-pep3_l17_s507522_mpnn40, skipping interface scoring
No accepted MPNN designs found for this trajectory.

Design and validation of trajectory 6W1F-pep3_l17_s507522 took: 0 hours, 12 minutes, 47 seconds

Processing trajectory 6W1F-pep3_l16_s145950
Base AF2 filters not passed for 6W1F-pep3_l16_s145950_mpnn1, skipping interface scoring
Base AF2 filters not passed for 6W1F-pep3_l16_s145950_mpnn2, skipping interface scoring
Base AF2 filters not passed for 6W1F-pep3_l16_s145950_mpnn3, skipping interface scoring
Base AF2 filters not passed for 6W1F-pep3_l16_s145950_mpnn4, skipping interface scoring
Base AF2 filters not passed for 6W1F-pep3_l16_s145950_mpnn5, skipping interface scoring
Base AF2 filters not passed for 6W1F-pep3_l16_s145950_mpnn6, skipping interface scoring
Base AF2 filters not passed for 6W1F-pep3_l16_s145950_mpnn7, skipping interface scoring
Base AF2 filters not passed for 6W1F-pep3_l16_s145950_mpnn8, skipping interface scoring
Base AF2 filters not passed for 6W1F-pep3_l16_s145950_mpnn9, skipping interface scoring
Base AF2 filters not passed for 6W1F-pep3_l16_s145950_mpnn10, skipping interface scoring
Base AF2 filters not passed for 6W1F-pep3_l16_s145950_mpnn11, skipping interface scoring
Base AF2 filters not passed for 6W1F-pep3_l16_s145950_mpnn12, skipping interface scoring
Base AF2 filters not passed for 6W1F-pep3_l16_s145950_mpnn13, skipping interface scoring
Base AF2 filters not passed for 6W1F-pep3_l16_s145950_mpnn14, skipping interface scoring
Base AF2 filters not passed for 6W1F-pep3_l16_s145950_mpnn15, skipping interface scoring
Base AF2 filters not passed for 6W1F-pep3_l16_s145950_mpnn16, skipping interface scoring
Base AF2 filters not passed for 6W1F-pep3_l16_s145950_mpnn17, skipping interface scoring
Base AF2 filters not passed for 6W1F-pep3_l16_s145950_mpnn18, skipping interface scoring
Base AF2 filters not passed for 6W1F-pep3_l16_s145950_mpnn19, skipping interface scoring
Base AF2 filters not passed for 6W1F-pep3_l16_s145950_mpnn20, skipping interface scoring
Base AF2 filters not passed for 6W1F-pep3_l16_s145950_mpnn21, skipping interface scoring
Base AF2 filters not passed for 6W1F-pep3_l16_s145950_mpnn22, skipping interface scoring
Base AF2 filters not passed for 6W1F-pep3_l16_s145950_mpnn23, skipping interface scoring
Base AF2 filters not passed for 6W1F-pep3_l16_s145950_mpnn24, skipping interface scoring
Base AF2 filters not passed for 6W1F-pep3_l16_s145950_mpnn25, skipping interface scoring
Base AF2 filters not passed for 6W1F-pep3_l16_s145950_mpnn26, skipping interface scoring
Base AF2 filters not passed for 6W1F-pep3_l16_s145950_mpnn27, skipping interface scoring
Base AF2 filters not passed for 6W1F-pep3_l16_s145950_mpnn28, skipping interface scoring
Base AF2 filters not passed for 6W1F-pep3_l16_s145950_mpnn29, skipping interface scoring
Base AF2 filters not passed for 6W1F-pep3_l16_s145950_mpnn30, skipping interface scoring
Base AF2 filters not passed for 6W1F-pep3_l16_s145950_mpnn31, skipping interface scoring
Base AF2 filters not passed for 6W1F-pep3_l16_s145950_mpnn32, skipping interface scoring
Base AF2 filters not passed for 6W1F-pep3_l16_s145950_mpnn33, skipping interface scoring
Base AF2 filters not passed for 6W1F-pep3_l16_s145950_mpnn34, skipping interface scoring
Base AF2 filters not passed for 6W1F-pep3_l16_s145950_mpnn35, skipping interface scoring
Base AF2 filters not passed for 6W1F-pep3_l16_s145950_mpnn36, skipping interface scoring
Base AF2 filters not passed for 6W1F-pep3_l16_s145950_mpnn37, skipping interface scoring
Base AF2 filters not passed for 6W1F-pep3_l16_s145950_mpnn38, skipping interface scoring
Base AF2 filters not passed for 6W1F-pep3_l16_s145950_mpnn39, skipping interface scoring
Base AF2 filters not passed for 6W1F-pep3_l16_s145950_mpnn40, skipping interface scoring
Base AF2 filters not passed for 6W1F-pep3_l16_s145950_mpnn41, skipping interface scoring
Base AF2 filters not passed for 6W1F-pep3_l16_s145950_mpnn42, skipping interface scoring
Base AF2 filters not passed for 6W1F-pep3_l16_s145950_mpnn43, skipping interface scoring
Base AF2 filters not passed for 6W1F-pep3_l16_s145950_mpnn44, skipping interface scoring
Base AF2 filters not passed for 6W1F-pep3_l16_s145950_mpnn45, skipping interface scoring
Base AF2 filters not passed for 6W1F-pep3_l16_s145950_mpnn46, skipping interface scoring
Base AF2 filters not passed for 6W1F-pep3_l16_s145950_mpnn47, skipping interface scoring
Base AF2 filters not passed for 6W1F-pep3_l16_s145950_mpnn48, skipping interface scoring
No accepted MPNN designs found for this trajectory.

Design and validation of trajectory 6W1F-pep3_l16_s145950 took: 0 hours, 14 minutes, 12 seconds

Processing trajectory 6W1F-pep3_l17_s109024
Base AF2 filters not passed for 6W1F-pep3_l17_s109024_mpnn1, skipping interface scoring
Base AF2 filters not passed for 6W1F-pep3_l17_s109024_mpnn2, skipping interface scoring
Base AF2 filters not passed for 6W1F-pep3_l17_s109024_mpnn3, skipping interface scoring
Base AF2 filters not passed for 6W1F-pep3_l17_s109024_mpnn4, skipping interface scoring
Base AF2 filters not passed for 6W1F-pep3_l17_s109024_mpnn5, skipping interface scoring
Base AF2 filters not passed for 6W1F-pep3_l17_s109024_mpnn6, skipping interface scoring
Base AF2 filters not passed for 6W1F-pep3_l17_s109024_mpnn7, skipping interface scoring
Base AF2 filters not passed for 6W1F-pep3_l17_s109024_mpnn8, skipping interface scoring
Base AF2 filters not passed for 6W1F-pep3_l17_s109024_mpnn9, skipping interface scoring
Base AF2 filters not passed for 6W1F-pep3_l17_s109024_mpnn10, skipping interface scoring
Base AF2 filters not passed for 6W1F-pep3_l17_s109024_mpnn11, skipping interface scoring
Base AF2 filters not passed for 6W1F-pep3_l17_s109024_mpnn12, skipping interface scoring
Base AF2 filters not passed for 6W1F-pep3_l17_s109024_mpnn13, skipping interface scoring
Base AF2 filters not passed for 6W1F-pep3_l17_s109024_mpnn14, skipping interface scoring
Base AF2 filters not passed for 6W1F-pep3_l17_s109024_mpnn15, skipping interface scoring
Base AF2 filters not passed for 6W1F-pep3_l17_s109024_mpnn16, skipping interface scoring
Base AF2 filters not passed for 6W1F-pep3_l17_s109024_mpnn17, skipping interface scoring
Base AF2 filters not passed for 6W1F-pep3_l17_s109024_mpnn18, skipping interface scoring
Base AF2 filters not passed for 6W1F-pep3_l17_s109024_mpnn19, skipping interface scoring
Base AF2 filters not passed for 6W1F-pep3_l17_s109024_mpnn20, skipping interface scoring
Base AF2 filters not passed for 6W1F-pep3_l17_s109024_mpnn21, skipping interface scoring
Base AF2 filters not passed for 6W1F-pep3_l17_s109024_mpnn22, skipping interface scoring
Base AF2 filters not passed for 6W1F-pep3_l17_s109024_mpnn23, skipping interface scoring
Base AF2 filters not passed for 6W1F-pep3_l17_s109024_mpnn24, skipping interface scoring
Base AF2 filters not passed for 6W1F-pep3_l17_s109024_mpnn25, skipping interface scoring
Base AF2 filters not passed for 6W1F-pep3_l17_s109024_mpnn26, skipping interface scoring
Base AF2 filters not passed for 6W1F-pep3_l17_s109024_mpnn27, skipping interface scoring
Base AF2 filters not passed for 6W1F-pep3_l17_s109024_mpnn28, skipping interface scoring
Base AF2 filters not passed for 6W1F-pep3_l17_s109024_mpnn29, skipping interface scoring
Base AF2 filters not passed for 6W1F-pep3_l17_s109024_mpnn30, skipping interface scoring
Base AF2 filters not passed for 6W1F-pep3_l17_s109024_mpnn31, skipping interface scoring
Base AF2 filters not passed for 6W1F-pep3_l17_s109024_mpnn32, skipping interface scoring
Base AF2 filters not passed for 6W1F-pep3_l17_s109024_mpnn33, skipping interface scoring
Base AF2 filters not passed for 6W1F-pep3_l17_s109024_mpnn34, skipping interface scoring
Base AF2 filters not passed for 6W1F-pep3_l17_s109024_mpnn35, skipping interface scoring
Base AF2 filters not passed for 6W1F-pep3_l17_s109024_mpnn36, skipping interface scoring
Base AF2 filters not passed for 6W1F-pep3_l17_s109024_mpnn37, skipping interface scoring
Base AF2 filters not passed for 6W1F-pep3_l17_s109024_mpnn38, skipping interface scoring
Base AF2 filters not passed for 6W1F-pep3_l17_s109024_mpnn39, skipping interface scoring
Base AF2 filters not passed for 6W1F-pep3_l17_s109024_mpnn40, skipping interface scoring
Base AF2 filters not passed for 6W1F-pep3_l17_s109024_mpnn41, skipping interface scoring
Base AF2 filters not passed for 6W1F-pep3_l17_s109024_mpnn42, skipping interface scoring
Base AF2 filters not passed for 6W1F-pep3_l17_s109024_mpnn43, skipping interface scoring
Base AF2 filters not passed for 6W1F-pep3_l17_s109024_mpnn44, skipping interface scoring
Base AF2 filters not passed for 6W1F-pep3_l17_s109024_mpnn45, skipping interface scoring
Base AF2 filters not passed for 6W1F-pep3_l17_s109024_mpnn46, skipping interface scoring
Base AF2 filters not passed for 6W1F-pep3_l17_s109024_mpnn47, skipping interface scoring
Base AF2 filters not passed for 6W1F-pep3_l17_s109024_mpnn48, skipping interface scoring
Base AF2 filters not passed for 6W1F-pep3_l17_s109024_mpnn49, skipping interface scoring
Base AF2 filters not passed for 6W1F-pep3_l17_s109024_mpnn50, skipping interface scoring
No accepted MPNN designs found for this trajectory.

Design and validation of trajectory 6W1F-pep3_l17_s109024 took: 0 hours, 16 minutes, 24 seconds

Processing trajectory 6W1F-pep3_l13_s26401
Base AF2 filters not passed for 6W1F-pep3_l13_s26401_mpnn1, skipping interface scoring
Base AF2 filters not passed for 6W1F-pep3_l13_s26401_mpnn2, skipping interface scoring
Base AF2 filters not passed for 6W1F-pep3_l13_s26401_mpnn3, skipping interface scoring
Base AF2 filters not passed for 6W1F-pep3_l13_s26401_mpnn4, skipping interface scoring
Base AF2 filters not passed for 6W1F-pep3_l13_s26401_mpnn5, skipping interface scoring
Base AF2 filters not passed for 6W1F-pep3_l13_s26401_mpnn6, skipping interface scoring
Base AF2 filters not passed for 6W1F-pep3_l13_s26401_mpnn7, skipping interface scoring
Base AF2 filters not passed for 6W1F-pep3_l13_s26401_mpnn8, skipping interface scoring
Base AF2 filters not passed for 6W1F-pep3_l13_s26401_mpnn9, skipping interface scoring
Base AF2 filters not passed for 6W1F-pep3_l13_s26401_mpnn10, skipping interface scoring
Base AF2 filters not passed for 6W1F-pep3_l13_s26401_mpnn11, skipping interface scoring
Base AF2 filters not passed for 6W1F-pep3_l13_s26401_mpnn12, skipping interface scoring
Base AF2 filters not passed for 6W1F-pep3_l13_s26401_mpnn13, skipping interface scoring
Base AF2 filters not passed for 6W1F-pep3_l13_s26401_mpnn14, skipping interface scoring
Base AF2 filters not passed for 6W1F-pep3_l13_s26401_mpnn15, skipping interface scoring
Base AF2 filters not passed for 6W1F-pep3_l13_s26401_mpnn16, skipping interface scoring
Base AF2 filters not passed for 6W1F-pep3_l13_s26401_mpnn17, skipping interface scoring
Base AF2 filters not passed for 6W1F-pep3_l13_s26401_mpnn18, skipping interface scoring
Base AF2 filters not passed for 6W1F-pep3_l13_s26401_mpnn19, skipping interface scoring
Base AF2 filters not passed for 6W1F-pep3_l13_s26401_mpnn20, skipping interface scoring
Base AF2 filters not passed for 6W1F-pep3_l13_s26401_mpnn21, skipping interface scoring
Base AF2 filters not passed for 6W1F-pep3_l13_s26401_mpnn22, skipping interface scoring
Base AF2 filters not passed for 6W1F-pep3_l13_s26401_mpnn23, skipping interface scoring
Base AF2 filters not passed for 6W1F-pep3_l13_s26401_mpnn24, skipping interface scoring
Base AF2 filters not passed for 6W1F-pep3_l13_s26401_mpnn25, skipping interface scoring
Base AF2 filters not passed for 6W1F-pep3_l13_s26401_mpnn26, skipping interface scoring
Base AF2 filters not passed for 6W1F-pep3_l13_s26401_mpnn27, skipping interface scoring
Base AF2 filters not passed for 6W1F-pep3_l13_s26401_mpnn28, skipping interface scoring
Base AF2 filters not passed for 6W1F-pep3_l13_s26401_mpnn29, skipping interface scoring
Base AF2 filters not passed for 6W1F-pep3_l13_s26401_mpnn30, skipping interface scoring
Base AF2 filters not passed for 6W1F-pep3_l13_s26401_mpnn31, skipping interface scoring
Base AF2 filters not passed for 6W1F-pep3_l13_s26401_mpnn32, skipping interface scoring
Base AF2 filters not passed for 6W1F-pep3_l13_s26401_mpnn33, skipping interface scoring
Base AF2 filters not passed for 6W1F-pep3_l13_s26401_mpnn34, skipping interface scoring
Base AF2 filters not passed for 6W1F-pep3_l13_s26401_mpnn35, skipping interface scoring
Base AF2 filters not passed for 6W1F-pep3_l13_s26401_mpnn36, skipping interface scoring
Base AF2 filters not passed for 6W1F-pep3_l13_s26401_mpnn37, skipping interface scoring
Base AF2 filters not passed for 6W1F-pep3_l13_s26401_mpnn38, skipping interface scoring
Base AF2 filters not passed for 6W1F-pep3_l13_s26401_mpnn39, skipping interface scoring
Base AF2 filters not passed for 6W1F-pep3_l13_s26401_mpnn40, skipping interface scoring
No accepted MPNN designs found for this trajectory.

Design and validation of trajectory 6W1F-pep3_l13_s26401 took: 0 hours, 14 minutes, 50 seconds

Processing trajectory 6W1F-pep3_l17_s321009
Base AF2 filters not passed for 6W1F-pep3_l17_s321009_mpnn1, skipping interface scoring
Base AF2 filters not passed for 6W1F-pep3_l17_s321009_mpnn2, skipping interface scoring
Base AF2 filters not passed for 6W1F-pep3_l17_s321009_mpnn3, skipping interface scoring
Base AF2 filters not passed for 6W1F-pep3_l17_s321009_mpnn4, skipping interface scoring
Base AF2 filters not passed for 6W1F-pep3_l17_s321009_mpnn5, skipping interface scoring
Base AF2 filters not passed for 6W1F-pep3_l17_s321009_mpnn6, skipping interface scoring
Base AF2 filters not passed for 6W1F-pep3_l17_s321009_mpnn7, skipping interface scoring
Base AF2 filters not passed for 6W1F-pep3_l17_s321009_mpnn8, skipping interface scoring
Base AF2 filters not passed for 6W1F-pep3_l17_s321009_mpnn9, skipping interface scoring
Base AF2 filters not passed for 6W1F-pep3_l17_s321009_mpnn10, skipping interface scoring
Base AF2 filters not passed for 6W1F-pep3_l17_s321009_mpnn11, skipping interface scoring
Base AF2 filters not passed for 6W1F-pep3_l17_s321009_mpnn12, skipping interface scoring
Base AF2 filters not passed for 6W1F-pep3_l17_s321009_mpnn13, skipping interface scoring
Base AF2 filters not passed for 6W1F-pep3_l17_s321009_mpnn14, skipping interface scoring
Base AF2 filters not passed for 6W1F-pep3_l17_s321009_mpnn15, skipping interface scoring
Base AF2 filters not passed for 6W1F-pep3_l17_s321009_mpnn16, skipping interface scoring
Base AF2 filters not passed for 6W1F-pep3_l17_s321009_mpnn17, skipping interface scoring
Base AF2 filters not passed for 6W1F-pep3_l17_s321009_mpnn18, skipping interface scoring
Base AF2 filters not passed for 6W1F-pep3_l17_s321009_mpnn19, skipping interface scoring
Base AF2 filters not passed for 6W1F-pep3_l17_s321009_mpnn20, skipping interface scoring
Base AF2 filters not passed for 6W1F-pep3_l17_s321009_mpnn21, skipping interface scoring
Base AF2 filters not passed for 6W1F-pep3_l17_s321009_mpnn22, skipping interface scoring
Base AF2 filters not passed for 6W1F-pep3_l17_s321009_mpnn23, skipping interface scoring
Base AF2 filters not passed for 6W1F-pep3_l17_s321009_mpnn24, skipping interface scoring
Base AF2 filters not passed for 6W1F-pep3_l17_s321009_mpnn25, skipping interface scoring
Base AF2 filters not passed for 6W1F-pep3_l17_s321009_mpnn26, skipping interface scoring
Base AF2 filters not passed for 6W1F-pep3_l17_s321009_mpnn27, skipping interface scoring
Base AF2 filters not passed for 6W1F-pep3_l17_s321009_mpnn28, skipping interface scoring
Base AF2 filters not passed for 6W1F-pep3_l17_s321009_mpnn29, skipping interface scoring
Base AF2 filters not passed for 6W1F-pep3_l17_s321009_mpnn30, skipping interface scoring
Base AF2 filters not passed for 6W1F-pep3_l17_s321009_mpnn31, skipping interface scoring
Base AF2 filters not passed for 6W1F-pep3_l17_s321009_mpnn32, skipping interface scoring
Base AF2 filters not passed for 6W1F-pep3_l17_s321009_mpnn33, skipping interface scoring
Base AF2 filters not passed for 6W1F-pep3_l17_s321009_mpnn34, skipping interface scoring
Base AF2 filters not passed for 6W1F-pep3_l17_s321009_mpnn35, skipping interface scoring
Base AF2 filters not passed for 6W1F-pep3_l17_s321009_mpnn36, skipping interface scoring
Base AF2 filters not passed for 6W1F-pep3_l17_s321009_mpnn37, skipping interface scoring
Base AF2 filters not passed for 6W1F-pep3_l17_s321009_mpnn38, skipping interface scoring
Base AF2 filters not passed for 6W1F-pep3_l17_s321009_mpnn39, skipping interface scoring
Base AF2 filters not passed for 6W1F-pep3_l17_s321009_mpnn40, skipping interface scoring
Base AF2 filters not passed for 6W1F-pep3_l17_s321009_mpnn41, skipping interface scoring
Base AF2 filters not passed for 6W1F-pep3_l17_s321009_mpnn42, skipping interface scoring
Base AF2 filters not passed for 6W1F-pep3_l17_s321009_mpnn43, skipping interface scoring
Base AF2 filters not passed for 6W1F-pep3_l17_s321009_mpnn44, skipping interface scoring
Base AF2 filters not passed for 6W1F-pep3_l17_s321009_mpnn45, skipping interface scoring
Base AF2 filters not passed for 6W1F-pep3_l17_s321009_mpnn46, skipping interface scoring
Base AF2 filters not passed for 6W1F-pep3_l17_s321009_mpnn47, skipping interface scoring
Base AF2 filters not passed for 6W1F-pep3_l17_s321009_mpnn48, skipping interface scoring
No accepted MPNN designs found for this trajectory.

Design and validation of trajectory 6W1F-pep3_l17_s321009 took: 0 hours, 16 minutes, 59 seconds

Processing trajectory 6W1F-pep3_l16_s536855
Base AF2 filters not passed for 6W1F-pep3_l16_s536855_mpnn1, skipping interface scoring
Base AF2 filters not passed for 6W1F-pep3_l16_s536855_mpnn2, skipping interface scoring
Base AF2 filters not passed for 6W1F-pep3_l16_s536855_mpnn3, skipping interface scoring
Base AF2 filters not passed for 6W1F-pep3_l16_s536855_mpnn4, skipping interface scoring
Base AF2 filters not passed for 6W1F-pep3_l16_s536855_mpnn5, skipping interface scoring
Base AF2 filters not passed for 6W1F-pep3_l16_s536855_mpnn6, skipping interface scoring
Base AF2 filters not passed for 6W1F-pep3_l16_s536855_mpnn7, skipping interface scoring
Base AF2 filters not passed for 6W1F-pep3_l16_s536855_mpnn8, skipping interface scoring
Base AF2 filters not passed for 6W1F-pep3_l16_s536855_mpnn9, skipping interface scoring
Base AF2 filters not passed for 6W1F-pep3_l16_s536855_mpnn10, skipping interface scoring
Base AF2 filters not passed for 6W1F-pep3_l16_s536855_mpnn11, skipping interface scoring
Base AF2 filters not passed for 6W1F-pep3_l16_s536855_mpnn12, skipping interface scoring
Base AF2 filters not passed for 6W1F-pep3_l16_s536855_mpnn13, skipping interface scoring
Base AF2 filters not passed for 6W1F-pep3_l16_s536855_mpnn14, skipping interface scoring
Base AF2 filters not passed for 6W1F-pep3_l16_s536855_mpnn15, skipping interface scoring
Base AF2 filters not passed for 6W1F-pep3_l16_s536855_mpnn16, skipping interface scoring
Base AF2 filters not passed for 6W1F-pep3_l16_s536855_mpnn17, skipping interface scoring
Base AF2 filters not passed for 6W1F-pep3_l16_s536855_mpnn18, skipping interface scoring
Base AF2 filters not passed for 6W1F-pep3_l16_s536855_mpnn19, skipping interface scoring
Base AF2 filters not passed for 6W1F-pep3_l16_s536855_mpnn20, skipping interface scoring
Base AF2 filters not passed for 6W1F-pep3_l16_s536855_mpnn21, skipping interface scoring
Base AF2 filters not passed for 6W1F-pep3_l16_s536855_mpnn22, skipping interface scoring
Base AF2 filters not passed for 6W1F-pep3_l16_s536855_mpnn23, skipping interface scoring
Base AF2 filters not passed for 6W1F-pep3_l16_s536855_mpnn24, skipping interface scoring
Base AF2 filters not passed for 6W1F-pep3_l16_s536855_mpnn25, skipping interface scoring
Base AF2 filters not passed for 6W1F-pep3_l16_s536855_mpnn26, skipping interface scoring
Base AF2 filters not passed for 6W1F-pep3_l16_s536855_mpnn27, skipping interface scoring
Base AF2 filters not passed for 6W1F-pep3_l16_s536855_mpnn28, skipping interface scoring
Base AF2 filters not passed for 6W1F-pep3_l16_s536855_mpnn29, skipping interface scoring
Base AF2 filters not passed for 6W1F-pep3_l16_s536855_mpnn30, skipping interface scoring
Base AF2 filters not passed for 6W1F-pep3_l16_s536855_mpnn31, skipping interface scoring
Base AF2 filters not passed for 6W1F-pep3_l16_s536855_mpnn32, skipping interface scoring
Base AF2 filters not passed for 6W1F-pep3_l16_s536855_mpnn33, skipping interface scoring
Base AF2 filters not passed for 6W1F-pep3_l16_s536855_mpnn34, skipping interface scoring
Base AF2 filters not passed for 6W1F-pep3_l16_s536855_mpnn35, skipping interface scoring
Base AF2 filters not passed for 6W1F-pep3_l16_s536855_mpnn36, skipping interface scoring
Base AF2 filters not passed for 6W1F-pep3_l16_s536855_mpnn37, skipping interface scoring
Base AF2 filters not passed for 6W1F-pep3_l16_s536855_mpnn38, skipping interface scoring
Base AF2 filters not passed for 6W1F-pep3_l16_s536855_mpnn39, skipping interface scoring
Base AF2 filters not passed for 6W1F-pep3_l16_s536855_mpnn40, skipping interface scoring
Base AF2 filters not passed for 6W1F-pep3_l16_s536855_mpnn41, skipping interface scoring
Base AF2 filters not passed for 6W1F-pep3_l16_s536855_mpnn42, skipping interface scoring
Base AF2 filters not passed for 6W1F-pep3_l16_s536855_mpnn43, skipping interface scoring
No accepted MPNN designs found for this trajectory.

Design and validation of trajectory 6W1F-pep3_l16_s536855 took: 0 hours, 12 minutes, 46 seconds

Processing trajectory 6W1F-pep3_l14_s55732
Base AF2 filters not passed for 6W1F-pep3_l14_s55732_mpnn1, skipping interface scoring
Base AF2 filters not passed for 6W1F-pep3_l14_s55732_mpnn2, skipping interface scoring
Base AF2 filters not passed for 6W1F-pep3_l14_s55732_mpnn3, skipping interface scoring
Base AF2 filters not passed for 6W1F-pep3_l14_s55732_mpnn4, skipping interface scoring
Base AF2 filters not passed for 6W1F-pep3_l14_s55732_mpnn5, skipping interface scoring
Unmet filter conditions for 6W1F-pep3_l14_s55732_mpnn6
Base AF2 filters not passed for 6W1F-pep3_l14_s55732_mpnn7, skipping interface scoring
Base AF2 filters not passed for 6W1F-pep3_l14_s55732_mpnn8, skipping interface scoring
Base AF2 filters not passed for 6W1F-pep3_l14_s55732_mpnn9, skipping interface scoring
Base AF2 filters not passed for 6W1F-pep3_l14_s55732_mpnn10, skipping interface scoring
Base AF2 filters not passed for 6W1F-pep3_l14_s55732_mpnn11, skipping interface scoring
Base AF2 filters not passed for 6W1F-pep3_l14_s55732_mpnn12, skipping interface scoring
Base AF2 filters not passed for 6W1F-pep3_l14_s55732_mpnn13, skipping interface scoring
Base AF2 filters not passed for 6W1F-pep3_l14_s55732_mpnn14, skipping interface scoring
Base AF2 filters not passed for 6W1F-pep3_l14_s55732_mpnn15, skipping interface scoring
Base AF2 filters not passed for 6W1F-pep3_l14_s55732_mpnn16, skipping interface scoring
Base AF2 filters not passed for 6W1F-pep3_l14_s55732_mpnn17, skipping interface scoring
Base AF2 filters not passed for 6W1F-pep3_l14_s55732_mpnn18, skipping interface scoring
Base AF2 filters not passed for 6W1F-pep3_l14_s55732_mpnn19, skipping interface scoring
Base AF2 filters not passed for 6W1F-pep3_l14_s55732_mpnn20, skipping interface scoring
Base AF2 filters not passed for 6W1F-pep3_l14_s55732_mpnn21, skipping interface scoring
Base AF2 filters not passed for 6W1F-pep3_l14_s55732_mpnn22, skipping interface scoring
Unmet filter conditions for 6W1F-pep3_l14_s55732_mpnn23
Base AF2 filters not passed for 6W1F-pep3_l14_s55732_mpnn24, skipping interface scoring
Base AF2 filters not passed for 6W1F-pep3_l14_s55732_mpnn25, skipping interface scoring
Base AF2 filters not passed for 6W1F-pep3_l14_s55732_mpnn26, skipping interface scoring
Base AF2 filters not passed for 6W1F-pep3_l14_s55732_mpnn27, skipping interface scoring
Base AF2 filters not passed for 6W1F-pep3_l14_s55732_mpnn28, skipping interface scoring
Base AF2 filters not passed for 6W1F-pep3_l14_s55732_mpnn29, skipping interface scoring
Base AF2 filters not passed for 6W1F-pep3_l14_s55732_mpnn30, skipping interface scoring
Base AF2 filters not passed for 6W1F-pep3_l14_s55732_mpnn31, skipping interface scoring
Base AF2 filters not passed for 6W1F-pep3_l14_s55732_mpnn32, skipping interface scoring
Base AF2 filters not passed for 6W1F-pep3_l14_s55732_mpnn33, skipping interface scoring
Base AF2 filters not passed for 6W1F-pep3_l14_s55732_mpnn34, skipping interface scoring
Base AF2 filters not passed for 6W1F-pep3_l14_s55732_mpnn35, skipping interface scoring
Base AF2 filters not passed for 6W1F-pep3_l14_s55732_mpnn36, skipping interface scoring
Base AF2 filters not passed for 6W1F-pep3_l14_s55732_mpnn37, skipping interface scoring
Base AF2 filters not passed for 6W1F-pep3_l14_s55732_mpnn38, skipping interface scoring
Base AF2 filters not passed for 6W1F-pep3_l14_s55732_mpnn39, skipping interface scoring
No accepted MPNN designs found for this trajectory.

Design and validation of trajectory 6W1F-pep3_l14_s55732 took: 0 hours, 25 minutes, 41 seconds

Processing trajectory 6W1F-pep3_l16_s586901
Base AF2 filters not passed for 6W1F-pep3_l16_s586901_mpnn1, skipping interface scoring
Base AF2 filters not passed for 6W1F-pep3_l16_s586901_mpnn2, skipping interface scoring
Base AF2 filters not passed for 6W1F-pep3_l16_s586901_mpnn3, skipping interface scoring
Base AF2 filters not passed for 6W1F-pep3_l16_s586901_mpnn4, skipping interface scoring
Base AF2 filters not passed for 6W1F-pep3_l16_s586901_mpnn5, skipping interface scoring
Base AF2 filters not passed for 6W1F-pep3_l16_s586901_mpnn6, skipping interface scoring
Base AF2 filters not passed for 6W1F-pep3_l16_s586901_mpnn7, skipping interface scoring
Base AF2 filters not passed for 6W1F-pep3_l16_s586901_mpnn8, skipping interface scoring
Base AF2 filters not passed for 6W1F-pep3_l16_s586901_mpnn9, skipping interface scoring
Base AF2 filters not passed for 6W1F-pep3_l16_s586901_mpnn10, skipping interface scoring
Base AF2 filters not passed for 6W1F-pep3_l16_s586901_mpnn11, skipping interface scoring
Base AF2 filters not passed for 6W1F-pep3_l16_s586901_mpnn12, skipping interface scoring
Base AF2 filters not passed for 6W1F-pep3_l16_s586901_mpnn13, skipping interface scoring
Base AF2 filters not passed for 6W1F-pep3_l16_s586901_mpnn14, skipping interface scoring
Base AF2 filters not passed for 6W1F-pep3_l16_s586901_mpnn15, skipping interface scoring
Base AF2 filters not passed for 6W1F-pep3_l16_s586901_mpnn16, skipping interface scoring
Base AF2 filters not passed for 6W1F-pep3_l16_s586901_mpnn17, skipping interface scoring
Base AF2 filters not passed for 6W1F-pep3_l16_s586901_mpnn18, skipping interface scoring
Base AF2 filters not passed for 6W1F-pep3_l16_s586901_mpnn19, skipping interface scoring
Base AF2 filters not passed for 6W1F-pep3_l16_s586901_mpnn20, skipping interface scoring
Base AF2 filters not passed for 6W1F-pep3_l16_s586901_mpnn21, skipping interface scoring
Base AF2 filters not passed for 6W1F-pep3_l16_s586901_mpnn22, skipping interface scoring
Base AF2 filters not passed for 6W1F-pep3_l16_s586901_mpnn23, skipping interface scoring
Base AF2 filters not passed for 6W1F-pep3_l16_s586901_mpnn24, skipping interface scoring
Base AF2 filters not passed for 6W1F-pep3_l16_s586901_mpnn25, skipping interface scoring
Base AF2 filters not passed for 6W1F-pep3_l16_s586901_mpnn26, skipping interface scoring
Base AF2 filters not passed for 6W1F-pep3_l16_s586901_mpnn27, skipping interface scoring
Base AF2 filters not passed for 6W1F-pep3_l16_s586901_mpnn28, skipping interface scoring
Base AF2 filters not passed for 6W1F-pep3_l16_s586901_mpnn29, skipping interface scoring
Base AF2 filters not passed for 6W1F-pep3_l16_s586901_mpnn30, skipping interface scoring
Base AF2 filters not passed for 6W1F-pep3_l16_s586901_mpnn31, skipping interface scoring
Base AF2 filters not passed for 6W1F-pep3_l16_s586901_mpnn32, skipping interface scoring
Base AF2 filters not passed for 6W1F-pep3_l16_s586901_mpnn33, skipping interface scoring
Base AF2 filters not passed for 6W1F-pep3_l16_s586901_mpnn34, skipping interface scoring
Base AF2 filters not passed for 6W1F-pep3_l16_s586901_mpnn35, skipping interface scoring
Base AF2 filters not passed for 6W1F-pep3_l16_s586901_mpnn36, skipping interface scoring
Base AF2 filters not passed for 6W1F-pep3_l16_s586901_mpnn37, skipping interface scoring
Base AF2 filters not passed for 6W1F-pep3_l16_s586901_mpnn38, skipping interface scoring
Base AF2 filters not passed for 6W1F-pep3_l16_s586901_mpnn39, skipping interface scoring
Base AF2 filters not passed for 6W1F-pep3_l16_s586901_mpnn40, skipping interface scoring
Base AF2 filters not passed for 6W1F-pep3_l16_s586901_mpnn41, skipping interface scoring
Base AF2 filters not passed for 6W1F-pep3_l16_s586901_mpnn42, skipping interface scoring
Base AF2 filters not passed for 6W1F-pep3_l16_s586901_mpnn43, skipping interface scoring
No accepted MPNN designs found for this trajectory.

Design and validation of trajectory 6W1F-pep3_l16_s586901 took: 0 hours, 12 minutes, 48 seconds

Processing trajectory 6W1F-pep3_l15_s388707
Base AF2 filters not passed for 6W1F-pep3_l15_s388707_mpnn1, skipping interface scoring
Base AF2 filters not passed for 6W1F-pep3_l15_s388707_mpnn2, skipping interface scoring
Base AF2 filters not passed for 6W1F-pep3_l15_s388707_mpnn3, skipping interface scoring
Base AF2 filters not passed for 6W1F-pep3_l15_s388707_mpnn4, skipping interface scoring
Base AF2 filters not passed for 6W1F-pep3_l15_s388707_mpnn5, skipping interface scoring
Base AF2 filters not passed for 6W1F-pep3_l15_s388707_mpnn6, skipping interface scoring
Base AF2 filters not passed for 6W1F-pep3_l15_s388707_mpnn7, skipping interface scoring
Base AF2 filters not passed for 6W1F-pep3_l15_s388707_mpnn8, skipping interface scoring
Base AF2 filters not passed for 6W1F-pep3_l15_s388707_mpnn9, skipping interface scoring
Base AF2 filters not passed for 6W1F-pep3_l15_s388707_mpnn10, skipping interface scoring
Base AF2 filters not passed for 6W1F-pep3_l15_s388707_mpnn11, skipping interface scoring
Base AF2 filters not passed for 6W1F-pep3_l15_s388707_mpnn12, skipping interface scoring
Base AF2 filters not passed for 6W1F-pep3_l15_s388707_mpnn13, skipping interface scoring
Base AF2 filters not passed for 6W1F-pep3_l15_s388707_mpnn14, skipping interface scoring
Base AF2 filters not passed for 6W1F-pep3_l15_s388707_mpnn15, skipping interface scoring
Base AF2 filters not passed for 6W1F-pep3_l15_s388707_mpnn16, skipping interface scoring
Base AF2 filters not passed for 6W1F-pep3_l15_s388707_mpnn17, skipping interface scoring
Base AF2 filters not passed for 6W1F-pep3_l15_s388707_mpnn18, skipping interface scoring
Base AF2 filters not passed for 6W1F-pep3_l15_s388707_mpnn19, skipping interface scoring
Base AF2 filters not passed for 6W1F-pep3_l15_s388707_mpnn20, skipping interface scoring
Base AF2 filters not passed for 6W1F-pep3_l15_s388707_mpnn21, skipping interface scoring
Base AF2 filters not passed for 6W1F-pep3_l15_s388707_mpnn22, skipping interface scoring
Base AF2 filters not passed for 6W1F-pep3_l15_s388707_mpnn23, skipping interface scoring
Base AF2 filters not passed for 6W1F-pep3_l15_s388707_mpnn24, skipping interface scoring
Base AF2 filters not passed for 6W1F-pep3_l15_s388707_mpnn25, skipping interface scoring
Base AF2 filters not passed for 6W1F-pep3_l15_s388707_mpnn26, skipping interface scoring
Base AF2 filters not passed for 6W1F-pep3_l15_s388707_mpnn27, skipping interface scoring
Base AF2 filters not passed for 6W1F-pep3_l15_s388707_mpnn28, skipping interface scoring
Base AF2 filters not passed for 6W1F-pep3_l15_s388707_mpnn29, skipping interface scoring
Base AF2 filters not passed for 6W1F-pep3_l15_s388707_mpnn30, skipping interface scoring
Base AF2 filters not passed for 6W1F-pep3_l15_s388707_mpnn31, skipping interface scoring
6W1F-pep3_l15_s388707_mpnn32 passed all filters
Base AF2 filters not passed for 6W1F-pep3_l15_s388707_mpnn33, skipping interface scoring
Base AF2 filters not passed for 6W1F-pep3_l15_s388707_mpnn34, skipping interface scoring
Base AF2 filters not passed for 6W1F-pep3_l15_s388707_mpnn35, skipping interface scoring
Base AF2 filters not passed for 6W1F-pep3_l15_s388707_mpnn36, skipping interface scoring
Base AF2 filters not passed for 6W1F-pep3_l15_s388707_mpnn37, skipping interface scoring
Base AF2 filters not passed for 6W1F-pep3_l15_s388707_mpnn38, skipping interface scoring
Base AF2 filters not passed for 6W1F-pep3_l15_s388707_mpnn39, skipping interface scoring
Base AF2 filters not passed for 6W1F-pep3_l15_s388707_mpnn40, skipping interface scoring
Found 1 MPNN designs passing filters

Design and validation of trajectory 6W1F-pep3_l15_s388707 took: 0 hours, 19 minutes, 4 seconds

Processing trajectory 6W1F-pep3_l15_s310591
Base AF2 filters not passed for 6W1F-pep3_l15_s310591_mpnn1, skipping interface scoring
Base AF2 filters not passed for 6W1F-pep3_l15_s310591_mpnn2, skipping interface scoring
Base AF2 filters not passed for 6W1F-pep3_l15_s310591_mpnn3, skipping interface scoring
Base AF2 filters not passed for 6W1F-pep3_l15_s310591_mpnn4, skipping interface scoring
Base AF2 filters not passed for 6W1F-pep3_l15_s310591_mpnn5, skipping interface scoring
Base AF2 filters not passed for 6W1F-pep3_l15_s310591_mpnn6, skipping interface scoring
Base AF2 filters not passed for 6W1F-pep3_l15_s310591_mpnn7, skipping interface scoring
Base AF2 filters not passed for 6W1F-pep3_l15_s310591_mpnn8, skipping interface scoring
Base AF2 filters not passed for 6W1F-pep3_l15_s310591_mpnn9, skipping interface scoring
Base AF2 filters not passed for 6W1F-pep3_l15_s310591_mpnn10, skipping interface scoring
Base AF2 filters not passed for 6W1F-pep3_l15_s310591_mpnn11, skipping interface scoring
Base AF2 filters not passed for 6W1F-pep3_l15_s310591_mpnn12, skipping interface scoring
Base AF2 filters not passed for 6W1F-pep3_l15_s310591_mpnn13, skipping interface scoring
Base AF2 filters not passed for 6W1F-pep3_l15_s310591_mpnn14, skipping interface scoring
Base AF2 filters not passed for 6W1F-pep3_l15_s310591_mpnn15, skipping interface scoring
Base AF2 filters not passed for 6W1F-pep3_l15_s310591_mpnn16, skipping interface scoring
Base AF2 filters not passed for 6W1F-pep3_l15_s310591_mpnn17, skipping interface scoring
Base AF2 filters not passed for 6W1F-pep3_l15_s310591_mpnn18, skipping interface scoring
Base AF2 filters not passed for 6W1F-pep3_l15_s310591_mpnn19, skipping interface scoring
Base AF2 filters not passed for 6W1F-pep3_l15_s310591_mpnn20, skipping interface scoring
Base AF2 filters not passed for 6W1F-pep3_l15_s310591_mpnn21, skipping interface scoring
Base AF2 filters not passed for 6W1F-pep3_l15_s310591_mpnn22, skipping interface scoring
Base AF2 filters not passed for 6W1F-pep3_l15_s310591_mpnn23, skipping interface scoring
Base AF2 filters not passed for 6W1F-pep3_l15_s310591_mpnn24, skipping interface scoring
Base AF2 filters not passed for 6W1F-pep3_l15_s310591_mpnn25, skipping interface scoring
Base AF2 filters not passed for 6W1F-pep3_l15_s310591_mpnn26, skipping interface scoring
No accepted MPNN designs found for this trajectory.

Design and validation of trajectory 6W1F-pep3_l15_s310591 took: 0 hours, 11 minutes, 5 seconds

Processing trajectory 6W1F-pep3_l15_s330378
Base AF2 filters not passed for 6W1F-pep3_l15_s330378_mpnn1, skipping interface scoring
Base AF2 filters not passed for 6W1F-pep3_l15_s330378_mpnn2, skipping interface scoring
Unmet filter conditions for 6W1F-pep3_l15_s330378_mpnn3
Unmet filter conditions for 6W1F-pep3_l15_s330378_mpnn4
Unmet filter conditions for 6W1F-pep3_l15_s330378_mpnn5
Unmet filter conditions for 6W1F-pep3_l15_s330378_mpnn6
Base AF2 filters not passed for 6W1F-pep3_l15_s330378_mpnn7, skipping interface scoring
Unmet filter conditions for 6W1F-pep3_l15_s330378_mpnn8
Base AF2 filters not passed for 6W1F-pep3_l15_s330378_mpnn9, skipping interface scoring
Base AF2 filters not passed for 6W1F-pep3_l15_s330378_mpnn10, skipping interface scoring
Base AF2 filters not passed for 6W1F-pep3_l15_s330378_mpnn11, skipping interface scoring
Unmet filter conditions for 6W1F-pep3_l15_s330378_mpnn12
Base AF2 filters not passed for 6W1F-pep3_l15_s330378_mpnn13, skipping interface scoring
Base AF2 filters not passed for 6W1F-pep3_l15_s330378_mpnn14, skipping interface scoring
Unmet filter conditions for 6W1F-pep3_l15_s330378_mpnn15
Unmet filter conditions for 6W1F-pep3_l15_s330378_mpnn16
Base AF2 filters not passed for 6W1F-pep3_l15_s330378_mpnn17, skipping interface scoring
Unmet filter conditions for 6W1F-pep3_l15_s330378_mpnn18
Base AF2 filters not passed for 6W1F-pep3_l15_s330378_mpnn19, skipping interface scoring
Base AF2 filters not passed for 6W1F-pep3_l15_s330378_mpnn20, skipping interface scoring
Unmet filter conditions for 6W1F-pep3_l15_s330378_mpnn21
Base AF2 filters not passed for 6W1F-pep3_l15_s330378_mpnn22, skipping interface scoring
Base AF2 filters not passed for 6W1F-pep3_l15_s330378_mpnn23, skipping interface scoring
Base AF2 filters not passed for 6W1F-pep3_l15_s330378_mpnn24, skipping interface scoring
Base AF2 filters not passed for 6W1F-pep3_l15_s330378_mpnn25, skipping interface scoring
Unmet filter conditions for 6W1F-pep3_l15_s330378_mpnn26
Base AF2 filters not passed for 6W1F-pep3_l15_s330378_mpnn27, skipping interface scoring
Base AF2 filters not passed for 6W1F-pep3_l15_s330378_mpnn28, skipping interface scoring
Base AF2 filters not passed for 6W1F-pep3_l15_s330378_mpnn29, skipping interface scoring
Unmet filter conditions for 6W1F-pep3_l15_s330378_mpnn30
Base AF2 filters not passed for 6W1F-pep3_l15_s330378_mpnn31, skipping interface scoring
Base AF2 filters not passed for 6W1F-pep3_l15_s330378_mpnn32, skipping interface scoring
Base AF2 filters not passed for 6W1F-pep3_l15_s330378_mpnn33, skipping interface scoring
Unmet filter conditions for 6W1F-pep3_l15_s330378_mpnn34
Base AF2 filters not passed for 6W1F-pep3_l15_s330378_mpnn35, skipping interface scoring
Base AF2 filters not passed for 6W1F-pep3_l15_s330378_mpnn36, skipping interface scoring
Base AF2 filters not passed for 6W1F-pep3_l15_s330378_mpnn37, skipping interface scoring
Base AF2 filters not passed for 6W1F-pep3_l15_s330378_mpnn38, skipping interface scoring
Base AF2 filters not passed for 6W1F-pep3_l15_s330378_mpnn39, skipping interface scoring
Base AF2 filters not passed for 6W1F-pep3_l15_s330378_mpnn40, skipping interface scoring
Base AF2 filters not passed for 6W1F-pep3_l15_s330378_mpnn41, skipping interface scoring
Base AF2 filters not passed for 6W1F-pep3_l15_s330378_mpnn42, skipping interface scoring
Base AF2 filters not passed for 6W1F-pep3_l15_s330378_mpnn43, skipping interface scoring
Unmet filter conditions for 6W1F-pep3_l15_s330378_mpnn44
Unmet filter conditions for 6W1F-pep3_l15_s330378_mpnn45
Base AF2 filters not passed for 6W1F-pep3_l15_s330378_mpnn46, skipping interface scoring
Base AF2 filters not passed for 6W1F-pep3_l15_s330378_mpnn47, skipping interface scoring
Base AF2 filters not passed for 6W1F-pep3_l15_s330378_mpnn48, skipping interface scoring
No accepted MPNN designs found for this trajectory.

Design and validation of trajectory 6W1F-pep3_l15_s330378 took: 1 hours, 47 minutes, 10 seconds

Processing trajectory 6W1F-pep3_l14_s301048
Base AF2 filters not passed for 6W1F-pep3_l14_s301048_mpnn1, skipping interface scoring
Base AF2 filters not passed for 6W1F-pep3_l14_s301048_mpnn2, skipping interface scoring
Base AF2 filters not passed for 6W1F-pep3_l14_s301048_mpnn3, skipping interface scoring
Base AF2 filters not passed for 6W1F-pep3_l14_s301048_mpnn4, skipping interface scoring
Base AF2 filters not passed for 6W1F-pep3_l14_s301048_mpnn5, skipping interface scoring
Base AF2 filters not passed for 6W1F-pep3_l14_s301048_mpnn6, skipping interface scoring
Base AF2 filters not passed for 6W1F-pep3_l14_s301048_mpnn7, skipping interface scoring
Base AF2 filters not passed for 6W1F-pep3_l14_s301048_mpnn8, skipping interface scoring
Base AF2 filters not passed for 6W1F-pep3_l14_s301048_mpnn9, skipping interface scoring
Base AF2 filters not passed for 6W1F-pep3_l14_s301048_mpnn10, skipping interface scoring
Base AF2 filters not passed for 6W1F-pep3_l14_s301048_mpnn11, skipping interface scoring
Base AF2 filters not passed for 6W1F-pep3_l14_s301048_mpnn12, skipping interface scoring
Base AF2 filters not passed for 6W1F-pep3_l14_s301048_mpnn13, skipping interface scoring
Base AF2 filters not passed for 6W1F-pep3_l14_s301048_mpnn14, skipping interface scoring
Base AF2 filters not passed for 6W1F-pep3_l14_s301048_mpnn15, skipping interface scoring
Base AF2 filters not passed for 6W1F-pep3_l14_s301048_mpnn16, skipping interface scoring
Base AF2 filters not passed for 6W1F-pep3_l14_s301048_mpnn17, skipping interface scoring
Base AF2 filters not passed for 6W1F-pep3_l14_s301048_mpnn18, skipping interface scoring
Base AF2 filters not passed for 6W1F-pep3_l14_s301048_mpnn19, skipping interface scoring
Base AF2 filters not passed for 6W1F-pep3_l14_s301048_mpnn20, skipping interface scoring
Base AF2 filters not passed for 6W1F-pep3_l14_s301048_mpnn21, skipping interface scoring
Base AF2 filters not passed for 6W1F-pep3_l14_s301048_mpnn22, skipping interface scoring
Base AF2 filters not passed for 6W1F-pep3_l14_s301048_mpnn23, skipping interface scoring
Base AF2 filters not passed for 6W1F-pep3_l14_s301048_mpnn24, skipping interface scoring
Base AF2 filters not passed for 6W1F-pep3_l14_s301048_mpnn25, skipping interface scoring
Base AF2 filters not passed for 6W1F-pep3_l14_s301048_mpnn26, skipping interface scoring
Base AF2 filters not passed for 6W1F-pep3_l14_s301048_mpnn27, skipping interface scoring
Base AF2 filters not passed for 6W1F-pep3_l14_s301048_mpnn28, skipping interface scoring
Base AF2 filters not passed for 6W1F-pep3_l14_s301048_mpnn29, skipping interface scoring
Base AF2 filters not passed for 6W1F-pep3_l14_s301048_mpnn30, skipping interface scoring
Base AF2 filters not passed for 6W1F-pep3_l14_s301048_mpnn31, skipping interface scoring
Base AF2 filters not passed for 6W1F-pep3_l14_s301048_mpnn32, skipping interface scoring
Base AF2 filters not passed for 6W1F-pep3_l14_s301048_mpnn33, skipping interface scoring
No accepted MPNN designs found for this trajectory.

Design and validation of trajectory 6W1F-pep3_l14_s301048 took: 0 hours, 10 minutes, 33 seconds

Processing trajectory 6W1F-pep3_l14_s773834
Base AF2 filters not passed for 6W1F-pep3_l14_s773834_mpnn1, skipping interface scoring
Base AF2 filters not passed for 6W1F-pep3_l14_s773834_mpnn2, skipping interface scoring
Base AF2 filters not passed for 6W1F-pep3_l14_s773834_mpnn3, skipping interface scoring
Base AF2 filters not passed for 6W1F-pep3_l14_s773834_mpnn4, skipping interface scoring
Base AF2 filters not passed for 6W1F-pep3_l14_s773834_mpnn5, skipping interface scoring
Base AF2 filters not passed for 6W1F-pep3_l14_s773834_mpnn6, skipping interface scoring
Base AF2 filters not passed for 6W1F-pep3_l14_s773834_mpnn7, skipping interface scoring
Base AF2 filters not passed for 6W1F-pep3_l14_s773834_mpnn8, skipping interface scoring
Base AF2 filters not passed for 6W1F-pep3_l14_s773834_mpnn9, skipping interface scoring
Base AF2 filters not passed for 6W1F-pep3_l14_s773834_mpnn10, skipping interface scoring
Base AF2 filters not passed for 6W1F-pep3_l14_s773834_mpnn11, skipping interface scoring
Base AF2 filters not passed for 6W1F-pep3_l14_s773834_mpnn12, skipping interface scoring
Base AF2 filters not passed for 6W1F-pep3_l14_s773834_mpnn13, skipping interface scoring
Base AF2 filters not passed for 6W1F-pep3_l14_s773834_mpnn14, skipping interface scoring
Base AF2 filters not passed for 6W1F-pep3_l14_s773834_mpnn15, skipping interface scoring
Base AF2 filters not passed for 6W1F-pep3_l14_s773834_mpnn16, skipping interface scoring
Base AF2 filters not passed for 6W1F-pep3_l14_s773834_mpnn17, skipping interface scoring
Base AF2 filters not passed for 6W1F-pep3_l14_s773834_mpnn18, skipping interface scoring
Base AF2 filters not passed for 6W1F-pep3_l14_s773834_mpnn19, skipping interface scoring
Base AF2 filters not passed for 6W1F-pep3_l14_s773834_mpnn20, skipping interface scoring
Base AF2 filters not passed for 6W1F-pep3_l14_s773834_mpnn21, skipping interface scoring
Base AF2 filters not passed for 6W1F-pep3_l14_s773834_mpnn22, skipping interface scoring
Base AF2 filters not passed for 6W1F-pep3_l14_s773834_mpnn23, skipping interface scoring
Base AF2 filters not passed for 6W1F-pep3_l14_s773834_mpnn24, skipping interface scoring
Base AF2 filters not passed for 6W1F-pep3_l14_s773834_mpnn25, skipping interface scoring
Base AF2 filters not passed for 6W1F-pep3_l14_s773834_mpnn26, skipping interface scoring
Base AF2 filters not passed for 6W1F-pep3_l14_s773834_mpnn27, skipping interface scoring
Base AF2 filters not passed for 6W1F-pep3_l14_s773834_mpnn28, skipping interface scoring
Base AF2 filters not passed for 6W1F-pep3_l14_s773834_mpnn29, skipping interface scoring
Base AF2 filters not passed for 6W1F-pep3_l14_s773834_mpnn30, skipping interface scoring
Base AF2 filters not passed for 6W1F-pep3_l14_s773834_mpnn31, skipping interface scoring
Base AF2 filters not passed for 6W1F-pep3_l14_s773834_mpnn32, skipping interface scoring
Base AF2 filters not passed for 6W1F-pep3_l14_s773834_mpnn33, skipping interface scoring
Base AF2 filters not passed for 6W1F-pep3_l14_s773834_mpnn34, skipping interface scoring
Base AF2 filters not passed for 6W1F-pep3_l14_s773834_mpnn35, skipping interface scoring
Base AF2 filters not passed for 6W1F-pep3_l14_s773834_mpnn36, skipping interface scoring
Base AF2 filters not passed for 6W1F-pep3_l14_s773834_mpnn37, skipping interface scoring
Base AF2 filters not passed for 6W1F-pep3_l14_s773834_mpnn38, skipping interface scoring
Base AF2 filters not passed for 6W1F-pep3_l14_s773834_mpnn39, skipping interface scoring
Base AF2 filters not passed for 6W1F-pep3_l14_s773834_mpnn40, skipping interface scoring
Base AF2 filters not passed for 6W1F-pep3_l14_s773834_mpnn41, skipping interface scoring
Base AF2 filters not passed for 6W1F-pep3_l14_s773834_mpnn42, skipping interface scoring
Base AF2 filters not passed for 6W1F-pep3_l14_s773834_mpnn43, skipping interface scoring
Base AF2 filters not passed for 6W1F-pep3_l14_s773834_mpnn44, skipping interface scoring
Base AF2 filters not passed for 6W1F-pep3_l14_s773834_mpnn45, skipping interface scoring
Base AF2 filters not passed for 6W1F-pep3_l14_s773834_mpnn46, skipping interface scoring
Base AF2 filters not passed for 6W1F-pep3_l14_s773834_mpnn47, skipping interface scoring
Base AF2 filters not passed for 6W1F-pep3_l14_s773834_mpnn48, skipping interface scoring
Base AF2 filters not passed for 6W1F-pep3_l14_s773834_mpnn49, skipping interface scoring
No accepted MPNN designs found for this trajectory.

Design and validation of trajectory 6W1F-pep3_l14_s773834 took: 0 hours, 15 minutes, 19 seconds

Processing trajectory 6W1F-pep3_l17_s730803
Base AF2 filters not passed for 6W1F-pep3_l17_s730803_mpnn1, skipping interface scoring
Base AF2 filters not passed for 6W1F-pep3_l17_s730803_mpnn2, skipping interface scoring
Base AF2 filters not passed for 6W1F-pep3_l17_s730803_mpnn3, skipping interface scoring
Base AF2 filters not passed for 6W1F-pep3_l17_s730803_mpnn4, skipping interface scoring
Base AF2 filters not passed for 6W1F-pep3_l17_s730803_mpnn5, skipping interface scoring
Base AF2 filters not passed for 6W1F-pep3_l17_s730803_mpnn6, skipping interface scoring
Base AF2 filters not passed for 6W1F-pep3_l17_s730803_mpnn7, skipping interface scoring
Base AF2 filters not passed for 6W1F-pep3_l17_s730803_mpnn8, skipping interface scoring
Base AF2 filters not passed for 6W1F-pep3_l17_s730803_mpnn9, skipping interface scoring
Base AF2 filters not passed for 6W1F-pep3_l17_s730803_mpnn10, skipping interface scoring
Base AF2 filters not passed for 6W1F-pep3_l17_s730803_mpnn11, skipping interface scoring
Base AF2 filters not passed for 6W1F-pep3_l17_s730803_mpnn12, skipping interface scoring
6W1F-pep3_l17_s730803_mpnn13 passed all filters
Base AF2 filters not passed for 6W1F-pep3_l17_s730803_mpnn14, skipping interface scoring
Base AF2 filters not passed for 6W1F-pep3_l17_s730803_mpnn15, skipping interface scoring
Base AF2 filters not passed for 6W1F-pep3_l17_s730803_mpnn16, skipping interface scoring
Base AF2 filters not passed for 6W1F-pep3_l17_s730803_mpnn17, skipping interface scoring
Base AF2 filters not passed for 6W1F-pep3_l17_s730803_mpnn18, skipping interface scoring
Base AF2 filters not passed for 6W1F-pep3_l17_s730803_mpnn19, skipping interface scoring
Base AF2 filters not passed for 6W1F-pep3_l17_s730803_mpnn20, skipping interface scoring
Base AF2 filters not passed for 6W1F-pep3_l17_s730803_mpnn21, skipping interface scoring
Base AF2 filters not passed for 6W1F-pep3_l17_s730803_mpnn22, skipping interface scoring
Base AF2 filters not passed for 6W1F-pep3_l17_s730803_mpnn23, skipping interface scoring
Base AF2 filters not passed for 6W1F-pep3_l17_s730803_mpnn24, skipping interface scoring
Base AF2 filters not passed for 6W1F-pep3_l17_s730803_mpnn25, skipping interface scoring
Base AF2 filters not passed for 6W1F-pep3_l17_s730803_mpnn26, skipping interface scoring
Base AF2 filters not passed for 6W1F-pep3_l17_s730803_mpnn27, skipping interface scoring
Base AF2 filters not passed for 6W1F-pep3_l17_s730803_mpnn28, skipping interface scoring
Base AF2 filters not passed for 6W1F-pep3_l17_s730803_mpnn29, skipping interface scoring
Base AF2 filters not passed for 6W1F-pep3_l17_s730803_mpnn30, skipping interface scoring
Base AF2 filters not passed for 6W1F-pep3_l17_s730803_mpnn31, skipping interface scoring
Base AF2 filters not passed for 6W1F-pep3_l17_s730803_mpnn32, skipping interface scoring
Base AF2 filters not passed for 6W1F-pep3_l17_s730803_mpnn33, skipping interface scoring
Base AF2 filters not passed for 6W1F-pep3_l17_s730803_mpnn34, skipping interface scoring
Base AF2 filters not passed for 6W1F-pep3_l17_s730803_mpnn35, skipping interface scoring
Base AF2 filters not passed for 6W1F-pep3_l17_s730803_mpnn36, skipping interface scoring
Base AF2 filters not passed for 6W1F-pep3_l17_s730803_mpnn37, skipping interface scoring
Base AF2 filters not passed for 6W1F-pep3_l17_s730803_mpnn38, skipping interface scoring
Base AF2 filters not passed for 6W1F-pep3_l17_s730803_mpnn39, skipping interface scoring
Base AF2 filters not passed for 6W1F-pep3_l17_s730803_mpnn40, skipping interface scoring
Unmet filter conditions for 6W1F-pep3_l17_s730803_mpnn41
Base AF2 filters not passed for 6W1F-pep3_l17_s730803_mpnn42, skipping interface scoring
Base AF2 filters not passed for 6W1F-pep3_l17_s730803_mpnn43, skipping interface scoring
Base AF2 filters not passed for 6W1F-pep3_l17_s730803_mpnn44, skipping interface scoring
Base AF2 filters not passed for 6W1F-pep3_l17_s730803_mpnn45, skipping interface scoring
Base AF2 filters not passed for 6W1F-pep3_l17_s730803_mpnn46, skipping interface scoring
Found 1 MPNN designs passing filters

Design and validation of trajectory 6W1F-pep3_l17_s730803 took: 0 hours, 28 minutes, 18 seconds

Processing trajectory 6W1F-pep3_l15_s752109
Base AF2 filters not passed for 6W1F-pep3_l15_s752109_mpnn1, skipping interface scoring
Base AF2 filters not passed for 6W1F-pep3_l15_s752109_mpnn2, skipping interface scoring
Base AF2 filters not passed for 6W1F-pep3_l15_s752109_mpnn3, skipping interface scoring
Base AF2 filters not passed for 6W1F-pep3_l15_s752109_mpnn4, skipping interface scoring
Base AF2 filters not passed for 6W1F-pep3_l15_s752109_mpnn5, skipping interface scoring
Base AF2 filters not passed for 6W1F-pep3_l15_s752109_mpnn6, skipping interface scoring
Base AF2 filters not passed for 6W1F-pep3_l15_s752109_mpnn7, skipping interface scoring
Base AF2 filters not passed for 6W1F-pep3_l15_s752109_mpnn8, skipping interface scoring
Base AF2 filters not passed for 6W1F-pep3_l15_s752109_mpnn9, skipping interface scoring
Base AF2 filters not passed for 6W1F-pep3_l15_s752109_mpnn10, skipping interface scoring
Base AF2 filters not passed for 6W1F-pep3_l15_s752109_mpnn11, skipping interface scoring
Base AF2 filters not passed for 6W1F-pep3_l15_s752109_mpnn12, skipping interface scoring
Base AF2 filters not passed for 6W1F-pep3_l15_s752109_mpnn13, skipping interface scoring
Base AF2 filters not passed for 6W1F-pep3_l15_s752109_mpnn14, skipping interface scoring
Base AF2 filters not passed for 6W1F-pep3_l15_s752109_mpnn15, skipping interface scoring
Base AF2 filters not passed for 6W1F-pep3_l15_s752109_mpnn16, skipping interface scoring
Base AF2 filters not passed for 6W1F-pep3_l15_s752109_mpnn17, skipping interface scoring
Base AF2 filters not passed for 6W1F-pep3_l15_s752109_mpnn18, skipping interface scoring
Base AF2 filters not passed for 6W1F-pep3_l15_s752109_mpnn19, skipping interface scoring
Base AF2 filters not passed for 6W1F-pep3_l15_s752109_mpnn20, skipping interface scoring
Base AF2 filters not passed for 6W1F-pep3_l15_s752109_mpnn21, skipping interface scoring
Base AF2 filters not passed for 6W1F-pep3_l15_s752109_mpnn22, skipping interface scoring
Base AF2 filters not passed for 6W1F-pep3_l15_s752109_mpnn23, skipping interface scoring
Base AF2 filters not passed for 6W1F-pep3_l15_s752109_mpnn24, skipping interface scoring
Base AF2 filters not passed for 6W1F-pep3_l15_s752109_mpnn25, skipping interface scoring
Base AF2 filters not passed for 6W1F-pep3_l15_s752109_mpnn26, skipping interface scoring
Base AF2 filters not passed for 6W1F-pep3_l15_s752109_mpnn27, skipping interface scoring
Base AF2 filters not passed for 6W1F-pep3_l15_s752109_mpnn28, skipping interface scoring
Base AF2 filters not passed for 6W1F-pep3_l15_s752109_mpnn29, skipping interface scoring
Base AF2 filters not passed for 6W1F-pep3_l15_s752109_mpnn30, skipping interface scoring
Base AF2 filters not passed for 6W1F-pep3_l15_s752109_mpnn31, skipping interface scoring
Base AF2 filters not passed for 6W1F-pep3_l15_s752109_mpnn32, skipping interface scoring
Base AF2 filters not passed for 6W1F-pep3_l15_s752109_mpnn33, skipping interface scoring
Base AF2 filters not passed for 6W1F-pep3_l15_s752109_mpnn34, skipping interface scoring
Base AF2 filters not passed for 6W1F-pep3_l15_s752109_mpnn35, skipping interface scoring
Base AF2 filters not passed for 6W1F-pep3_l15_s752109_mpnn36, skipping interface scoring
Base AF2 filters not passed for 6W1F-pep3_l15_s752109_mpnn37, skipping interface scoring
Base AF2 filters not passed for 6W1F-pep3_l15_s752109_mpnn38, skipping interface scoring
Base AF2 filters not passed for 6W1F-pep3_l15_s752109_mpnn39, skipping interface scoring
Base AF2 filters not passed for 6W1F-pep3_l15_s752109_mpnn40, skipping interface scoring
Base AF2 filters not passed for 6W1F-pep3_l15_s752109_mpnn41, skipping interface scoring
Base AF2 filters not passed for 6W1F-pep3_l15_s752109_mpnn42, skipping interface scoring
No accepted MPNN designs found for this trajectory.

Design and validation of trajectory 6W1F-pep3_l15_s752109 took: 0 hours, 13 minutes, 11 seconds

Processing trajectory 6W1F-pep3_l15_s830943
Base AF2 filters not passed for 6W1F-pep3_l15_s830943_mpnn1, skipping interface scoring
Base AF2 filters not passed for 6W1F-pep3_l15_s830943_mpnn2, skipping interface scoring
Base AF2 filters not passed for 6W1F-pep3_l15_s830943_mpnn3, skipping interface scoring
Base AF2 filters not passed for 6W1F-pep3_l15_s830943_mpnn4, skipping interface scoring
Base AF2 filters not passed for 6W1F-pep3_l15_s830943_mpnn5, skipping interface scoring
Base AF2 filters not passed for 6W1F-pep3_l15_s830943_mpnn6, skipping interface scoring
Base AF2 filters not passed for 6W1F-pep3_l15_s830943_mpnn7, skipping interface scoring
Base AF2 filters not passed for 6W1F-pep3_l15_s830943_mpnn8, skipping interface scoring
Base AF2 filters not passed for 6W1F-pep3_l15_s830943_mpnn9, skipping interface scoring
Base AF2 filters not passed for 6W1F-pep3_l15_s830943_mpnn10, skipping interface scoring
Base AF2 filters not passed for 6W1F-pep3_l15_s830943_mpnn11, skipping interface scoring
Base AF2 filters not passed for 6W1F-pep3_l15_s830943_mpnn12, skipping interface scoring
Base AF2 filters not passed for 6W1F-pep3_l15_s830943_mpnn13, skipping interface scoring
Base AF2 filters not passed for 6W1F-pep3_l15_s830943_mpnn14, skipping interface scoring
Base AF2 filters not passed for 6W1F-pep3_l15_s830943_mpnn15, skipping interface scoring
Base AF2 filters not passed for 6W1F-pep3_l15_s830943_mpnn16, skipping interface scoring
Base AF2 filters not passed for 6W1F-pep3_l15_s830943_mpnn17, skipping interface scoring
Base AF2 filters not passed for 6W1F-pep3_l15_s830943_mpnn18, skipping interface scoring
Base AF2 filters not passed for 6W1F-pep3_l15_s830943_mpnn19, skipping interface scoring
Base AF2 filters not passed for 6W1F-pep3_l15_s830943_mpnn20, skipping interface scoring
Base AF2 filters not passed for 6W1F-pep3_l15_s830943_mpnn21, skipping interface scoring
Base AF2 filters not passed for 6W1F-pep3_l15_s830943_mpnn22, skipping interface scoring
Base AF2 filters not passed for 6W1F-pep3_l15_s830943_mpnn23, skipping interface scoring
Base AF2 filters not passed for 6W1F-pep3_l15_s830943_mpnn24, skipping interface scoring
Base AF2 filters not passed for 6W1F-pep3_l15_s830943_mpnn25, skipping interface scoring
Base AF2 filters not passed for 6W1F-pep3_l15_s830943_mpnn26, skipping interface scoring
Base AF2 filters not passed for 6W1F-pep3_l15_s830943_mpnn27, skipping interface scoring
Base AF2 filters not passed for 6W1F-pep3_l15_s830943_mpnn28, skipping interface scoring
Base AF2 filters not passed for 6W1F-pep3_l15_s830943_mpnn29, skipping interface scoring
Base AF2 filters not passed for 6W1F-pep3_l15_s830943_mpnn30, skipping interface scoring
Base AF2 filters not passed for 6W1F-pep3_l15_s830943_mpnn31, skipping interface scoring
Base AF2 filters not passed for 6W1F-pep3_l15_s830943_mpnn32, skipping interface scoring
Base AF2 filters not passed for 6W1F-pep3_l15_s830943_mpnn33, skipping interface scoring
Base AF2 filters not passed for 6W1F-pep3_l15_s830943_mpnn34, skipping interface scoring
Base AF2 filters not passed for 6W1F-pep3_l15_s830943_mpnn35, skipping interface scoring
Base AF2 filters not passed for 6W1F-pep3_l15_s830943_mpnn36, skipping interface scoring
Base AF2 filters not passed for 6W1F-pep3_l15_s830943_mpnn37, skipping interface scoring
Base AF2 filters not passed for 6W1F-pep3_l15_s830943_mpnn38, skipping interface scoring
Base AF2 filters not passed for 6W1F-pep3_l15_s830943_mpnn39, skipping interface scoring
Base AF2 filters not passed for 6W1F-pep3_l15_s830943_mpnn40, skipping interface scoring
Base AF2 filters not passed for 6W1F-pep3_l15_s830943_mpnn41, skipping interface scoring
Base AF2 filters not passed for 6W1F-pep3_l15_s830943_mpnn42, skipping interface scoring
Base AF2 filters not passed for 6W1F-pep3_l15_s830943_mpnn43, skipping interface scoring
Base AF2 filters not passed for 6W1F-pep3_l15_s830943_mpnn44, skipping interface scoring
No accepted MPNN designs found for this trajectory.

Design and validation of trajectory 6W1F-pep3_l15_s830943 took: 0 hours, 14 minutes, 21 seconds

Processing trajectory 6W1F-pep3_l15_s140767
Base AF2 filters not passed for 6W1F-pep3_l15_s140767_mpnn1, skipping interface scoring
Base AF2 filters not passed for 6W1F-pep3_l15_s140767_mpnn2, skipping interface scoring
Base AF2 filters not passed for 6W1F-pep3_l15_s140767_mpnn3, skipping interface scoring
Base AF2 filters not passed for 6W1F-pep3_l15_s140767_mpnn4, skipping interface scoring
Base AF2 filters not passed for 6W1F-pep3_l15_s140767_mpnn5, skipping interface scoring
Base AF2 filters not passed for 6W1F-pep3_l15_s140767_mpnn6, skipping interface scoring
Base AF2 filters not passed for 6W1F-pep3_l15_s140767_mpnn7, skipping interface scoring
Base AF2 filters not passed for 6W1F-pep3_l15_s140767_mpnn8, skipping interface scoring
Base AF2 filters not passed for 6W1F-pep3_l15_s140767_mpnn9, skipping interface scoring
Base AF2 filters not passed for 6W1F-pep3_l15_s140767_mpnn10, skipping interface scoring
Base AF2 filters not passed for 6W1F-pep3_l15_s140767_mpnn11, skipping interface scoring
Base AF2 filters not passed for 6W1F-pep3_l15_s140767_mpnn12, skipping interface scoring
Base AF2 filters not passed for 6W1F-pep3_l15_s140767_mpnn13, skipping interface scoring
Base AF2 filters not passed for 6W1F-pep3_l15_s140767_mpnn14, skipping interface scoring
Base AF2 filters not passed for 6W1F-pep3_l15_s140767_mpnn15, skipping interface scoring
Base AF2 filters not passed for 6W1F-pep3_l15_s140767_mpnn16, skipping interface scoring
Base AF2 filters not passed for 6W1F-pep3_l15_s140767_mpnn17, skipping interface scoring
Base AF2 filters not passed for 6W1F-pep3_l15_s140767_mpnn18, skipping interface scoring
Base AF2 filters not passed for 6W1F-pep3_l15_s140767_mpnn19, skipping interface scoring
Base AF2 filters not passed for 6W1F-pep3_l15_s140767_mpnn20, skipping interface scoring
Base AF2 filters not passed for 6W1F-pep3_l15_s140767_mpnn21, skipping interface scoring
Base AF2 filters not passed for 6W1F-pep3_l15_s140767_mpnn22, skipping interface scoring
Base AF2 filters not passed for 6W1F-pep3_l15_s140767_mpnn23, skipping interface scoring
Base AF2 filters not passed for 6W1F-pep3_l15_s140767_mpnn24, skipping interface scoring
Base AF2 filters not passed for 6W1F-pep3_l15_s140767_mpnn25, skipping interface scoring
Base AF2 filters not passed for 6W1F-pep3_l15_s140767_mpnn26, skipping interface scoring
Base AF2 filters not passed for 6W1F-pep3_l15_s140767_mpnn27, skipping interface scoring
Base AF2 filters not passed for 6W1F-pep3_l15_s140767_mpnn28, skipping interface scoring
Base AF2 filters not passed for 6W1F-pep3_l15_s140767_mpnn29, skipping interface scoring
No accepted MPNN designs found for this trajectory.

Design and validation of trajectory 6W1F-pep3_l15_s140767 took: 0 hours, 9 minutes, 36 seconds

Processing trajectory 6W1F-pep3_l15_s340328
Base AF2 filters not passed for 6W1F-pep3_l15_s340328_mpnn1, skipping interface scoring
Base AF2 filters not passed for 6W1F-pep3_l15_s340328_mpnn2, skipping interface scoring
Base AF2 filters not passed for 6W1F-pep3_l15_s340328_mpnn3, skipping interface scoring
Base AF2 filters not passed for 6W1F-pep3_l15_s340328_mpnn4, skipping interface scoring
Base AF2 filters not passed for 6W1F-pep3_l15_s340328_mpnn5, skipping interface scoring
Base AF2 filters not passed for 6W1F-pep3_l15_s340328_mpnn6, skipping interface scoring
Base AF2 filters not passed for 6W1F-pep3_l15_s340328_mpnn7, skipping interface scoring
Base AF2 filters not passed for 6W1F-pep3_l15_s340328_mpnn8, skipping interface scoring
Unmet filter conditions for 6W1F-pep3_l15_s340328_mpnn9
Base AF2 filters not passed for 6W1F-pep3_l15_s340328_mpnn10, skipping interface scoring
Base AF2 filters not passed for 6W1F-pep3_l15_s340328_mpnn11, skipping interface scoring
Base AF2 filters not passed for 6W1F-pep3_l15_s340328_mpnn12, skipping interface scoring
Base AF2 filters not passed for 6W1F-pep3_l15_s340328_mpnn13, skipping interface scoring
Base AF2 filters not passed for 6W1F-pep3_l15_s340328_mpnn14, skipping interface scoring
Base AF2 filters not passed for 6W1F-pep3_l15_s340328_mpnn15, skipping interface scoring
Base AF2 filters not passed for 6W1F-pep3_l15_s340328_mpnn16, skipping interface scoring
Base AF2 filters not passed for 6W1F-pep3_l15_s340328_mpnn17, skipping interface scoring
Base AF2 filters not passed for 6W1F-pep3_l15_s340328_mpnn18, skipping interface scoring
Base AF2 filters not passed for 6W1F-pep3_l15_s340328_mpnn19, skipping interface scoring
No accepted MPNN designs found for this trajectory.

Design and validation of trajectory 6W1F-pep3_l15_s340328 took: 0 hours, 13 minutes, 11 seconds

Processing trajectory 6W1F-pep3_l15_s612638
Base AF2 filters not passed for 6W1F-pep3_l15_s612638_mpnn1, skipping interface scoring
Base AF2 filters not passed for 6W1F-pep3_l15_s612638_mpnn2, skipping interface scoring
Base AF2 filters not passed for 6W1F-pep3_l15_s612638_mpnn3, skipping interface scoring
Base AF2 filters not passed for 6W1F-pep3_l15_s612638_mpnn4, skipping interface scoring
Base AF2 filters not passed for 6W1F-pep3_l15_s612638_mpnn5, skipping interface scoring
Base AF2 filters not passed for 6W1F-pep3_l15_s612638_mpnn6, skipping interface scoring
Base AF2 filters not passed for 6W1F-pep3_l15_s612638_mpnn7, skipping interface scoring
Base AF2 filters not passed for 6W1F-pep3_l15_s612638_mpnn8, skipping interface scoring
Base AF2 filters not passed for 6W1F-pep3_l15_s612638_mpnn9, skipping interface scoring
Base AF2 filters not passed for 6W1F-pep3_l15_s612638_mpnn10, skipping interface scoring
Base AF2 filters not passed for 6W1F-pep3_l15_s612638_mpnn11, skipping interface scoring
Base AF2 filters not passed for 6W1F-pep3_l15_s612638_mpnn12, skipping interface scoring
Base AF2 filters not passed for 6W1F-pep3_l15_s612638_mpnn13, skipping interface scoring
Base AF2 filters not passed for 6W1F-pep3_l15_s612638_mpnn14, skipping interface scoring
Base AF2 filters not passed for 6W1F-pep3_l15_s612638_mpnn15, skipping interface scoring
Base AF2 filters not passed for 6W1F-pep3_l15_s612638_mpnn16, skipping interface scoring
Base AF2 filters not passed for 6W1F-pep3_l15_s612638_mpnn17, skipping interface scoring
Base AF2 filters not passed for 6W1F-pep3_l15_s612638_mpnn18, skipping interface scoring
Base AF2 filters not passed for 6W1F-pep3_l15_s612638_mpnn19, skipping interface scoring
Base AF2 filters not passed for 6W1F-pep3_l15_s612638_mpnn20, skipping interface scoring
Base AF2 filters not passed for 6W1F-pep3_l15_s612638_mpnn21, skipping interface scoring
Base AF2 filters not passed for 6W1F-pep3_l15_s612638_mpnn22, skipping interface scoring
Base AF2 filters not passed for 6W1F-pep3_l15_s612638_mpnn23, skipping interface scoring
Base AF2 filters not passed for 6W1F-pep3_l15_s612638_mpnn24, skipping interface scoring
Base AF2 filters not passed for 6W1F-pep3_l15_s612638_mpnn25, skipping interface scoring
Base AF2 filters not passed for 6W1F-pep3_l15_s612638_mpnn26, skipping interface scoring
Base AF2 filters not passed for 6W1F-pep3_l15_s612638_mpnn27, skipping interface scoring
Base AF2 filters not passed for 6W1F-pep3_l15_s612638_mpnn28, skipping interface scoring
Base AF2 filters not passed for 6W1F-pep3_l15_s612638_mpnn29, skipping interface scoring
Base AF2 filters not passed for 6W1F-pep3_l15_s612638_mpnn30, skipping interface scoring
Base AF2 filters not passed for 6W1F-pep3_l15_s612638_mpnn31, skipping interface scoring
Base AF2 filters not passed for 6W1F-pep3_l15_s612638_mpnn32, skipping interface scoring
Base AF2 filters not passed for 6W1F-pep3_l15_s612638_mpnn33, skipping interface scoring
Base AF2 filters not passed for 6W1F-pep3_l15_s612638_mpnn34, skipping interface scoring
Base AF2 filters not passed for 6W1F-pep3_l15_s612638_mpnn35, skipping interface scoring
No accepted MPNN designs found for this trajectory.

Design and validation of trajectory 6W1F-pep3_l15_s612638 took: 0 hours, 11 minutes, 5 seconds

Processing trajectory 6W1F-pep3_l14_s912364
Base AF2 filters not passed for 6W1F-pep3_l14_s912364_mpnn1, skipping interface scoring
Base AF2 filters not passed for 6W1F-pep3_l14_s912364_mpnn2, skipping interface scoring
Base AF2 filters not passed for 6W1F-pep3_l14_s912364_mpnn3, skipping interface scoring
Base AF2 filters not passed for 6W1F-pep3_l14_s912364_mpnn4, skipping interface scoring
Base AF2 filters not passed for 6W1F-pep3_l14_s912364_mpnn5, skipping interface scoring
Base AF2 filters not passed for 6W1F-pep3_l14_s912364_mpnn6, skipping interface scoring
Base AF2 filters not passed for 6W1F-pep3_l14_s912364_mpnn7, skipping interface scoring
Base AF2 filters not passed for 6W1F-pep3_l14_s912364_mpnn8, skipping interface scoring
Base AF2 filters not passed for 6W1F-pep3_l14_s912364_mpnn9, skipping interface scoring
Base AF2 filters not passed for 6W1F-pep3_l14_s912364_mpnn10, skipping interface scoring
Base AF2 filters not passed for 6W1F-pep3_l14_s912364_mpnn11, skipping interface scoring
Base AF2 filters not passed for 6W1F-pep3_l14_s912364_mpnn12, skipping interface scoring
Base AF2 filters not passed for 6W1F-pep3_l14_s912364_mpnn13, skipping interface scoring
Base AF2 filters not passed for 6W1F-pep3_l14_s912364_mpnn14, skipping interface scoring
Base AF2 filters not passed for 6W1F-pep3_l14_s912364_mpnn15, skipping interface scoring
No accepted MPNN designs found for this trajectory.

Design and validation of trajectory 6W1F-pep3_l14_s912364 took: 0 hours, 5 minutes, 10 seconds

Processing trajectory 6W1F-pep3_l15_s413033
Base AF2 filters not passed for 6W1F-pep3_l15_s413033_mpnn1, skipping interface scoring
Base AF2 filters not passed for 6W1F-pep3_l15_s413033_mpnn2, skipping interface scoring
Base AF2 filters not passed for 6W1F-pep3_l15_s413033_mpnn3, skipping interface scoring
Base AF2 filters not passed for 6W1F-pep3_l15_s413033_mpnn4, skipping interface scoring
Base AF2 filters not passed for 6W1F-pep3_l15_s413033_mpnn5, skipping interface scoring
Base AF2 filters not passed for 6W1F-pep3_l15_s413033_mpnn6, skipping interface scoring
Base AF2 filters not passed for 6W1F-pep3_l15_s413033_mpnn7, skipping interface scoring
Base AF2 filters not passed for 6W1F-pep3_l15_s413033_mpnn8, skipping interface scoring
Base AF2 filters not passed for 6W1F-pep3_l15_s413033_mpnn9, skipping interface scoring
Base AF2 filters not passed for 6W1F-pep3_l15_s413033_mpnn10, skipping interface scoring
Base AF2 filters not passed for 6W1F-pep3_l15_s413033_mpnn11, skipping interface scoring
Base AF2 filters not passed for 6W1F-pep3_l15_s413033_mpnn12, skipping interface scoring
Base AF2 filters not passed for 6W1F-pep3_l15_s413033_mpnn13, skipping interface scoring
Base AF2 filters not passed for 6W1F-pep3_l15_s413033_mpnn14, skipping interface scoring
Base AF2 filters not passed for 6W1F-pep3_l15_s413033_mpnn15, skipping interface scoring
Base AF2 filters not passed for 6W1F-pep3_l15_s413033_mpnn16, skipping interface scoring
Base AF2 filters not passed for 6W1F-pep3_l15_s413033_mpnn17, skipping interface scoring
Base AF2 filters not passed for 6W1F-pep3_l15_s413033_mpnn18, skipping interface scoring
Base AF2 filters not passed for 6W1F-pep3_l15_s413033_mpnn19, skipping interface scoring
Base AF2 filters not passed for 6W1F-pep3_l15_s413033_mpnn20, skipping interface scoring
Base AF2 filters not passed for 6W1F-pep3_l15_s413033_mpnn21, skipping interface scoring
Base AF2 filters not passed for 6W1F-pep3_l15_s413033_mpnn22, skipping interface scoring
Base AF2 filters not passed for 6W1F-pep3_l15_s413033_mpnn23, skipping interface scoring
Base AF2 filters not passed for 6W1F-pep3_l15_s413033_mpnn24, skipping interface scoring
Base AF2 filters not passed for 6W1F-pep3_l15_s413033_mpnn25, skipping interface scoring
Base AF2 filters not passed for 6W1F-pep3_l15_s413033_mpnn26, skipping interface scoring
Base AF2 filters not passed for 6W1F-pep3_l15_s413033_mpnn27, skipping interface scoring
Base AF2 filters not passed for 6W1F-pep3_l15_s413033_mpnn28, skipping interface scoring
Base AF2 filters not passed for 6W1F-pep3_l15_s413033_mpnn29, skipping interface scoring
Base AF2 filters not passed for 6W1F-pep3_l15_s413033_mpnn30, skipping interface scoring
Base AF2 filters not passed for 6W1F-pep3_l15_s413033_mpnn31, skipping interface scoring
Base AF2 filters not passed for 6W1F-pep3_l15_s413033_mpnn32, skipping interface scoring
Base AF2 filters not passed for 6W1F-pep3_l15_s413033_mpnn33, skipping interface scoring
Base AF2 filters not passed for 6W1F-pep3_l15_s413033_mpnn34, skipping interface scoring
Base AF2 filters not passed for 6W1F-pep3_l15_s413033_mpnn35, skipping interface scoring
Base AF2 filters not passed for 6W1F-pep3_l15_s413033_mpnn36, skipping interface scoring
Base AF2 filters not passed for 6W1F-pep3_l15_s413033_mpnn37, skipping interface scoring
Base AF2 filters not passed for 6W1F-pep3_l15_s413033_mpnn38, skipping interface scoring
Base AF2 filters not passed for 6W1F-pep3_l15_s413033_mpnn39, skipping interface scoring
Base AF2 filters not passed for 6W1F-pep3_l15_s413033_mpnn40, skipping interface scoring
Base AF2 filters not passed for 6W1F-pep3_l15_s413033_mpnn41, skipping interface scoring
Base AF2 filters not passed for 6W1F-pep3_l15_s413033_mpnn42, skipping interface scoring
No accepted MPNN designs found for this trajectory.

Design and validation of trajectory 6W1F-pep3_l15_s413033 took: 0 hours, 13 minutes, 9 seconds

Processing trajectory 6W1F-pep3_l15_s724206
Base AF2 filters not passed for 6W1F-pep3_l15_s724206_mpnn1, skipping interface scoring
Base AF2 filters not passed for 6W1F-pep3_l15_s724206_mpnn2, skipping interface scoring
Base AF2 filters not passed for 6W1F-pep3_l15_s724206_mpnn3, skipping interface scoring
Base AF2 filters not passed for 6W1F-pep3_l15_s724206_mpnn4, skipping interface scoring
Base AF2 filters not passed for 6W1F-pep3_l15_s724206_mpnn5, skipping interface scoring
Base AF2 filters not passed for 6W1F-pep3_l15_s724206_mpnn6, skipping interface scoring
Base AF2 filters not passed for 6W1F-pep3_l15_s724206_mpnn7, skipping interface scoring
Base AF2 filters not passed for 6W1F-pep3_l15_s724206_mpnn8, skipping interface scoring
Base AF2 filters not passed for 6W1F-pep3_l15_s724206_mpnn9, skipping interface scoring
Base AF2 filters not passed for 6W1F-pep3_l15_s724206_mpnn10, skipping interface scoring
Base AF2 filters not passed for 6W1F-pep3_l15_s724206_mpnn11, skipping interface scoring
Base AF2 filters not passed for 6W1F-pep3_l15_s724206_mpnn12, skipping interface scoring
Base AF2 filters not passed for 6W1F-pep3_l15_s724206_mpnn13, skipping interface scoring
Base AF2 filters not passed for 6W1F-pep3_l15_s724206_mpnn14, skipping interface scoring
Base AF2 filters not passed for 6W1F-pep3_l15_s724206_mpnn15, skipping interface scoring
Base AF2 filters not passed for 6W1F-pep3_l15_s724206_mpnn16, skipping interface scoring
Base AF2 filters not passed for 6W1F-pep3_l15_s724206_mpnn17, skipping interface scoring
Base AF2 filters not passed for 6W1F-pep3_l15_s724206_mpnn18, skipping interface scoring
Base AF2 filters not passed for 6W1F-pep3_l15_s724206_mpnn19, skipping interface scoring
Base AF2 filters not passed for 6W1F-pep3_l15_s724206_mpnn20, skipping interface scoring
Base AF2 filters not passed for 6W1F-pep3_l15_s724206_mpnn21, skipping interface scoring
Base AF2 filters not passed for 6W1F-pep3_l15_s724206_mpnn22, skipping interface scoring
Base AF2 filters not passed for 6W1F-pep3_l15_s724206_mpnn23, skipping interface scoring
Base AF2 filters not passed for 6W1F-pep3_l15_s724206_mpnn24, skipping interface scoring
Base AF2 filters not passed for 6W1F-pep3_l15_s724206_mpnn25, skipping interface scoring
Base AF2 filters not passed for 6W1F-pep3_l15_s724206_mpnn26, skipping interface scoring
Base AF2 filters not passed for 6W1F-pep3_l15_s724206_mpnn27, skipping interface scoring
Base AF2 filters not passed for 6W1F-pep3_l15_s724206_mpnn28, skipping interface scoring
Base AF2 filters not passed for 6W1F-pep3_l15_s724206_mpnn29, skipping interface scoring
Base AF2 filters not passed for 6W1F-pep3_l15_s724206_mpnn30, skipping interface scoring
Base AF2 filters not passed for 6W1F-pep3_l15_s724206_mpnn31, skipping interface scoring
Base AF2 filters not passed for 6W1F-pep3_l15_s724206_mpnn32, skipping interface scoring
Base AF2 filters not passed for 6W1F-pep3_l15_s724206_mpnn33, skipping interface scoring
Base AF2 filters not passed for 6W1F-pep3_l15_s724206_mpnn34, skipping interface scoring
Base AF2 filters not passed for 6W1F-pep3_l15_s724206_mpnn35, skipping interface scoring
Base AF2 filters not passed for 6W1F-pep3_l15_s724206_mpnn36, skipping interface scoring
Base AF2 filters not passed for 6W1F-pep3_l15_s724206_mpnn37, skipping interface scoring
Base AF2 filters not passed for 6W1F-pep3_l15_s724206_mpnn38, skipping interface scoring
Base AF2 filters not passed for 6W1F-pep3_l15_s724206_mpnn39, skipping interface scoring
Base AF2 filters not passed for 6W1F-pep3_l15_s724206_mpnn40, skipping interface scoring
Base AF2 filters not passed for 6W1F-pep3_l15_s724206_mpnn41, skipping interface scoring
Base AF2 filters not passed for 6W1F-pep3_l15_s724206_mpnn42, skipping interface scoring
Base AF2 filters not passed for 6W1F-pep3_l15_s724206_mpnn43, skipping interface scoring
No accepted MPNN designs found for this trajectory.

Design and validation of trajectory 6W1F-pep3_l15_s724206 took: 0 hours, 13 minutes, 26 seconds

Processing trajectory 6W1F-pep3_l14_s416256
Base AF2 filters not passed for 6W1F-pep3_l14_s416256_mpnn1, skipping interface scoring
Base AF2 filters not passed for 6W1F-pep3_l14_s416256_mpnn2, skipping interface scoring
Base AF2 filters not passed for 6W1F-pep3_l14_s416256_mpnn3, skipping interface scoring
Base AF2 filters not passed for 6W1F-pep3_l14_s416256_mpnn4, skipping interface scoring
Base AF2 filters not passed for 6W1F-pep3_l14_s416256_mpnn5, skipping interface scoring
Base AF2 filters not passed for 6W1F-pep3_l14_s416256_mpnn6, skipping interface scoring
Base AF2 filters not passed for 6W1F-pep3_l14_s416256_mpnn7, skipping interface scoring
Base AF2 filters not passed for 6W1F-pep3_l14_s416256_mpnn8, skipping interface scoring
Base AF2 filters not passed for 6W1F-pep3_l14_s416256_mpnn9, skipping interface scoring
Base AF2 filters not passed for 6W1F-pep3_l14_s416256_mpnn10, skipping interface scoring
Base AF2 filters not passed for 6W1F-pep3_l14_s416256_mpnn11, skipping interface scoring
Base AF2 filters not passed for 6W1F-pep3_l14_s416256_mpnn12, skipping interface scoring
Base AF2 filters not passed for 6W1F-pep3_l14_s416256_mpnn13, skipping interface scoring
Base AF2 filters not passed for 6W1F-pep3_l14_s416256_mpnn14, skipping interface scoring
Base AF2 filters not passed for 6W1F-pep3_l14_s416256_mpnn15, skipping interface scoring
Base AF2 filters not passed for 6W1F-pep3_l14_s416256_mpnn16, skipping interface scoring
Base AF2 filters not passed for 6W1F-pep3_l14_s416256_mpnn17, skipping interface scoring
Base AF2 filters not passed for 6W1F-pep3_l14_s416256_mpnn18, skipping interface scoring
Base AF2 filters not passed for 6W1F-pep3_l14_s416256_mpnn19, skipping interface scoring
Base AF2 filters not passed for 6W1F-pep3_l14_s416256_mpnn20, skipping interface scoring
Base AF2 filters not passed for 6W1F-pep3_l14_s416256_mpnn21, skipping interface scoring
Base AF2 filters not passed for 6W1F-pep3_l14_s416256_mpnn22, skipping interface scoring
Base AF2 filters not passed for 6W1F-pep3_l14_s416256_mpnn23, skipping interface scoring
Base AF2 filters not passed for 6W1F-pep3_l14_s416256_mpnn24, skipping interface scoring
Base AF2 filters not passed for 6W1F-pep3_l14_s416256_mpnn25, skipping interface scoring
Base AF2 filters not passed for 6W1F-pep3_l14_s416256_mpnn26, skipping interface scoring
Base AF2 filters not passed for 6W1F-pep3_l14_s416256_mpnn27, skipping interface scoring
Base AF2 filters not passed for 6W1F-pep3_l14_s416256_mpnn28, skipping interface scoring
Base AF2 filters not passed for 6W1F-pep3_l14_s416256_mpnn29, skipping interface scoring
Base AF2 filters not passed for 6W1F-pep3_l14_s416256_mpnn30, skipping interface scoring
Base AF2 filters not passed for 6W1F-pep3_l14_s416256_mpnn31, skipping interface scoring
Base AF2 filters not passed for 6W1F-pep3_l14_s416256_mpnn32, skipping interface scoring
Base AF2 filters not passed for 6W1F-pep3_l14_s416256_mpnn33, skipping interface scoring
Base AF2 filters not passed for 6W1F-pep3_l14_s416256_mpnn34, skipping interface scoring
Base AF2 filters not passed for 6W1F-pep3_l14_s416256_mpnn35, skipping interface scoring
Base AF2 filters not passed for 6W1F-pep3_l14_s416256_mpnn36, skipping interface scoring
Base AF2 filters not passed for 6W1F-pep3_l14_s416256_mpnn37, skipping interface scoring
Base AF2 filters not passed for 6W1F-pep3_l14_s416256_mpnn38, skipping interface scoring
Base AF2 filters not passed for 6W1F-pep3_l14_s416256_mpnn39, skipping interface scoring
Base AF2 filters not passed for 6W1F-pep3_l14_s416256_mpnn40, skipping interface scoring
Base AF2 filters not passed for 6W1F-pep3_l14_s416256_mpnn41, skipping interface scoring
Base AF2 filters not passed for 6W1F-pep3_l14_s416256_mpnn42, skipping interface scoring
Base AF2 filters not passed for 6W1F-pep3_l14_s416256_mpnn43, skipping interface scoring
Base AF2 filters not passed for 6W1F-pep3_l14_s416256_mpnn44, skipping interface scoring
Base AF2 filters not passed for 6W1F-pep3_l14_s416256_mpnn45, skipping interface scoring
Base AF2 filters not passed for 6W1F-pep3_l14_s416256_mpnn46, skipping interface scoring
Base AF2 filters not passed for 6W1F-pep3_l14_s416256_mpnn47, skipping interface scoring
No accepted MPNN designs found for this trajectory.

Design and validation of trajectory 6W1F-pep3_l14_s416256 took: 0 hours, 15 minutes, 0 seconds

Processing trajectory 6W1F-pep3_l14_s501104
Base AF2 filters not passed for 6W1F-pep3_l14_s501104_mpnn1, skipping interface scoring
Base AF2 filters not passed for 6W1F-pep3_l14_s501104_mpnn2, skipping interface scoring
Base AF2 filters not passed for 6W1F-pep3_l14_s501104_mpnn3, skipping interface scoring
Base AF2 filters not passed for 6W1F-pep3_l14_s501104_mpnn4, skipping interface scoring
Base AF2 filters not passed for 6W1F-pep3_l14_s501104_mpnn5, skipping interface scoring
Base AF2 filters not passed for 6W1F-pep3_l14_s501104_mpnn6, skipping interface scoring
Base AF2 filters not passed for 6W1F-pep3_l14_s501104_mpnn7, skipping interface scoring
Base AF2 filters not passed for 6W1F-pep3_l14_s501104_mpnn8, skipping interface scoring
Base AF2 filters not passed for 6W1F-pep3_l14_s501104_mpnn9, skipping interface scoring
Base AF2 filters not passed for 6W1F-pep3_l14_s501104_mpnn10, skipping interface scoring
Base AF2 filters not passed for 6W1F-pep3_l14_s501104_mpnn11, skipping interface scoring
Base AF2 filters not passed for 6W1F-pep3_l14_s501104_mpnn12, skipping interface scoring
Base AF2 filters not passed for 6W1F-pep3_l14_s501104_mpnn13, skipping interface scoring
Base AF2 filters not passed for 6W1F-pep3_l14_s501104_mpnn14, skipping interface scoring
Base AF2 filters not passed for 6W1F-pep3_l14_s501104_mpnn15, skipping interface scoring
Base AF2 filters not passed for 6W1F-pep3_l14_s501104_mpnn16, skipping interface scoring
Base AF2 filters not passed for 6W1F-pep3_l14_s501104_mpnn17, skipping interface scoring
Base AF2 filters not passed for 6W1F-pep3_l14_s501104_mpnn18, skipping interface scoring
Base AF2 filters not passed for 6W1F-pep3_l14_s501104_mpnn19, skipping interface scoring
Base AF2 filters not passed for 6W1F-pep3_l14_s501104_mpnn20, skipping interface scoring
Base AF2 filters not passed for 6W1F-pep3_l14_s501104_mpnn21, skipping interface scoring
Base AF2 filters not passed for 6W1F-pep3_l14_s501104_mpnn22, skipping interface scoring
Base AF2 filters not passed for 6W1F-pep3_l14_s501104_mpnn23, skipping interface scoring
Base AF2 filters not passed for 6W1F-pep3_l14_s501104_mpnn24, skipping interface scoring
Base AF2 filters not passed for 6W1F-pep3_l14_s501104_mpnn25, skipping interface scoring
Base AF2 filters not passed for 6W1F-pep3_l14_s501104_mpnn26, skipping interface scoring
Base AF2 filters not passed for 6W1F-pep3_l14_s501104_mpnn27, skipping interface scoring
Base AF2 filters not passed for 6W1F-pep3_l14_s501104_mpnn28, skipping interface scoring
Base AF2 filters not passed for 6W1F-pep3_l14_s501104_mpnn29, skipping interface scoring
Base AF2 filters not passed for 6W1F-pep3_l14_s501104_mpnn30, skipping interface scoring
Base AF2 filters not passed for 6W1F-pep3_l14_s501104_mpnn31, skipping interface scoring
Base AF2 filters not passed for 6W1F-pep3_l14_s501104_mpnn32, skipping interface scoring
Base AF2 filters not passed for 6W1F-pep3_l14_s501104_mpnn33, skipping interface scoring
Base AF2 filters not passed for 6W1F-pep3_l14_s501104_mpnn34, skipping interface scoring
Base AF2 filters not passed for 6W1F-pep3_l14_s501104_mpnn35, skipping interface scoring
Base AF2 filters not passed for 6W1F-pep3_l14_s501104_mpnn36, skipping interface scoring
Base AF2 filters not passed for 6W1F-pep3_l14_s501104_mpnn37, skipping interface scoring
Base AF2 filters not passed for 6W1F-pep3_l14_s501104_mpnn38, skipping interface scoring
Base AF2 filters not passed for 6W1F-pep3_l14_s501104_mpnn39, skipping interface scoring
Base AF2 filters not passed for 6W1F-pep3_l14_s501104_mpnn40, skipping interface scoring
Base AF2 filters not passed for 6W1F-pep3_l14_s501104_mpnn41, skipping interface scoring
Base AF2 filters not passed for 6W1F-pep3_l14_s501104_mpnn42, skipping interface scoring
Base AF2 filters not passed for 6W1F-pep3_l14_s501104_mpnn43, skipping interface scoring
No accepted MPNN designs found for this trajectory.

Design and validation of trajectory 6W1F-pep3_l14_s501104 took: 0 hours, 13 minutes, 31 seconds

Processing trajectory 6W1F-pep3_l14_s121254
Base AF2 filters not passed for 6W1F-pep3_l14_s121254_mpnn1, skipping interface scoring
Base AF2 filters not passed for 6W1F-pep3_l14_s121254_mpnn2, skipping interface scoring
Base AF2 filters not passed for 6W1F-pep3_l14_s121254_mpnn3, skipping interface scoring
Base AF2 filters not passed for 6W1F-pep3_l14_s121254_mpnn4, skipping interface scoring
Base AF2 filters not passed for 6W1F-pep3_l14_s121254_mpnn5, skipping interface scoring
Base AF2 filters not passed for 6W1F-pep3_l14_s121254_mpnn6, skipping interface scoring
Base AF2 filters not passed for 6W1F-pep3_l14_s121254_mpnn7, skipping interface scoring
Base AF2 filters not passed for 6W1F-pep3_l14_s121254_mpnn8, skipping interface scoring
Base AF2 filters not passed for 6W1F-pep3_l14_s121254_mpnn9, skipping interface scoring
Base AF2 filters not passed for 6W1F-pep3_l14_s121254_mpnn10, skipping interface scoring
Base AF2 filters not passed for 6W1F-pep3_l14_s121254_mpnn11, skipping interface scoring
Base AF2 filters not passed for 6W1F-pep3_l14_s121254_mpnn12, skipping interface scoring
Base AF2 filters not passed for 6W1F-pep3_l14_s121254_mpnn13, skipping interface scoring
Base AF2 filters not passed for 6W1F-pep3_l14_s121254_mpnn14, skipping interface scoring
Base AF2 filters not passed for 6W1F-pep3_l14_s121254_mpnn15, skipping interface scoring
Base AF2 filters not passed for 6W1F-pep3_l14_s121254_mpnn16, skipping interface scoring
Base AF2 filters not passed for 6W1F-pep3_l14_s121254_mpnn17, skipping interface scoring
Base AF2 filters not passed for 6W1F-pep3_l14_s121254_mpnn18, skipping interface scoring
Base AF2 filters not passed for 6W1F-pep3_l14_s121254_mpnn19, skipping interface scoring
Base AF2 filters not passed for 6W1F-pep3_l14_s121254_mpnn20, skipping interface scoring
Base AF2 filters not passed for 6W1F-pep3_l14_s121254_mpnn21, skipping interface scoring
Base AF2 filters not passed for 6W1F-pep3_l14_s121254_mpnn22, skipping interface scoring
Base AF2 filters not passed for 6W1F-pep3_l14_s121254_mpnn23, skipping interface scoring
Base AF2 filters not passed for 6W1F-pep3_l14_s121254_mpnn24, skipping interface scoring
Base AF2 filters not passed for 6W1F-pep3_l14_s121254_mpnn25, skipping interface scoring
Base AF2 filters not passed for 6W1F-pep3_l14_s121254_mpnn26, skipping interface scoring
Base AF2 filters not passed for 6W1F-pep3_l14_s121254_mpnn27, skipping interface scoring
Base AF2 filters not passed for 6W1F-pep3_l14_s121254_mpnn28, skipping interface scoring
Base AF2 filters not passed for 6W1F-pep3_l14_s121254_mpnn29, skipping interface scoring
Base AF2 filters not passed for 6W1F-pep3_l14_s121254_mpnn30, skipping interface scoring
Base AF2 filters not passed for 6W1F-pep3_l14_s121254_mpnn31, skipping interface scoring
Base AF2 filters not passed for 6W1F-pep3_l14_s121254_mpnn32, skipping interface scoring
Base AF2 filters not passed for 6W1F-pep3_l14_s121254_mpnn33, skipping interface scoring
Base AF2 filters not passed for 6W1F-pep3_l14_s121254_mpnn34, skipping interface scoring
Base AF2 filters not passed for 6W1F-pep3_l14_s121254_mpnn35, skipping interface scoring
Base AF2 filters not passed for 6W1F-pep3_l14_s121254_mpnn36, skipping interface scoring
Base AF2 filters not passed for 6W1F-pep3_l14_s121254_mpnn37, skipping interface scoring
Base AF2 filters not passed for 6W1F-pep3_l14_s121254_mpnn38, skipping interface scoring
Base AF2 filters not passed for 6W1F-pep3_l14_s121254_mpnn39, skipping interface scoring
Base AF2 filters not passed for 6W1F-pep3_l14_s121254_mpnn40, skipping interface scoring
No accepted MPNN designs found for this trajectory.

Design and validation of trajectory 6W1F-pep3_l14_s121254 took: 0 hours, 12 minutes, 36 seconds

Processing trajectory 6W1F-pep3_l15_s428276
Base AF2 filters not passed for 6W1F-pep3_l15_s428276_mpnn1, skipping interface scoring
Base AF2 filters not passed for 6W1F-pep3_l15_s428276_mpnn2, skipping interface scoring
Base AF2 filters not passed for 6W1F-pep3_l15_s428276_mpnn3, skipping interface scoring
Base AF2 filters not passed for 6W1F-pep3_l15_s428276_mpnn4, skipping interface scoring
Base AF2 filters not passed for 6W1F-pep3_l15_s428276_mpnn5, skipping interface scoring
Base AF2 filters not passed for 6W1F-pep3_l15_s428276_mpnn6, skipping interface scoring
Base AF2 filters not passed for 6W1F-pep3_l15_s428276_mpnn7, skipping interface scoring
Base AF2 filters not passed for 6W1F-pep3_l15_s428276_mpnn8, skipping interface scoring
Base AF2 filters not passed for 6W1F-pep3_l15_s428276_mpnn9, skipping interface scoring
Base AF2 filters not passed for 6W1F-pep3_l15_s428276_mpnn10, skipping interface scoring
Base AF2 filters not passed for 6W1F-pep3_l15_s428276_mpnn11, skipping interface scoring
Base AF2 filters not passed for 6W1F-pep3_l15_s428276_mpnn12, skipping interface scoring
Base AF2 filters not passed for 6W1F-pep3_l15_s428276_mpnn13, skipping interface scoring
Base AF2 filters not passed for 6W1F-pep3_l15_s428276_mpnn14, skipping interface scoring
Base AF2 filters not passed for 6W1F-pep3_l15_s428276_mpnn15, skipping interface scoring
Base AF2 filters not passed for 6W1F-pep3_l15_s428276_mpnn16, skipping interface scoring
Base AF2 filters not passed for 6W1F-pep3_l15_s428276_mpnn17, skipping interface scoring
Base AF2 filters not passed for 6W1F-pep3_l15_s428276_mpnn18, skipping interface scoring
Base AF2 filters not passed for 6W1F-pep3_l15_s428276_mpnn19, skipping interface scoring
Base AF2 filters not passed for 6W1F-pep3_l15_s428276_mpnn20, skipping interface scoring
Base AF2 filters not passed for 6W1F-pep3_l15_s428276_mpnn21, skipping interface scoring
Base AF2 filters not passed for 6W1F-pep3_l15_s428276_mpnn22, skipping interface scoring
Base AF2 filters not passed for 6W1F-pep3_l15_s428276_mpnn23, skipping interface scoring
Base AF2 filters not passed for 6W1F-pep3_l15_s428276_mpnn24, skipping interface scoring
Base AF2 filters not passed for 6W1F-pep3_l15_s428276_mpnn25, skipping interface scoring
Base AF2 filters not passed for 6W1F-pep3_l15_s428276_mpnn26, skipping interface scoring
Base AF2 filters not passed for 6W1F-pep3_l15_s428276_mpnn27, skipping interface scoring
Base AF2 filters not passed for 6W1F-pep3_l15_s428276_mpnn28, skipping interface scoring
Base AF2 filters not passed for 6W1F-pep3_l15_s428276_mpnn29, skipping interface scoring
No accepted MPNN designs found for this trajectory.

Design and validation of trajectory 6W1F-pep3_l15_s428276 took: 0 hours, 9 minutes, 18 seconds

Processing trajectory 6W1F-pep3_l15_s359622
Base AF2 filters not passed for 6W1F-pep3_l15_s359622_mpnn1, skipping interface scoring
Base AF2 filters not passed for 6W1F-pep3_l15_s359622_mpnn2, skipping interface scoring
Base AF2 filters not passed for 6W1F-pep3_l15_s359622_mpnn3, skipping interface scoring
Base AF2 filters not passed for 6W1F-pep3_l15_s359622_mpnn4, skipping interface scoring
Base AF2 filters not passed for 6W1F-pep3_l15_s359622_mpnn5, skipping interface scoring
Base AF2 filters not passed for 6W1F-pep3_l15_s359622_mpnn6, skipping interface scoring
Base AF2 filters not passed for 6W1F-pep3_l15_s359622_mpnn7, skipping interface scoring
Base AF2 filters not passed for 6W1F-pep3_l15_s359622_mpnn8, skipping interface scoring
Base AF2 filters not passed for 6W1F-pep3_l15_s359622_mpnn9, skipping interface scoring
Base AF2 filters not passed for 6W1F-pep3_l15_s359622_mpnn10, skipping interface scoring
Base AF2 filters not passed for 6W1F-pep3_l15_s359622_mpnn11, skipping interface scoring
Base AF2 filters not passed for 6W1F-pep3_l15_s359622_mpnn12, skipping interface scoring
Base AF2 filters not passed for 6W1F-pep3_l15_s359622_mpnn13, skipping interface scoring
Base AF2 filters not passed for 6W1F-pep3_l15_s359622_mpnn14, skipping interface scoring
Base AF2 filters not passed for 6W1F-pep3_l15_s359622_mpnn15, skipping interface scoring
Base AF2 filters not passed for 6W1F-pep3_l15_s359622_mpnn16, skipping interface scoring
Base AF2 filters not passed for 6W1F-pep3_l15_s359622_mpnn17, skipping interface scoring
Base AF2 filters not passed for 6W1F-pep3_l15_s359622_mpnn18, skipping interface scoring
Base AF2 filters not passed for 6W1F-pep3_l15_s359622_mpnn19, skipping interface scoring
Base AF2 filters not passed for 6W1F-pep3_l15_s359622_mpnn20, skipping interface scoring
Base AF2 filters not passed for 6W1F-pep3_l15_s359622_mpnn21, skipping interface scoring
Base AF2 filters not passed for 6W1F-pep3_l15_s359622_mpnn22, skipping interface scoring
Base AF2 filters not passed for 6W1F-pep3_l15_s359622_mpnn23, skipping interface scoring
Base AF2 filters not passed for 6W1F-pep3_l15_s359622_mpnn24, skipping interface scoring
Base AF2 filters not passed for 6W1F-pep3_l15_s359622_mpnn25, skipping interface scoring
Base AF2 filters not passed for 6W1F-pep3_l15_s359622_mpnn26, skipping interface scoring
Base AF2 filters not passed for 6W1F-pep3_l15_s359622_mpnn27, skipping interface scoring
Base AF2 filters not passed for 6W1F-pep3_l15_s359622_mpnn28, skipping interface scoring
Base AF2 filters not passed for 6W1F-pep3_l15_s359622_mpnn29, skipping interface scoring
Base AF2 filters not passed for 6W1F-pep3_l15_s359622_mpnn30, skipping interface scoring
Base AF2 filters not passed for 6W1F-pep3_l15_s359622_mpnn31, skipping interface scoring
Base AF2 filters not passed for 6W1F-pep3_l15_s359622_mpnn32, skipping interface scoring
Base AF2 filters not passed for 6W1F-pep3_l15_s359622_mpnn33, skipping interface scoring
Base AF2 filters not passed for 6W1F-pep3_l15_s359622_mpnn34, skipping interface scoring
Base AF2 filters not passed for 6W1F-pep3_l15_s359622_mpnn35, skipping interface scoring
Base AF2 filters not passed for 6W1F-pep3_l15_s359622_mpnn36, skipping interface scoring
Base AF2 filters not passed for 6W1F-pep3_l15_s359622_mpnn37, skipping interface scoring
Base AF2 filters not passed for 6W1F-pep3_l15_s359622_mpnn38, skipping interface scoring
Base AF2 filters not passed for 6W1F-pep3_l15_s359622_mpnn39, skipping interface scoring
Base AF2 filters not passed for 6W1F-pep3_l15_s359622_mpnn40, skipping interface scoring
No accepted MPNN designs found for this trajectory.

Design and validation of trajectory 6W1F-pep3_l15_s359622 took: 0 hours, 12 minutes, 52 seconds

Processing trajectory 6W1F-pep3_l17_s847919
Base AF2 filters not passed for 6W1F-pep3_l17_s847919_mpnn1, skipping interface scoring
Base AF2 filters not passed for 6W1F-pep3_l17_s847919_mpnn2, skipping interface scoring
Base AF2 filters not passed for 6W1F-pep3_l17_s847919_mpnn3, skipping interface scoring
Base AF2 filters not passed for 6W1F-pep3_l17_s847919_mpnn4, skipping interface scoring
Base AF2 filters not passed for 6W1F-pep3_l17_s847919_mpnn5, skipping interface scoring
Base AF2 filters not passed for 6W1F-pep3_l17_s847919_mpnn6, skipping interface scoring
Base AF2 filters not passed for 6W1F-pep3_l17_s847919_mpnn7, skipping interface scoring
Base AF2 filters not passed for 6W1F-pep3_l17_s847919_mpnn8, skipping interface scoring
Base AF2 filters not passed for 6W1F-pep3_l17_s847919_mpnn9, skipping interface scoring
Base AF2 filters not passed for 6W1F-pep3_l17_s847919_mpnn10, skipping interface scoring
Base AF2 filters not passed for 6W1F-pep3_l17_s847919_mpnn11, skipping interface scoring
Base AF2 filters not passed for 6W1F-pep3_l17_s847919_mpnn12, skipping interface scoring
Base AF2 filters not passed for 6W1F-pep3_l17_s847919_mpnn13, skipping interface scoring
Base AF2 filters not passed for 6W1F-pep3_l17_s847919_mpnn14, skipping interface scoring
Base AF2 filters not passed for 6W1F-pep3_l17_s847919_mpnn15, skipping interface scoring
Base AF2 filters not passed for 6W1F-pep3_l17_s847919_mpnn16, skipping interface scoring
Base AF2 filters not passed for 6W1F-pep3_l17_s847919_mpnn17, skipping interface scoring
Base AF2 filters not passed for 6W1F-pep3_l17_s847919_mpnn18, skipping interface scoring
Base AF2 filters not passed for 6W1F-pep3_l17_s847919_mpnn19, skipping interface scoring
Base AF2 filters not passed for 6W1F-pep3_l17_s847919_mpnn20, skipping interface scoring
Base AF2 filters not passed for 6W1F-pep3_l17_s847919_mpnn21, skipping interface scoring
Base AF2 filters not passed for 6W1F-pep3_l17_s847919_mpnn22, skipping interface scoring
Base AF2 filters not passed for 6W1F-pep3_l17_s847919_mpnn23, skipping interface scoring
Base AF2 filters not passed for 6W1F-pep3_l17_s847919_mpnn24, skipping interface scoring
Base AF2 filters not passed for 6W1F-pep3_l17_s847919_mpnn25, skipping interface scoring
Base AF2 filters not passed for 6W1F-pep3_l17_s847919_mpnn26, skipping interface scoring
Base AF2 filters not passed for 6W1F-pep3_l17_s847919_mpnn27, skipping interface scoring
Base AF2 filters not passed for 6W1F-pep3_l17_s847919_mpnn28, skipping interface scoring
Base AF2 filters not passed for 6W1F-pep3_l17_s847919_mpnn29, skipping interface scoring
Base AF2 filters not passed for 6W1F-pep3_l17_s847919_mpnn30, skipping interface scoring
Base AF2 filters not passed for 6W1F-pep3_l17_s847919_mpnn31, skipping interface scoring
Base AF2 filters not passed for 6W1F-pep3_l17_s847919_mpnn32, skipping interface scoring
Base AF2 filters not passed for 6W1F-pep3_l17_s847919_mpnn33, skipping interface scoring
Base AF2 filters not passed for 6W1F-pep3_l17_s847919_mpnn34, skipping interface scoring
Base AF2 filters not passed for 6W1F-pep3_l17_s847919_mpnn35, skipping interface scoring
Base AF2 filters not passed for 6W1F-pep3_l17_s847919_mpnn36, skipping interface scoring
Base AF2 filters not passed for 6W1F-pep3_l17_s847919_mpnn37, skipping interface scoring
Base AF2 filters not passed for 6W1F-pep3_l17_s847919_mpnn38, skipping interface scoring
Base AF2 filters not passed for 6W1F-pep3_l17_s847919_mpnn39, skipping interface scoring
Base AF2 filters not passed for 6W1F-pep3_l17_s847919_mpnn40, skipping interface scoring
Base AF2 filters not passed for 6W1F-pep3_l17_s847919_mpnn41, skipping interface scoring
Base AF2 filters not passed for 6W1F-pep3_l17_s847919_mpnn42, skipping interface scoring
Base AF2 filters not passed for 6W1F-pep3_l17_s847919_mpnn43, skipping interface scoring
Base AF2 filters not passed for 6W1F-pep3_l17_s847919_mpnn44, skipping interface scoring
Base AF2 filters not passed for 6W1F-pep3_l17_s847919_mpnn45, skipping interface scoring
Base AF2 filters not passed for 6W1F-pep3_l17_s847919_mpnn46, skipping interface scoring
Base AF2 filters not passed for 6W1F-pep3_l17_s847919_mpnn47, skipping interface scoring
No accepted MPNN designs found for this trajectory.

Design and validation of trajectory 6W1F-pep3_l17_s847919 took: 0 hours, 14 minutes, 53 seconds

Processing trajectory 6W1F-pep3_l14_s815727
Base AF2 filters not passed for 6W1F-pep3_l14_s815727_mpnn1, skipping interface scoring
Base AF2 filters not passed for 6W1F-pep3_l14_s815727_mpnn2, skipping interface scoring
Base AF2 filters not passed for 6W1F-pep3_l14_s815727_mpnn3, skipping interface scoring
Base AF2 filters not passed for 6W1F-pep3_l14_s815727_mpnn4, skipping interface scoring
Base AF2 filters not passed for 6W1F-pep3_l14_s815727_mpnn5, skipping interface scoring
Base AF2 filters not passed for 6W1F-pep3_l14_s815727_mpnn6, skipping interface scoring
Base AF2 filters not passed for 6W1F-pep3_l14_s815727_mpnn7, skipping interface scoring
Base AF2 filters not passed for 6W1F-pep3_l14_s815727_mpnn8, skipping interface scoring
Base AF2 filters not passed for 6W1F-pep3_l14_s815727_mpnn9, skipping interface scoring
Base AF2 filters not passed for 6W1F-pep3_l14_s815727_mpnn10, skipping interface scoring
Base AF2 filters not passed for 6W1F-pep3_l14_s815727_mpnn11, skipping interface scoring
Base AF2 filters not passed for 6W1F-pep3_l14_s815727_mpnn12, skipping interface scoring
Base AF2 filters not passed for 6W1F-pep3_l14_s815727_mpnn13, skipping interface scoring
Base AF2 filters not passed for 6W1F-pep3_l14_s815727_mpnn14, skipping interface scoring
Base AF2 filters not passed for 6W1F-pep3_l14_s815727_mpnn15, skipping interface scoring
Base AF2 filters not passed for 6W1F-pep3_l14_s815727_mpnn16, skipping interface scoring
Base AF2 filters not passed for 6W1F-pep3_l14_s815727_mpnn17, skipping interface scoring
Base AF2 filters not passed for 6W1F-pep3_l14_s815727_mpnn18, skipping interface scoring
Base AF2 filters not passed for 6W1F-pep3_l14_s815727_mpnn19, skipping interface scoring
Base AF2 filters not passed for 6W1F-pep3_l14_s815727_mpnn20, skipping interface scoring
Base AF2 filters not passed for 6W1F-pep3_l14_s815727_mpnn21, skipping interface scoring
Base AF2 filters not passed for 6W1F-pep3_l14_s815727_mpnn22, skipping interface scoring
Base AF2 filters not passed for 6W1F-pep3_l14_s815727_mpnn23, skipping interface scoring
Base AF2 filters not passed for 6W1F-pep3_l14_s815727_mpnn24, skipping interface scoring
Base AF2 filters not passed for 6W1F-pep3_l14_s815727_mpnn25, skipping interface scoring
Base AF2 filters not passed for 6W1F-pep3_l14_s815727_mpnn26, skipping interface scoring
Base AF2 filters not passed for 6W1F-pep3_l14_s815727_mpnn27, skipping interface scoring
Base AF2 filters not passed for 6W1F-pep3_l14_s815727_mpnn28, skipping interface scoring
Base AF2 filters not passed for 6W1F-pep3_l14_s815727_mpnn29, skipping interface scoring
Base AF2 filters not passed for 6W1F-pep3_l14_s815727_mpnn30, skipping interface scoring
Base AF2 filters not passed for 6W1F-pep3_l14_s815727_mpnn31, skipping interface scoring
Base AF2 filters not passed for 6W1F-pep3_l14_s815727_mpnn32, skipping interface scoring
Base AF2 filters not passed for 6W1F-pep3_l14_s815727_mpnn33, skipping interface scoring
Base AF2 filters not passed for 6W1F-pep3_l14_s815727_mpnn34, skipping interface scoring
Base AF2 filters not passed for 6W1F-pep3_l14_s815727_mpnn35, skipping interface scoring
Base AF2 filters not passed for 6W1F-pep3_l14_s815727_mpnn36, skipping interface scoring
Base AF2 filters not passed for 6W1F-pep3_l14_s815727_mpnn37, skipping interface scoring
No accepted MPNN designs found for this trajectory.

Design and validation of trajectory 6W1F-pep3_l14_s815727 took: 0 hours, 11 minutes, 44 seconds

Processing trajectory 6W1F-pep3_l17_s744181
Base AF2 filters not passed for 6W1F-pep3_l17_s744181_mpnn1, skipping interface scoring
Base AF2 filters not passed for 6W1F-pep3_l17_s744181_mpnn2, skipping interface scoring
Base AF2 filters not passed for 6W1F-pep3_l17_s744181_mpnn3, skipping interface scoring
Base AF2 filters not passed for 6W1F-pep3_l17_s744181_mpnn4, skipping interface scoring
Base AF2 filters not passed for 6W1F-pep3_l17_s744181_mpnn5, skipping interface scoring
Base AF2 filters not passed for 6W1F-pep3_l17_s744181_mpnn6, skipping interface scoring
Base AF2 filters not passed for 6W1F-pep3_l17_s744181_mpnn7, skipping interface scoring
Base AF2 filters not passed for 6W1F-pep3_l17_s744181_mpnn8, skipping interface scoring
Base AF2 filters not passed for 6W1F-pep3_l17_s744181_mpnn9, skipping interface scoring
Base AF2 filters not passed for 6W1F-pep3_l17_s744181_mpnn10, skipping interface scoring
Base AF2 filters not passed for 6W1F-pep3_l17_s744181_mpnn11, skipping interface scoring
Base AF2 filters not passed for 6W1F-pep3_l17_s744181_mpnn12, skipping interface scoring
Base AF2 filters not passed for 6W1F-pep3_l17_s744181_mpnn13, skipping interface scoring
Base AF2 filters not passed for 6W1F-pep3_l17_s744181_mpnn14, skipping interface scoring
Base AF2 filters not passed for 6W1F-pep3_l17_s744181_mpnn15, skipping interface scoring
Base AF2 filters not passed for 6W1F-pep3_l17_s744181_mpnn16, skipping interface scoring
Base AF2 filters not passed for 6W1F-pep3_l17_s744181_mpnn17, skipping interface scoring
Base AF2 filters not passed for 6W1F-pep3_l17_s744181_mpnn18, skipping interface scoring
Base AF2 filters not passed for 6W1F-pep3_l17_s744181_mpnn19, skipping interface scoring
Base AF2 filters not passed for 6W1F-pep3_l17_s744181_mpnn20, skipping interface scoring
Base AF2 filters not passed for 6W1F-pep3_l17_s744181_mpnn21, skipping interface scoring
Base AF2 filters not passed for 6W1F-pep3_l17_s744181_mpnn22, skipping interface scoring
Base AF2 filters not passed for 6W1F-pep3_l17_s744181_mpnn23, skipping interface scoring
Base AF2 filters not passed for 6W1F-pep3_l17_s744181_mpnn24, skipping interface scoring
Base AF2 filters not passed for 6W1F-pep3_l17_s744181_mpnn25, skipping interface scoring
Base AF2 filters not passed for 6W1F-pep3_l17_s744181_mpnn26, skipping interface scoring
Base AF2 filters not passed for 6W1F-pep3_l17_s744181_mpnn27, skipping interface scoring
Base AF2 filters not passed for 6W1F-pep3_l17_s744181_mpnn28, skipping interface scoring
Base AF2 filters not passed for 6W1F-pep3_l17_s744181_mpnn29, skipping interface scoring
Base AF2 filters not passed for 6W1F-pep3_l17_s744181_mpnn30, skipping interface scoring
Base AF2 filters not passed for 6W1F-pep3_l17_s744181_mpnn31, skipping interface scoring
Base AF2 filters not passed for 6W1F-pep3_l17_s744181_mpnn32, skipping interface scoring
Base AF2 filters not passed for 6W1F-pep3_l17_s744181_mpnn33, skipping interface scoring
Base AF2 filters not passed for 6W1F-pep3_l17_s744181_mpnn34, skipping interface scoring
Base AF2 filters not passed for 6W1F-pep3_l17_s744181_mpnn35, skipping interface scoring
Base AF2 filters not passed for 6W1F-pep3_l17_s744181_mpnn36, skipping interface scoring
Base AF2 filters not passed for 6W1F-pep3_l17_s744181_mpnn37, skipping interface scoring
Base AF2 filters not passed for 6W1F-pep3_l17_s744181_mpnn38, skipping interface scoring
Base AF2 filters not passed for 6W1F-pep3_l17_s744181_mpnn39, skipping interface scoring
Base AF2 filters not passed for 6W1F-pep3_l17_s744181_mpnn40, skipping interface scoring
Base AF2 filters not passed for 6W1F-pep3_l17_s744181_mpnn41, skipping interface scoring
Base AF2 filters not passed for 6W1F-pep3_l17_s744181_mpnn42, skipping interface scoring
Base AF2 filters not passed for 6W1F-pep3_l17_s744181_mpnn43, skipping interface scoring
Base AF2 filters not passed for 6W1F-pep3_l17_s744181_mpnn44, skipping interface scoring
Base AF2 filters not passed for 6W1F-pep3_l17_s744181_mpnn45, skipping interface scoring
Base AF2 filters not passed for 6W1F-pep3_l17_s744181_mpnn46, skipping interface scoring
Base AF2 filters not passed for 6W1F-pep3_l17_s744181_mpnn47, skipping interface scoring
Base AF2 filters not passed for 6W1F-pep3_l17_s744181_mpnn48, skipping interface scoring
Base AF2 filters not passed for 6W1F-pep3_l17_s744181_mpnn49, skipping interface scoring
Base AF2 filters not passed for 6W1F-pep3_l17_s744181_mpnn50, skipping interface scoring
No accepted MPNN designs found for this trajectory.

Design and validation of trajectory 6W1F-pep3_l17_s744181 took: 0 hours, 15 minutes, 49 seconds

Processing trajectory 6W1F-pep3_l13_s463103
Base AF2 filters not passed for 6W1F-pep3_l13_s463103_mpnn1, skipping interface scoring
Base AF2 filters not passed for 6W1F-pep3_l13_s463103_mpnn2, skipping interface scoring
Base AF2 filters not passed for 6W1F-pep3_l13_s463103_mpnn3, skipping interface scoring
Base AF2 filters not passed for 6W1F-pep3_l13_s463103_mpnn4, skipping interface scoring
Base AF2 filters not passed for 6W1F-pep3_l13_s463103_mpnn5, skipping interface scoring
Base AF2 filters not passed for 6W1F-pep3_l13_s463103_mpnn6, skipping interface scoring
Base AF2 filters not passed for 6W1F-pep3_l13_s463103_mpnn7, skipping interface scoring
Base AF2 filters not passed for 6W1F-pep3_l13_s463103_mpnn8, skipping interface scoring
Base AF2 filters not passed for 6W1F-pep3_l13_s463103_mpnn9, skipping interface scoring
Base AF2 filters not passed for 6W1F-pep3_l13_s463103_mpnn10, skipping interface scoring
Base AF2 filters not passed for 6W1F-pep3_l13_s463103_mpnn11, skipping interface scoring
Base AF2 filters not passed for 6W1F-pep3_l13_s463103_mpnn12, skipping interface scoring
Base AF2 filters not passed for 6W1F-pep3_l13_s463103_mpnn13, skipping interface scoring
Base AF2 filters not passed for 6W1F-pep3_l13_s463103_mpnn14, skipping interface scoring
Base AF2 filters not passed for 6W1F-pep3_l13_s463103_mpnn15, skipping interface scoring
Base AF2 filters not passed for 6W1F-pep3_l13_s463103_mpnn16, skipping interface scoring
Base AF2 filters not passed for 6W1F-pep3_l13_s463103_mpnn17, skipping interface scoring
Base AF2 filters not passed for 6W1F-pep3_l13_s463103_mpnn18, skipping interface scoring
Base AF2 filters not passed for 6W1F-pep3_l13_s463103_mpnn19, skipping interface scoring
Base AF2 filters not passed for 6W1F-pep3_l13_s463103_mpnn20, skipping interface scoring
Base AF2 filters not passed for 6W1F-pep3_l13_s463103_mpnn21, skipping interface scoring
Base AF2 filters not passed for 6W1F-pep3_l13_s463103_mpnn22, skipping interface scoring
Base AF2 filters not passed for 6W1F-pep3_l13_s463103_mpnn23, skipping interface scoring
No accepted MPNN designs found for this trajectory.

Design and validation of trajectory 6W1F-pep3_l13_s463103 took: 0 hours, 7 minutes, 28 seconds

Processing trajectory 6W1F-pep3_l15_s643519
Base AF2 filters not passed for 6W1F-pep3_l15_s643519_mpnn1, skipping interface scoring
Base AF2 filters not passed for 6W1F-pep3_l15_s643519_mpnn2, skipping interface scoring
Base AF2 filters not passed for 6W1F-pep3_l15_s643519_mpnn3, skipping interface scoring
Base AF2 filters not passed for 6W1F-pep3_l15_s643519_mpnn4, skipping interface scoring
Base AF2 filters not passed for 6W1F-pep3_l15_s643519_mpnn5, skipping interface scoring
Base AF2 filters not passed for 6W1F-pep3_l15_s643519_mpnn6, skipping interface scoring
Base AF2 filters not passed for 6W1F-pep3_l15_s643519_mpnn7, skipping interface scoring
Base AF2 filters not passed for 6W1F-pep3_l15_s643519_mpnn8, skipping interface scoring
Base AF2 filters not passed for 6W1F-pep3_l15_s643519_mpnn9, skipping interface scoring
Base AF2 filters not passed for 6W1F-pep3_l15_s643519_mpnn10, skipping interface scoring
Base AF2 filters not passed for 6W1F-pep3_l15_s643519_mpnn11, skipping interface scoring
Base AF2 filters not passed for 6W1F-pep3_l15_s643519_mpnn12, skipping interface scoring
Base AF2 filters not passed for 6W1F-pep3_l15_s643519_mpnn13, skipping interface scoring
Base AF2 filters not passed for 6W1F-pep3_l15_s643519_mpnn14, skipping interface scoring
Base AF2 filters not passed for 6W1F-pep3_l15_s643519_mpnn15, skipping interface scoring
Base AF2 filters not passed for 6W1F-pep3_l15_s643519_mpnn16, skipping interface scoring
Base AF2 filters not passed for 6W1F-pep3_l15_s643519_mpnn17, skipping interface scoring
Base AF2 filters not passed for 6W1F-pep3_l15_s643519_mpnn18, skipping interface scoring
Base AF2 filters not passed for 6W1F-pep3_l15_s643519_mpnn19, skipping interface scoring
Base AF2 filters not passed for 6W1F-pep3_l15_s643519_mpnn20, skipping interface scoring
Base AF2 filters not passed for 6W1F-pep3_l15_s643519_mpnn21, skipping interface scoring
Base AF2 filters not passed for 6W1F-pep3_l15_s643519_mpnn22, skipping interface scoring
Base AF2 filters not passed for 6W1F-pep3_l15_s643519_mpnn23, skipping interface scoring
Base AF2 filters not passed for 6W1F-pep3_l15_s643519_mpnn24, skipping interface scoring
Base AF2 filters not passed for 6W1F-pep3_l15_s643519_mpnn25, skipping interface scoring
Base AF2 filters not passed for 6W1F-pep3_l15_s643519_mpnn26, skipping interface scoring
Base AF2 filters not passed for 6W1F-pep3_l15_s643519_mpnn27, skipping interface scoring
Base AF2 filters not passed for 6W1F-pep3_l15_s643519_mpnn28, skipping interface scoring
Base AF2 filters not passed for 6W1F-pep3_l15_s643519_mpnn29, skipping interface scoring
Base AF2 filters not passed for 6W1F-pep3_l15_s643519_mpnn30, skipping interface scoring
Base AF2 filters not passed for 6W1F-pep3_l15_s643519_mpnn31, skipping interface scoring
No accepted MPNN designs found for this trajectory.

Design and validation of trajectory 6W1F-pep3_l15_s643519 took: 0 hours, 9 minutes, 54 seconds

Processing trajectory 6W1F-pep3_l13_s311592
Base AF2 filters not passed for 6W1F-pep3_l13_s311592_mpnn1, skipping interface scoring
Base AF2 filters not passed for 6W1F-pep3_l13_s311592_mpnn2, skipping interface scoring
Base AF2 filters not passed for 6W1F-pep3_l13_s311592_mpnn3, skipping interface scoring
Base AF2 filters not passed for 6W1F-pep3_l13_s311592_mpnn4, skipping interface scoring
Base AF2 filters not passed for 6W1F-pep3_l13_s311592_mpnn5, skipping interface scoring
Base AF2 filters not passed for 6W1F-pep3_l13_s311592_mpnn6, skipping interface scoring
Base AF2 filters not passed for 6W1F-pep3_l13_s311592_mpnn7, skipping interface scoring
Base AF2 filters not passed for 6W1F-pep3_l13_s311592_mpnn8, skipping interface scoring
Base AF2 filters not passed for 6W1F-pep3_l13_s311592_mpnn9, skipping interface scoring
Base AF2 filters not passed for 6W1F-pep3_l13_s311592_mpnn10, skipping interface scoring
Base AF2 filters not passed for 6W1F-pep3_l13_s311592_mpnn11, skipping interface scoring
Base AF2 filters not passed for 6W1F-pep3_l13_s311592_mpnn12, skipping interface scoring
Base AF2 filters not passed for 6W1F-pep3_l13_s311592_mpnn13, skipping interface scoring
Base AF2 filters not passed for 6W1F-pep3_l13_s311592_mpnn14, skipping interface scoring
Base AF2 filters not passed for 6W1F-pep3_l13_s311592_mpnn15, skipping interface scoring
Base AF2 filters not passed for 6W1F-pep3_l13_s311592_mpnn16, skipping interface scoring
Base AF2 filters not passed for 6W1F-pep3_l13_s311592_mpnn17, skipping interface scoring
Base AF2 filters not passed for 6W1F-pep3_l13_s311592_mpnn18, skipping interface scoring
Base AF2 filters not passed for 6W1F-pep3_l13_s311592_mpnn19, skipping interface scoring
Base AF2 filters not passed for 6W1F-pep3_l13_s311592_mpnn20, skipping interface scoring
Base AF2 filters not passed for 6W1F-pep3_l13_s311592_mpnn21, skipping interface scoring
Base AF2 filters not passed for 6W1F-pep3_l13_s311592_mpnn22, skipping interface scoring
Base AF2 filters not passed for 6W1F-pep3_l13_s311592_mpnn23, skipping interface scoring
Base AF2 filters not passed for 6W1F-pep3_l13_s311592_mpnn24, skipping interface scoring
No accepted MPNN designs found for this trajectory.

Design and validation of trajectory 6W1F-pep3_l13_s311592 took: 0 hours, 7 minutes, 47 seconds

Processing trajectory 6W1F-pep3_l15_s49540
Base AF2 filters not passed for 6W1F-pep3_l15_s49540_mpnn1, skipping interface scoring
Base AF2 filters not passed for 6W1F-pep3_l15_s49540_mpnn2, skipping interface scoring
Base AF2 filters not passed for 6W1F-pep3_l15_s49540_mpnn3, skipping interface scoring
Base AF2 filters not passed for 6W1F-pep3_l15_s49540_mpnn4, skipping interface scoring
Base AF2 filters not passed for 6W1F-pep3_l15_s49540_mpnn5, skipping interface scoring
Base AF2 filters not passed for 6W1F-pep3_l15_s49540_mpnn6, skipping interface scoring
Base AF2 filters not passed for 6W1F-pep3_l15_s49540_mpnn7, skipping interface scoring
Base AF2 filters not passed for 6W1F-pep3_l15_s49540_mpnn8, skipping interface scoring
Base AF2 filters not passed for 6W1F-pep3_l15_s49540_mpnn9, skipping interface scoring
Base AF2 filters not passed for 6W1F-pep3_l15_s49540_mpnn10, skipping interface scoring
Base AF2 filters not passed for 6W1F-pep3_l15_s49540_mpnn11, skipping interface scoring
Base AF2 filters not passed for 6W1F-pep3_l15_s49540_mpnn12, skipping interface scoring
Base AF2 filters not passed for 6W1F-pep3_l15_s49540_mpnn13, skipping interface scoring
Base AF2 filters not passed for 6W1F-pep3_l15_s49540_mpnn14, skipping interface scoring
Base AF2 filters not passed for 6W1F-pep3_l15_s49540_mpnn15, skipping interface scoring
Base AF2 filters not passed for 6W1F-pep3_l15_s49540_mpnn16, skipping interface scoring
Base AF2 filters not passed for 6W1F-pep3_l15_s49540_mpnn17, skipping interface scoring
Base AF2 filters not passed for 6W1F-pep3_l15_s49540_mpnn18, skipping interface scoring
Base AF2 filters not passed for 6W1F-pep3_l15_s49540_mpnn19, skipping interface scoring
Base AF2 filters not passed for 6W1F-pep3_l15_s49540_mpnn20, skipping interface scoring
Base AF2 filters not passed for 6W1F-pep3_l15_s49540_mpnn21, skipping interface scoring
Base AF2 filters not passed for 6W1F-pep3_l15_s49540_mpnn22, skipping interface scoring
Base AF2 filters not passed for 6W1F-pep3_l15_s49540_mpnn23, skipping interface scoring
Base AF2 filters not passed for 6W1F-pep3_l15_s49540_mpnn24, skipping interface scoring
Base AF2 filters not passed for 6W1F-pep3_l15_s49540_mpnn25, skipping interface scoring
Base AF2 filters not passed for 6W1F-pep3_l15_s49540_mpnn26, skipping interface scoring
Base AF2 filters not passed for 6W1F-pep3_l15_s49540_mpnn27, skipping interface scoring
Base AF2 filters not passed for 6W1F-pep3_l15_s49540_mpnn28, skipping interface scoring
Base AF2 filters not passed for 6W1F-pep3_l15_s49540_mpnn29, skipping interface scoring
Base AF2 filters not passed for 6W1F-pep3_l15_s49540_mpnn30, skipping interface scoring
Base AF2 filters not passed for 6W1F-pep3_l15_s49540_mpnn31, skipping interface scoring
Base AF2 filters not passed for 6W1F-pep3_l15_s49540_mpnn32, skipping interface scoring
Base AF2 filters not passed for 6W1F-pep3_l15_s49540_mpnn33, skipping interface scoring
Base AF2 filters not passed for 6W1F-pep3_l15_s49540_mpnn34, skipping interface scoring
Base AF2 filters not passed for 6W1F-pep3_l15_s49540_mpnn35, skipping interface scoring
Base AF2 filters not passed for 6W1F-pep3_l15_s49540_mpnn36, skipping interface scoring
Base AF2 filters not passed for 6W1F-pep3_l15_s49540_mpnn37, skipping interface scoring
Base AF2 filters not passed for 6W1F-pep3_l15_s49540_mpnn38, skipping interface scoring
Base AF2 filters not passed for 6W1F-pep3_l15_s49540_mpnn39, skipping interface scoring
Base AF2 filters not passed for 6W1F-pep3_l15_s49540_mpnn40, skipping interface scoring
Base AF2 filters not passed for 6W1F-pep3_l15_s49540_mpnn41, skipping interface scoring
Base AF2 filters not passed for 6W1F-pep3_l15_s49540_mpnn42, skipping interface scoring
Base AF2 filters not passed for 6W1F-pep3_l15_s49540_mpnn43, skipping interface scoring
Base AF2 filters not passed for 6W1F-pep3_l15_s49540_mpnn44, skipping interface scoring
Base AF2 filters not passed for 6W1F-pep3_l15_s49540_mpnn45, skipping interface scoring
Base AF2 filters not passed for 6W1F-pep3_l15_s49540_mpnn46, skipping interface scoring
Base AF2 filters not passed for 6W1F-pep3_l15_s49540_mpnn47, skipping interface scoring
Base AF2 filters not passed for 6W1F-pep3_l15_s49540_mpnn48, skipping interface scoring
No accepted MPNN designs found for this trajectory.

Design and validation of trajectory 6W1F-pep3_l15_s49540 took: 0 hours, 14 minutes, 56 seconds

Processing trajectory 6W1F-pep3_l15_s144840
Base AF2 filters not passed for 6W1F-pep3_l15_s144840_mpnn1, skipping interface scoring
Base AF2 filters not passed for 6W1F-pep3_l15_s144840_mpnn2, skipping interface scoring
Base AF2 filters not passed for 6W1F-pep3_l15_s144840_mpnn3, skipping interface scoring
Unmet filter conditions for 6W1F-pep3_l15_s144840_mpnn4
Base AF2 filters not passed for 6W1F-pep3_l15_s144840_mpnn5, skipping interface scoring
Unmet filter conditions for 6W1F-pep3_l15_s144840_mpnn6
Unmet filter conditions for 6W1F-pep3_l15_s144840_mpnn7
Base AF2 filters not passed for 6W1F-pep3_l15_s144840_mpnn8, skipping interface scoring
Base AF2 filters not passed for 6W1F-pep3_l15_s144840_mpnn9, skipping interface scoring
Unmet filter conditions for 6W1F-pep3_l15_s144840_mpnn10
Base AF2 filters not passed for 6W1F-pep3_l15_s144840_mpnn11, skipping interface scoring
Base AF2 filters not passed for 6W1F-pep3_l15_s144840_mpnn12, skipping interface scoring
Base AF2 filters not passed for 6W1F-pep3_l15_s144840_mpnn13, skipping interface scoring
Base AF2 filters not passed for 6W1F-pep3_l15_s144840_mpnn14, skipping interface scoring
Unmet filter conditions for 6W1F-pep3_l15_s144840_mpnn15
Base AF2 filters not passed for 6W1F-pep3_l15_s144840_mpnn16, skipping interface scoring
Base AF2 filters not passed for 6W1F-pep3_l15_s144840_mpnn17, skipping interface scoring
Base AF2 filters not passed for 6W1F-pep3_l15_s144840_mpnn18, skipping interface scoring
Unmet filter conditions for 6W1F-pep3_l15_s144840_mpnn19
Base AF2 filters not passed for 6W1F-pep3_l15_s144840_mpnn20, skipping interface scoring
Unmet filter conditions for 6W1F-pep3_l15_s144840_mpnn21
Base AF2 filters not passed for 6W1F-pep3_l15_s144840_mpnn22, skipping interface scoring
Base AF2 filters not passed for 6W1F-pep3_l15_s144840_mpnn23, skipping interface scoring
Unmet filter conditions for 6W1F-pep3_l15_s144840_mpnn24
Base AF2 filters not passed for 6W1F-pep3_l15_s144840_mpnn25, skipping interface scoring
Base AF2 filters not passed for 6W1F-pep3_l15_s144840_mpnn26, skipping interface scoring
Base AF2 filters not passed for 6W1F-pep3_l15_s144840_mpnn27, skipping interface scoring
Base AF2 filters not passed for 6W1F-pep3_l15_s144840_mpnn28, skipping interface scoring
Base AF2 filters not passed for 6W1F-pep3_l15_s144840_mpnn29, skipping interface scoring
Base AF2 filters not passed for 6W1F-pep3_l15_s144840_mpnn30, skipping interface scoring
Base AF2 filters not passed for 6W1F-pep3_l15_s144840_mpnn31, skipping interface scoring
Base AF2 filters not passed for 6W1F-pep3_l15_s144840_mpnn32, skipping interface scoring
No accepted MPNN designs found for this trajectory.

Design and validation of trajectory 6W1F-pep3_l15_s144840 took: 1 hours, 0 minutes, 15 seconds

Processing trajectory 6W1F-pep3_l16_s89194
Base AF2 filters not passed for 6W1F-pep3_l16_s89194_mpnn1, skipping interface scoring
Base AF2 filters not passed for 6W1F-pep3_l16_s89194_mpnn2, skipping interface scoring
Base AF2 filters not passed for 6W1F-pep3_l16_s89194_mpnn3, skipping interface scoring
Base AF2 filters not passed for 6W1F-pep3_l16_s89194_mpnn4, skipping interface scoring
Base AF2 filters not passed for 6W1F-pep3_l16_s89194_mpnn5, skipping interface scoring
Base AF2 filters not passed for 6W1F-pep3_l16_s89194_mpnn6, skipping interface scoring
Base AF2 filters not passed for 6W1F-pep3_l16_s89194_mpnn7, skipping interface scoring
Base AF2 filters not passed for 6W1F-pep3_l16_s89194_mpnn8, skipping interface scoring
Base AF2 filters not passed for 6W1F-pep3_l16_s89194_mpnn9, skipping interface scoring
Base AF2 filters not passed for 6W1F-pep3_l16_s89194_mpnn10, skipping interface scoring
Base AF2 filters not passed for 6W1F-pep3_l16_s89194_mpnn11, skipping interface scoring
Base AF2 filters not passed for 6W1F-pep3_l16_s89194_mpnn12, skipping interface scoring
Base AF2 filters not passed for 6W1F-pep3_l16_s89194_mpnn13, skipping interface scoring
Base AF2 filters not passed for 6W1F-pep3_l16_s89194_mpnn14, skipping interface scoring
Base AF2 filters not passed for 6W1F-pep3_l16_s89194_mpnn15, skipping interface scoring
Base AF2 filters not passed for 6W1F-pep3_l16_s89194_mpnn16, skipping interface scoring
Base AF2 filters not passed for 6W1F-pep3_l16_s89194_mpnn17, skipping interface scoring
Base AF2 filters not passed for 6W1F-pep3_l16_s89194_mpnn18, skipping interface scoring
Base AF2 filters not passed for 6W1F-pep3_l16_s89194_mpnn19, skipping interface scoring
Base AF2 filters not passed for 6W1F-pep3_l16_s89194_mpnn20, skipping interface scoring
Base AF2 filters not passed for 6W1F-pep3_l16_s89194_mpnn21, skipping interface scoring
Base AF2 filters not passed for 6W1F-pep3_l16_s89194_mpnn22, skipping interface scoring
Base AF2 filters not passed for 6W1F-pep3_l16_s89194_mpnn23, skipping interface scoring
Base AF2 filters not passed for 6W1F-pep3_l16_s89194_mpnn24, skipping interface scoring
Base AF2 filters not passed for 6W1F-pep3_l16_s89194_mpnn25, skipping interface scoring
Base AF2 filters not passed for 6W1F-pep3_l16_s89194_mpnn26, skipping interface scoring
Base AF2 filters not passed for 6W1F-pep3_l16_s89194_mpnn27, skipping interface scoring
Base AF2 filters not passed for 6W1F-pep3_l16_s89194_mpnn28, skipping interface scoring
Base AF2 filters not passed for 6W1F-pep3_l16_s89194_mpnn29, skipping interface scoring
Base AF2 filters not passed for 6W1F-pep3_l16_s89194_mpnn30, skipping interface scoring
Base AF2 filters not passed for 6W1F-pep3_l16_s89194_mpnn31, skipping interface scoring
Base AF2 filters not passed for 6W1F-pep3_l16_s89194_mpnn32, skipping interface scoring
Base AF2 filters not passed for 6W1F-pep3_l16_s89194_mpnn33, skipping interface scoring
Base AF2 filters not passed for 6W1F-pep3_l16_s89194_mpnn34, skipping interface scoring
Base AF2 filters not passed for 6W1F-pep3_l16_s89194_mpnn35, skipping interface scoring
Base AF2 filters not passed for 6W1F-pep3_l16_s89194_mpnn36, skipping interface scoring
Base AF2 filters not passed for 6W1F-pep3_l16_s89194_mpnn37, skipping interface scoring
No accepted MPNN designs found for this trajectory.

Design and validation of trajectory 6W1F-pep3_l16_s89194 took: 0 hours, 11 minutes, 58 seconds

Processing trajectory 6W1F-pep3_l13_s638890
Base AF2 filters not passed for 6W1F-pep3_l13_s638890_mpnn1, skipping interface scoring
Base AF2 filters not passed for 6W1F-pep3_l13_s638890_mpnn2, skipping interface scoring
Base AF2 filters not passed for 6W1F-pep3_l13_s638890_mpnn3, skipping interface scoring
Base AF2 filters not passed for 6W1F-pep3_l13_s638890_mpnn4, skipping interface scoring
Base AF2 filters not passed for 6W1F-pep3_l13_s638890_mpnn5, skipping interface scoring
Base AF2 filters not passed for 6W1F-pep3_l13_s638890_mpnn6, skipping interface scoring
Base AF2 filters not passed for 6W1F-pep3_l13_s638890_mpnn7, skipping interface scoring
Base AF2 filters not passed for 6W1F-pep3_l13_s638890_mpnn8, skipping interface scoring
Base AF2 filters not passed for 6W1F-pep3_l13_s638890_mpnn9, skipping interface scoring
Base AF2 filters not passed for 6W1F-pep3_l13_s638890_mpnn10, skipping interface scoring
Base AF2 filters not passed for 6W1F-pep3_l13_s638890_mpnn11, skipping interface scoring
Base AF2 filters not passed for 6W1F-pep3_l13_s638890_mpnn12, skipping interface scoring
Base AF2 filters not passed for 6W1F-pep3_l13_s638890_mpnn13, skipping interface scoring
Base AF2 filters not passed for 6W1F-pep3_l13_s638890_mpnn14, skipping interface scoring
Base AF2 filters not passed for 6W1F-pep3_l13_s638890_mpnn15, skipping interface scoring
Base AF2 filters not passed for 6W1F-pep3_l13_s638890_mpnn16, skipping interface scoring
Base AF2 filters not passed for 6W1F-pep3_l13_s638890_mpnn17, skipping interface scoring
Base AF2 filters not passed for 6W1F-pep3_l13_s638890_mpnn18, skipping interface scoring
Base AF2 filters not passed for 6W1F-pep3_l13_s638890_mpnn19, skipping interface scoring
Base AF2 filters not passed for 6W1F-pep3_l13_s638890_mpnn20, skipping interface scoring
Base AF2 filters not passed for 6W1F-pep3_l13_s638890_mpnn21, skipping interface scoring
Base AF2 filters not passed for 6W1F-pep3_l13_s638890_mpnn22, skipping interface scoring
Base AF2 filters not passed for 6W1F-pep3_l13_s638890_mpnn23, skipping interface scoring
Base AF2 filters not passed for 6W1F-pep3_l13_s638890_mpnn24, skipping interface scoring
Base AF2 filters not passed for 6W1F-pep3_l13_s638890_mpnn25, skipping interface scoring
Base AF2 filters not passed for 6W1F-pep3_l13_s638890_mpnn26, skipping interface scoring
Base AF2 filters not passed for 6W1F-pep3_l13_s638890_mpnn27, skipping interface scoring
Base AF2 filters not passed for 6W1F-pep3_l13_s638890_mpnn28, skipping interface scoring
Base AF2 filters not passed for 6W1F-pep3_l13_s638890_mpnn29, skipping interface scoring
Base AF2 filters not passed for 6W1F-pep3_l13_s638890_mpnn30, skipping interface scoring
Base AF2 filters not passed for 6W1F-pep3_l13_s638890_mpnn31, skipping interface scoring
Base AF2 filters not passed for 6W1F-pep3_l13_s638890_mpnn32, skipping interface scoring
Base AF2 filters not passed for 6W1F-pep3_l13_s638890_mpnn33, skipping interface scoring
Base AF2 filters not passed for 6W1F-pep3_l13_s638890_mpnn34, skipping interface scoring
Base AF2 filters not passed for 6W1F-pep3_l13_s638890_mpnn35, skipping interface scoring
Base AF2 filters not passed for 6W1F-pep3_l13_s638890_mpnn36, skipping interface scoring
Base AF2 filters not passed for 6W1F-pep3_l13_s638890_mpnn37, skipping interface scoring
Base AF2 filters not passed for 6W1F-pep3_l13_s638890_mpnn38, skipping interface scoring
Base AF2 filters not passed for 6W1F-pep3_l13_s638890_mpnn39, skipping interface scoring
Base AF2 filters not passed for 6W1F-pep3_l13_s638890_mpnn40, skipping interface scoring
Base AF2 filters not passed for 6W1F-pep3_l13_s638890_mpnn41, skipping interface scoring
Base AF2 filters not passed for 6W1F-pep3_l13_s638890_mpnn42, skipping interface scoring
No accepted MPNN designs found for this trajectory.

Design and validation of trajectory 6W1F-pep3_l13_s638890 took: 0 hours, 13 minutes, 4 seconds

Processing trajectory 6W1F-pep3_l14_s107484
Base AF2 filters not passed for 6W1F-pep3_l14_s107484_mpnn1, skipping interface scoring
Base AF2 filters not passed for 6W1F-pep3_l14_s107484_mpnn2, skipping interface scoring
Base AF2 filters not passed for 6W1F-pep3_l14_s107484_mpnn3, skipping interface scoring
Base AF2 filters not passed for 6W1F-pep3_l14_s107484_mpnn4, skipping interface scoring
Base AF2 filters not passed for 6W1F-pep3_l14_s107484_mpnn5, skipping interface scoring
Base AF2 filters not passed for 6W1F-pep3_l14_s107484_mpnn6, skipping interface scoring
Base AF2 filters not passed for 6W1F-pep3_l14_s107484_mpnn7, skipping interface scoring
Base AF2 filters not passed for 6W1F-pep3_l14_s107484_mpnn8, skipping interface scoring
Base AF2 filters not passed for 6W1F-pep3_l14_s107484_mpnn9, skipping interface scoring
Base AF2 filters not passed for 6W1F-pep3_l14_s107484_mpnn10, skipping interface scoring
Base AF2 filters not passed for 6W1F-pep3_l14_s107484_mpnn11, skipping interface scoring
Base AF2 filters not passed for 6W1F-pep3_l14_s107484_mpnn12, skipping interface scoring
Base AF2 filters not passed for 6W1F-pep3_l14_s107484_mpnn13, skipping interface scoring
Base AF2 filters not passed for 6W1F-pep3_l14_s107484_mpnn14, skipping interface scoring
Base AF2 filters not passed for 6W1F-pep3_l14_s107484_mpnn15, skipping interface scoring
Base AF2 filters not passed for 6W1F-pep3_l14_s107484_mpnn16, skipping interface scoring
Base AF2 filters not passed for 6W1F-pep3_l14_s107484_mpnn17, skipping interface scoring
Base AF2 filters not passed for 6W1F-pep3_l14_s107484_mpnn18, skipping interface scoring
Base AF2 filters not passed for 6W1F-pep3_l14_s107484_mpnn19, skipping interface scoring
Base AF2 filters not passed for 6W1F-pep3_l14_s107484_mpnn20, skipping interface scoring
Base AF2 filters not passed for 6W1F-pep3_l14_s107484_mpnn21, skipping interface scoring
Base AF2 filters not passed for 6W1F-pep3_l14_s107484_mpnn22, skipping interface scoring
Base AF2 filters not passed for 6W1F-pep3_l14_s107484_mpnn23, skipping interface scoring
Base AF2 filters not passed for 6W1F-pep3_l14_s107484_mpnn24, skipping interface scoring
Base AF2 filters not passed for 6W1F-pep3_l14_s107484_mpnn25, skipping interface scoring
Base AF2 filters not passed for 6W1F-pep3_l14_s107484_mpnn26, skipping interface scoring
Base AF2 filters not passed for 6W1F-pep3_l14_s107484_mpnn27, skipping interface scoring
Base AF2 filters not passed for 6W1F-pep3_l14_s107484_mpnn28, skipping interface scoring
Base AF2 filters not passed for 6W1F-pep3_l14_s107484_mpnn29, skipping interface scoring
Base AF2 filters not passed for 6W1F-pep3_l14_s107484_mpnn30, skipping interface scoring
Base AF2 filters not passed for 6W1F-pep3_l14_s107484_mpnn31, skipping interface scoring
Base AF2 filters not passed for 6W1F-pep3_l14_s107484_mpnn32, skipping interface scoring
Base AF2 filters not passed for 6W1F-pep3_l14_s107484_mpnn33, skipping interface scoring
Base AF2 filters not passed for 6W1F-pep3_l14_s107484_mpnn34, skipping interface scoring
Base AF2 filters not passed for 6W1F-pep3_l14_s107484_mpnn35, skipping interface scoring
Base AF2 filters not passed for 6W1F-pep3_l14_s107484_mpnn36, skipping interface scoring
Base AF2 filters not passed for 6W1F-pep3_l14_s107484_mpnn37, skipping interface scoring
Base AF2 filters not passed for 6W1F-pep3_l14_s107484_mpnn38, skipping interface scoring
No accepted MPNN designs found for this trajectory.

Design and validation of trajectory 6W1F-pep3_l14_s107484 took: 0 hours, 12 minutes, 1 seconds

Processing trajectory 6W1F-pep3_l15_s946180
Base AF2 filters not passed for 6W1F-pep3_l15_s946180_mpnn1, skipping interface scoring
Base AF2 filters not passed for 6W1F-pep3_l15_s946180_mpnn2, skipping interface scoring
Base AF2 filters not passed for 6W1F-pep3_l15_s946180_mpnn3, skipping interface scoring
Base AF2 filters not passed for 6W1F-pep3_l15_s946180_mpnn4, skipping interface scoring
Base AF2 filters not passed for 6W1F-pep3_l15_s946180_mpnn5, skipping interface scoring
Base AF2 filters not passed for 6W1F-pep3_l15_s946180_mpnn6, skipping interface scoring
Base AF2 filters not passed for 6W1F-pep3_l15_s946180_mpnn7, skipping interface scoring
Base AF2 filters not passed for 6W1F-pep3_l15_s946180_mpnn8, skipping interface scoring
Base AF2 filters not passed for 6W1F-pep3_l15_s946180_mpnn9, skipping interface scoring
Base AF2 filters not passed for 6W1F-pep3_l15_s946180_mpnn10, skipping interface scoring
Base AF2 filters not passed for 6W1F-pep3_l15_s946180_mpnn11, skipping interface scoring
Base AF2 filters not passed for 6W1F-pep3_l15_s946180_mpnn12, skipping interface scoring
Base AF2 filters not passed for 6W1F-pep3_l15_s946180_mpnn13, skipping interface scoring
Base AF2 filters not passed for 6W1F-pep3_l15_s946180_mpnn14, skipping interface scoring
Base AF2 filters not passed for 6W1F-pep3_l15_s946180_mpnn15, skipping interface scoring
Base AF2 filters not passed for 6W1F-pep3_l15_s946180_mpnn16, skipping interface scoring
Base AF2 filters not passed for 6W1F-pep3_l15_s946180_mpnn17, skipping interface scoring
Base AF2 filters not passed for 6W1F-pep3_l15_s946180_mpnn18, skipping interface scoring
Base AF2 filters not passed for 6W1F-pep3_l15_s946180_mpnn19, skipping interface scoring
Base AF2 filters not passed for 6W1F-pep3_l15_s946180_mpnn20, skipping interface scoring
Base AF2 filters not passed for 6W1F-pep3_l15_s946180_mpnn21, skipping interface scoring
Base AF2 filters not passed for 6W1F-pep3_l15_s946180_mpnn22, skipping interface scoring
Base AF2 filters not passed for 6W1F-pep3_l15_s946180_mpnn23, skipping interface scoring
Base AF2 filters not passed for 6W1F-pep3_l15_s946180_mpnn24, skipping interface scoring
Base AF2 filters not passed for 6W1F-pep3_l15_s946180_mpnn25, skipping interface scoring
Base AF2 filters not passed for 6W1F-pep3_l15_s946180_mpnn26, skipping interface scoring
Base AF2 filters not passed for 6W1F-pep3_l15_s946180_mpnn27, skipping interface scoring
Base AF2 filters not passed for 6W1F-pep3_l15_s946180_mpnn28, skipping interface scoring
No accepted MPNN designs found for this trajectory.

Design and validation of trajectory 6W1F-pep3_l15_s946180 took: 0 hours, 9 minutes, 1 seconds

Processing trajectory 6W1F-pep3_l13_s741953
Base AF2 filters not passed for 6W1F-pep3_l13_s741953_mpnn1, skipping interface scoring
Base AF2 filters not passed for 6W1F-pep3_l13_s741953_mpnn2, skipping interface scoring
Base AF2 filters not passed for 6W1F-pep3_l13_s741953_mpnn3, skipping interface scoring
Base AF2 filters not passed for 6W1F-pep3_l13_s741953_mpnn4, skipping interface scoring
Base AF2 filters not passed for 6W1F-pep3_l13_s741953_mpnn5, skipping interface scoring
Base AF2 filters not passed for 6W1F-pep3_l13_s741953_mpnn6, skipping interface scoring
Base AF2 filters not passed for 6W1F-pep3_l13_s741953_mpnn7, skipping interface scoring
Base AF2 filters not passed for 6W1F-pep3_l13_s741953_mpnn8, skipping interface scoring
Base AF2 filters not passed for 6W1F-pep3_l13_s741953_mpnn9, skipping interface scoring
Base AF2 filters not passed for 6W1F-pep3_l13_s741953_mpnn10, skipping interface scoring
Base AF2 filters not passed for 6W1F-pep3_l13_s741953_mpnn11, skipping interface scoring
Base AF2 filters not passed for 6W1F-pep3_l13_s741953_mpnn12, skipping interface scoring
Base AF2 filters not passed for 6W1F-pep3_l13_s741953_mpnn13, skipping interface scoring
Base AF2 filters not passed for 6W1F-pep3_l13_s741953_mpnn14, skipping interface scoring
Base AF2 filters not passed for 6W1F-pep3_l13_s741953_mpnn15, skipping interface scoring
Base AF2 filters not passed for 6W1F-pep3_l13_s741953_mpnn16, skipping interface scoring
Base AF2 filters not passed for 6W1F-pep3_l13_s741953_mpnn17, skipping interface scoring
Base AF2 filters not passed for 6W1F-pep3_l13_s741953_mpnn18, skipping interface scoring
Base AF2 filters not passed for 6W1F-pep3_l13_s741953_mpnn19, skipping interface scoring
Base AF2 filters not passed for 6W1F-pep3_l13_s741953_mpnn20, skipping interface scoring
Base AF2 filters not passed for 6W1F-pep3_l13_s741953_mpnn21, skipping interface scoring
Base AF2 filters not passed for 6W1F-pep3_l13_s741953_mpnn22, skipping interface scoring
Base AF2 filters not passed for 6W1F-pep3_l13_s741953_mpnn23, skipping interface scoring
Base AF2 filters not passed for 6W1F-pep3_l13_s741953_mpnn24, skipping interface scoring
Base AF2 filters not passed for 6W1F-pep3_l13_s741953_mpnn25, skipping interface scoring
Base AF2 filters not passed for 6W1F-pep3_l13_s741953_mpnn26, skipping interface scoring
Base AF2 filters not passed for 6W1F-pep3_l13_s741953_mpnn27, skipping interface scoring
Base AF2 filters not passed for 6W1F-pep3_l13_s741953_mpnn28, skipping interface scoring
Base AF2 filters not passed for 6W1F-pep3_l13_s741953_mpnn29, skipping interface scoring
Base AF2 filters not passed for 6W1F-pep3_l13_s741953_mpnn30, skipping interface scoring
Base AF2 filters not passed for 6W1F-pep3_l13_s741953_mpnn31, skipping interface scoring
Base AF2 filters not passed for 6W1F-pep3_l13_s741953_mpnn32, skipping interface scoring
Base AF2 filters not passed for 6W1F-pep3_l13_s741953_mpnn33, skipping interface scoring
Base AF2 filters not passed for 6W1F-pep3_l13_s741953_mpnn34, skipping interface scoring
Base AF2 filters not passed for 6W1F-pep3_l13_s741953_mpnn35, skipping interface scoring
Base AF2 filters not passed for 6W1F-pep3_l13_s741953_mpnn36, skipping interface scoring
Base AF2 filters not passed for 6W1F-pep3_l13_s741953_mpnn37, skipping interface scoring
No accepted MPNN designs found for this trajectory.

Design and validation of trajectory 6W1F-pep3_l13_s741953 took: 0 hours, 11 minutes, 36 seconds

Processing trajectory 6W1F-pep3_l15_s150191
Base AF2 filters not passed for 6W1F-pep3_l15_s150191_mpnn1, skipping interface scoring
Base AF2 filters not passed for 6W1F-pep3_l15_s150191_mpnn2, skipping interface scoring
Base AF2 filters not passed for 6W1F-pep3_l15_s150191_mpnn3, skipping interface scoring
Base AF2 filters not passed for 6W1F-pep3_l15_s150191_mpnn4, skipping interface scoring
Base AF2 filters not passed for 6W1F-pep3_l15_s150191_mpnn5, skipping interface scoring
Base AF2 filters not passed for 6W1F-pep3_l15_s150191_mpnn6, skipping interface scoring
Base AF2 filters not passed for 6W1F-pep3_l15_s150191_mpnn7, skipping interface scoring
Base AF2 filters not passed for 6W1F-pep3_l15_s150191_mpnn8, skipping interface scoring
Base AF2 filters not passed for 6W1F-pep3_l15_s150191_mpnn9, skipping interface scoring
Base AF2 filters not passed for 6W1F-pep3_l15_s150191_mpnn10, skipping interface scoring
Base AF2 filters not passed for 6W1F-pep3_l15_s150191_mpnn11, skipping interface scoring
Base AF2 filters not passed for 6W1F-pep3_l15_s150191_mpnn12, skipping interface scoring
Base AF2 filters not passed for 6W1F-pep3_l15_s150191_mpnn13, skipping interface scoring
Base AF2 filters not passed for 6W1F-pep3_l15_s150191_mpnn14, skipping interface scoring
Base AF2 filters not passed for 6W1F-pep3_l15_s150191_mpnn15, skipping interface scoring
Base AF2 filters not passed for 6W1F-pep3_l15_s150191_mpnn16, skipping interface scoring
Base AF2 filters not passed for 6W1F-pep3_l15_s150191_mpnn17, skipping interface scoring
Base AF2 filters not passed for 6W1F-pep3_l15_s150191_mpnn18, skipping interface scoring
Base AF2 filters not passed for 6W1F-pep3_l15_s150191_mpnn19, skipping interface scoring
Base AF2 filters not passed for 6W1F-pep3_l15_s150191_mpnn20, skipping interface scoring
Base AF2 filters not passed for 6W1F-pep3_l15_s150191_mpnn21, skipping interface scoring
Base AF2 filters not passed for 6W1F-pep3_l15_s150191_mpnn22, skipping interface scoring
Base AF2 filters not passed for 6W1F-pep3_l15_s150191_mpnn23, skipping interface scoring
Base AF2 filters not passed for 6W1F-pep3_l15_s150191_mpnn24, skipping interface scoring
Base AF2 filters not passed for 6W1F-pep3_l15_s150191_mpnn25, skipping interface scoring
Base AF2 filters not passed for 6W1F-pep3_l15_s150191_mpnn26, skipping interface scoring
Base AF2 filters not passed for 6W1F-pep3_l15_s150191_mpnn27, skipping interface scoring
Base AF2 filters not passed for 6W1F-pep3_l15_s150191_mpnn28, skipping interface scoring
Base AF2 filters not passed for 6W1F-pep3_l15_s150191_mpnn29, skipping interface scoring
Base AF2 filters not passed for 6W1F-pep3_l15_s150191_mpnn30, skipping interface scoring
Base AF2 filters not passed for 6W1F-pep3_l15_s150191_mpnn31, skipping interface scoring
Base AF2 filters not passed for 6W1F-pep3_l15_s150191_mpnn32, skipping interface scoring
Base AF2 filters not passed for 6W1F-pep3_l15_s150191_mpnn33, skipping interface scoring
Base AF2 filters not passed for 6W1F-pep3_l15_s150191_mpnn34, skipping interface scoring
Base AF2 filters not passed for 6W1F-pep3_l15_s150191_mpnn35, skipping interface scoring
Base AF2 filters not passed for 6W1F-pep3_l15_s150191_mpnn36, skipping interface scoring
Base AF2 filters not passed for 6W1F-pep3_l15_s150191_mpnn37, skipping interface scoring
Base AF2 filters not passed for 6W1F-pep3_l15_s150191_mpnn38, skipping interface scoring
Base AF2 filters not passed for 6W1F-pep3_l15_s150191_mpnn39, skipping interface scoring
Base AF2 filters not passed for 6W1F-pep3_l15_s150191_mpnn40, skipping interface scoring
Base AF2 filters not passed for 6W1F-pep3_l15_s150191_mpnn41, skipping interface scoring
Base AF2 filters not passed for 6W1F-pep3_l15_s150191_mpnn42, skipping interface scoring
Base AF2 filters not passed for 6W1F-pep3_l15_s150191_mpnn43, skipping interface scoring
Base AF2 filters not passed for 6W1F-pep3_l15_s150191_mpnn44, skipping interface scoring
Base AF2 filters not passed for 6W1F-pep3_l15_s150191_mpnn45, skipping interface scoring
Base AF2 filters not passed for 6W1F-pep3_l15_s150191_mpnn46, skipping interface scoring
Base AF2 filters not passed for 6W1F-pep3_l15_s150191_mpnn47, skipping interface scoring
Base AF2 filters not passed for 6W1F-pep3_l15_s150191_mpnn48, skipping interface scoring
No accepted MPNN designs found for this trajectory.

Design and validation of trajectory 6W1F-pep3_l15_s150191 took: 0 hours, 17 minutes, 1 seconds

Processing trajectory 6W1F-pep3_l14_s289294
Base AF2 filters not passed for 6W1F-pep3_l14_s289294_mpnn1, skipping interface scoring
Base AF2 filters not passed for 6W1F-pep3_l14_s289294_mpnn2, skipping interface scoring
Base AF2 filters not passed for 6W1F-pep3_l14_s289294_mpnn3, skipping interface scoring
Base AF2 filters not passed for 6W1F-pep3_l14_s289294_mpnn4, skipping interface scoring
Base AF2 filters not passed for 6W1F-pep3_l14_s289294_mpnn5, skipping interface scoring
Base AF2 filters not passed for 6W1F-pep3_l14_s289294_mpnn6, skipping interface scoring
Base AF2 filters not passed for 6W1F-pep3_l14_s289294_mpnn7, skipping interface scoring
Base AF2 filters not passed for 6W1F-pep3_l14_s289294_mpnn8, skipping interface scoring
Base AF2 filters not passed for 6W1F-pep3_l14_s289294_mpnn9, skipping interface scoring
Base AF2 filters not passed for 6W1F-pep3_l14_s289294_mpnn10, skipping interface scoring
Base AF2 filters not passed for 6W1F-pep3_l14_s289294_mpnn11, skipping interface scoring
Base AF2 filters not passed for 6W1F-pep3_l14_s289294_mpnn12, skipping interface scoring
Base AF2 filters not passed for 6W1F-pep3_l14_s289294_mpnn13, skipping interface scoring
Base AF2 filters not passed for 6W1F-pep3_l14_s289294_mpnn14, skipping interface scoring
Base AF2 filters not passed for 6W1F-pep3_l14_s289294_mpnn15, skipping interface scoring
Base AF2 filters not passed for 6W1F-pep3_l14_s289294_mpnn16, skipping interface scoring
Base AF2 filters not passed for 6W1F-pep3_l14_s289294_mpnn17, skipping interface scoring
Base AF2 filters not passed for 6W1F-pep3_l14_s289294_mpnn18, skipping interface scoring
Base AF2 filters not passed for 6W1F-pep3_l14_s289294_mpnn19, skipping interface scoring
Base AF2 filters not passed for 6W1F-pep3_l14_s289294_mpnn20, skipping interface scoring
Base AF2 filters not passed for 6W1F-pep3_l14_s289294_mpnn21, skipping interface scoring
Base AF2 filters not passed for 6W1F-pep3_l14_s289294_mpnn22, skipping interface scoring
Base AF2 filters not passed for 6W1F-pep3_l14_s289294_mpnn23, skipping interface scoring
Base AF2 filters not passed for 6W1F-pep3_l14_s289294_mpnn24, skipping interface scoring
Base AF2 filters not passed for 6W1F-pep3_l14_s289294_mpnn25, skipping interface scoring
Base AF2 filters not passed for 6W1F-pep3_l14_s289294_mpnn26, skipping interface scoring
Base AF2 filters not passed for 6W1F-pep3_l14_s289294_mpnn27, skipping interface scoring
Base AF2 filters not passed for 6W1F-pep3_l14_s289294_mpnn28, skipping interface scoring
Base AF2 filters not passed for 6W1F-pep3_l14_s289294_mpnn29, skipping interface scoring
Base AF2 filters not passed for 6W1F-pep3_l14_s289294_mpnn30, skipping interface scoring
Base AF2 filters not passed for 6W1F-pep3_l14_s289294_mpnn31, skipping interface scoring
Base AF2 filters not passed for 6W1F-pep3_l14_s289294_mpnn32, skipping interface scoring
Base AF2 filters not passed for 6W1F-pep3_l14_s289294_mpnn33, skipping interface scoring
Base AF2 filters not passed for 6W1F-pep3_l14_s289294_mpnn34, skipping interface scoring
No accepted MPNN designs found for this trajectory.

Design and validation of trajectory 6W1F-pep3_l14_s289294 took: 0 hours, 10 minutes, 51 seconds

Processing trajectory 6W1F-pep3_l14_s306808
Base AF2 filters not passed for 6W1F-pep3_l14_s306808_mpnn1, skipping interface scoring
Base AF2 filters not passed for 6W1F-pep3_l14_s306808_mpnn2, skipping interface scoring
Base AF2 filters not passed for 6W1F-pep3_l14_s306808_mpnn3, skipping interface scoring
Base AF2 filters not passed for 6W1F-pep3_l14_s306808_mpnn4, skipping interface scoring
Base AF2 filters not passed for 6W1F-pep3_l14_s306808_mpnn5, skipping interface scoring
Base AF2 filters not passed for 6W1F-pep3_l14_s306808_mpnn6, skipping interface scoring
Base AF2 filters not passed for 6W1F-pep3_l14_s306808_mpnn7, skipping interface scoring
Base AF2 filters not passed for 6W1F-pep3_l14_s306808_mpnn8, skipping interface scoring
Base AF2 filters not passed for 6W1F-pep3_l14_s306808_mpnn9, skipping interface scoring
Base AF2 filters not passed for 6W1F-pep3_l14_s306808_mpnn10, skipping interface scoring
Base AF2 filters not passed for 6W1F-pep3_l14_s306808_mpnn11, skipping interface scoring
Base AF2 filters not passed for 6W1F-pep3_l14_s306808_mpnn12, skipping interface scoring
Base AF2 filters not passed for 6W1F-pep3_l14_s306808_mpnn13, skipping interface scoring
Base AF2 filters not passed for 6W1F-pep3_l14_s306808_mpnn14, skipping interface scoring
Base AF2 filters not passed for 6W1F-pep3_l14_s306808_mpnn15, skipping interface scoring
Base AF2 filters not passed for 6W1F-pep3_l14_s306808_mpnn16, skipping interface scoring
Base AF2 filters not passed for 6W1F-pep3_l14_s306808_mpnn17, skipping interface scoring
Base AF2 filters not passed for 6W1F-pep3_l14_s306808_mpnn18, skipping interface scoring
Base AF2 filters not passed for 6W1F-pep3_l14_s306808_mpnn19, skipping interface scoring
Base AF2 filters not passed for 6W1F-pep3_l14_s306808_mpnn20, skipping interface scoring
Base AF2 filters not passed for 6W1F-pep3_l14_s306808_mpnn21, skipping interface scoring
Base AF2 filters not passed for 6W1F-pep3_l14_s306808_mpnn22, skipping interface scoring
Base AF2 filters not passed for 6W1F-pep3_l14_s306808_mpnn23, skipping interface scoring
Base AF2 filters not passed for 6W1F-pep3_l14_s306808_mpnn24, skipping interface scoring
Base AF2 filters not passed for 6W1F-pep3_l14_s306808_mpnn25, skipping interface scoring
Base AF2 filters not passed for 6W1F-pep3_l14_s306808_mpnn26, skipping interface scoring
Base AF2 filters not passed for 6W1F-pep3_l14_s306808_mpnn27, skipping interface scoring
Base AF2 filters not passed for 6W1F-pep3_l14_s306808_mpnn28, skipping interface scoring
Base AF2 filters not passed for 6W1F-pep3_l14_s306808_mpnn29, skipping interface scoring
Base AF2 filters not passed for 6W1F-pep3_l14_s306808_mpnn30, skipping interface scoring
Base AF2 filters not passed for 6W1F-pep3_l14_s306808_mpnn31, skipping interface scoring
Base AF2 filters not passed for 6W1F-pep3_l14_s306808_mpnn32, skipping interface scoring
Base AF2 filters not passed for 6W1F-pep3_l14_s306808_mpnn33, skipping interface scoring
Base AF2 filters not passed for 6W1F-pep3_l14_s306808_mpnn34, skipping interface scoring
Base AF2 filters not passed for 6W1F-pep3_l14_s306808_mpnn35, skipping interface scoring
Base AF2 filters not passed for 6W1F-pep3_l14_s306808_mpnn36, skipping interface scoring
Base AF2 filters not passed for 6W1F-pep3_l14_s306808_mpnn37, skipping interface scoring
Base AF2 filters not passed for 6W1F-pep3_l14_s306808_mpnn38, skipping interface scoring
Base AF2 filters not passed for 6W1F-pep3_l14_s306808_mpnn39, skipping interface scoring
Base AF2 filters not passed for 6W1F-pep3_l14_s306808_mpnn40, skipping interface scoring
Base AF2 filters not passed for 6W1F-pep3_l14_s306808_mpnn41, skipping interface scoring
No accepted MPNN designs found for this trajectory.

Design and validation of trajectory 6W1F-pep3_l14_s306808 took: 0 hours, 12 minutes, 56 seconds

Processing trajectory 6W1F-pep3_l14_s796861
Base AF2 filters not passed for 6W1F-pep3_l14_s796861_mpnn1, skipping interface scoring
Base AF2 filters not passed for 6W1F-pep3_l14_s796861_mpnn2, skipping interface scoring
Base AF2 filters not passed for 6W1F-pep3_l14_s796861_mpnn3, skipping interface scoring
Base AF2 filters not passed for 6W1F-pep3_l14_s796861_mpnn4, skipping interface scoring
Base AF2 filters not passed for 6W1F-pep3_l14_s796861_mpnn5, skipping interface scoring
Base AF2 filters not passed for 6W1F-pep3_l14_s796861_mpnn6, skipping interface scoring
Base AF2 filters not passed for 6W1F-pep3_l14_s796861_mpnn7, skipping interface scoring
Base AF2 filters not passed for 6W1F-pep3_l14_s796861_mpnn8, skipping interface scoring
Base AF2 filters not passed for 6W1F-pep3_l14_s796861_mpnn9, skipping interface scoring
Base AF2 filters not passed for 6W1F-pep3_l14_s796861_mpnn10, skipping interface scoring
Base AF2 filters not passed for 6W1F-pep3_l14_s796861_mpnn11, skipping interface scoring
Base AF2 filters not passed for 6W1F-pep3_l14_s796861_mpnn12, skipping interface scoring
Base AF2 filters not passed for 6W1F-pep3_l14_s796861_mpnn13, skipping interface scoring
Base AF2 filters not passed for 6W1F-pep3_l14_s796861_mpnn14, skipping interface scoring
Base AF2 filters not passed for 6W1F-pep3_l14_s796861_mpnn15, skipping interface scoring
Base AF2 filters not passed for 6W1F-pep3_l14_s796861_mpnn16, skipping interface scoring
Base AF2 filters not passed for 6W1F-pep3_l14_s796861_mpnn17, skipping interface scoring
Base AF2 filters not passed for 6W1F-pep3_l14_s796861_mpnn18, skipping interface scoring
Base AF2 filters not passed for 6W1F-pep3_l14_s796861_mpnn19, skipping interface scoring
Base AF2 filters not passed for 6W1F-pep3_l14_s796861_mpnn20, skipping interface scoring
Base AF2 filters not passed for 6W1F-pep3_l14_s796861_mpnn21, skipping interface scoring
Base AF2 filters not passed for 6W1F-pep3_l14_s796861_mpnn22, skipping interface scoring
Base AF2 filters not passed for 6W1F-pep3_l14_s796861_mpnn23, skipping interface scoring
Base AF2 filters not passed for 6W1F-pep3_l14_s796861_mpnn24, skipping interface scoring
Base AF2 filters not passed for 6W1F-pep3_l14_s796861_mpnn25, skipping interface scoring
Base AF2 filters not passed for 6W1F-pep3_l14_s796861_mpnn26, skipping interface scoring
Base AF2 filters not passed for 6W1F-pep3_l14_s796861_mpnn27, skipping interface scoring
Base AF2 filters not passed for 6W1F-pep3_l14_s796861_mpnn28, skipping interface scoring
Base AF2 filters not passed for 6W1F-pep3_l14_s796861_mpnn29, skipping interface scoring
Base AF2 filters not passed for 6W1F-pep3_l14_s796861_mpnn30, skipping interface scoring
Base AF2 filters not passed for 6W1F-pep3_l14_s796861_mpnn31, skipping interface scoring
Base AF2 filters not passed for 6W1F-pep3_l14_s796861_mpnn32, skipping interface scoring
Base AF2 filters not passed for 6W1F-pep3_l14_s796861_mpnn33, skipping interface scoring
Base AF2 filters not passed for 6W1F-pep3_l14_s796861_mpnn34, skipping interface scoring
Base AF2 filters not passed for 6W1F-pep3_l14_s796861_mpnn35, skipping interface scoring
Base AF2 filters not passed for 6W1F-pep3_l14_s796861_mpnn36, skipping interface scoring
Base AF2 filters not passed for 6W1F-pep3_l14_s796861_mpnn37, skipping interface scoring
Base AF2 filters not passed for 6W1F-pep3_l14_s796861_mpnn38, skipping interface scoring
Base AF2 filters not passed for 6W1F-pep3_l14_s796861_mpnn39, skipping interface scoring
Base AF2 filters not passed for 6W1F-pep3_l14_s796861_mpnn40, skipping interface scoring
Base AF2 filters not passed for 6W1F-pep3_l14_s796861_mpnn41, skipping interface scoring
Base AF2 filters not passed for 6W1F-pep3_l14_s796861_mpnn42, skipping interface scoring
No accepted MPNN designs found for this trajectory.

Design and validation of trajectory 6W1F-pep3_l14_s796861 took: 0 hours, 13 minutes, 31 seconds

Processing trajectory 6W1F-pep3_l15_s270552
Base AF2 filters not passed for 6W1F-pep3_l15_s270552_mpnn1, skipping interface scoring
Base AF2 filters not passed for 6W1F-pep3_l15_s270552_mpnn2, skipping interface scoring
Base AF2 filters not passed for 6W1F-pep3_l15_s270552_mpnn3, skipping interface scoring
Base AF2 filters not passed for 6W1F-pep3_l15_s270552_mpnn4, skipping interface scoring
Base AF2 filters not passed for 6W1F-pep3_l15_s270552_mpnn5, skipping interface scoring
Base AF2 filters not passed for 6W1F-pep3_l15_s270552_mpnn6, skipping interface scoring
Base AF2 filters not passed for 6W1F-pep3_l15_s270552_mpnn7, skipping interface scoring
Base AF2 filters not passed for 6W1F-pep3_l15_s270552_mpnn8, skipping interface scoring
Base AF2 filters not passed for 6W1F-pep3_l15_s270552_mpnn9, skipping interface scoring
Base AF2 filters not passed for 6W1F-pep3_l15_s270552_mpnn10, skipping interface scoring
Base AF2 filters not passed for 6W1F-pep3_l15_s270552_mpnn11, skipping interface scoring
Base AF2 filters not passed for 6W1F-pep3_l15_s270552_mpnn12, skipping interface scoring
Base AF2 filters not passed for 6W1F-pep3_l15_s270552_mpnn13, skipping interface scoring
Base AF2 filters not passed for 6W1F-pep3_l15_s270552_mpnn14, skipping interface scoring
Base AF2 filters not passed for 6W1F-pep3_l15_s270552_mpnn15, skipping interface scoring
Base AF2 filters not passed for 6W1F-pep3_l15_s270552_mpnn16, skipping interface scoring
Base AF2 filters not passed for 6W1F-pep3_l15_s270552_mpnn17, skipping interface scoring
Base AF2 filters not passed for 6W1F-pep3_l15_s270552_mpnn18, skipping interface scoring
Base AF2 filters not passed for 6W1F-pep3_l15_s270552_mpnn19, skipping interface scoring
Base AF2 filters not passed for 6W1F-pep3_l15_s270552_mpnn20, skipping interface scoring
Base AF2 filters not passed for 6W1F-pep3_l15_s270552_mpnn21, skipping interface scoring
Base AF2 filters not passed for 6W1F-pep3_l15_s270552_mpnn22, skipping interface scoring
Base AF2 filters not passed for 6W1F-pep3_l15_s270552_mpnn23, skipping interface scoring
Base AF2 filters not passed for 6W1F-pep3_l15_s270552_mpnn24, skipping interface scoring
Base AF2 filters not passed for 6W1F-pep3_l15_s270552_mpnn25, skipping interface scoring
No accepted MPNN designs found for this trajectory.

Design and validation of trajectory 6W1F-pep3_l15_s270552 took: 0 hours, 8 minutes, 7 seconds

Processing trajectory 6W1F-pep3_l15_s781665
Unmet filter conditions for 6W1F-pep3_l15_s781665_mpnn1
Base AF2 filters not passed for 6W1F-pep3_l15_s781665_mpnn2, skipping interface scoring
Unmet filter conditions for 6W1F-pep3_l15_s781665_mpnn3
Base AF2 filters not passed for 6W1F-pep3_l15_s781665_mpnn4, skipping interface scoring
Unmet filter conditions for 6W1F-pep3_l15_s781665_mpnn5
Unmet filter conditions for 6W1F-pep3_l15_s781665_mpnn6
Base AF2 filters not passed for 6W1F-pep3_l15_s781665_mpnn7, skipping interface scoring
Base AF2 filters not passed for 6W1F-pep3_l15_s781665_mpnn8, skipping interface scoring
Unmet filter conditions for 6W1F-pep3_l15_s781665_mpnn9
Unmet filter conditions for 6W1F-pep3_l15_s781665_mpnn10
Base AF2 filters not passed for 6W1F-pep3_l15_s781665_mpnn11, skipping interface scoring
Unmet filter conditions for 6W1F-pep3_l15_s781665_mpnn12
Base AF2 filters not passed for 6W1F-pep3_l15_s781665_mpnn13, skipping interface scoring
Unmet filter conditions for 6W1F-pep3_l15_s781665_mpnn14
Unmet filter conditions for 6W1F-pep3_l15_s781665_mpnn15
Unmet filter conditions for 6W1F-pep3_l15_s781665_mpnn16
Unmet filter conditions for 6W1F-pep3_l15_s781665_mpnn17
Base AF2 filters not passed for 6W1F-pep3_l15_s781665_mpnn18, skipping interface scoring
Base AF2 filters not passed for 6W1F-pep3_l15_s781665_mpnn19, skipping interface scoring
6W1F-pep3_l15_s781665_mpnn20 passed all filters
Unmet filter conditions for 6W1F-pep3_l15_s781665_mpnn21
Base AF2 filters not passed for 6W1F-pep3_l15_s781665_mpnn22, skipping interface scoring
6W1F-pep3_l15_s781665_mpnn23 passed all filters
Base AF2 filters not passed for 6W1F-pep3_l15_s781665_mpnn24, skipping interface scoring
Base AF2 filters not passed for 6W1F-pep3_l15_s781665_mpnn25, skipping interface scoring
Unmet filter conditions for 6W1F-pep3_l15_s781665_mpnn26
Base AF2 filters not passed for 6W1F-pep3_l15_s781665_mpnn27, skipping interface scoring
Base AF2 filters not passed for 6W1F-pep3_l15_s781665_mpnn28, skipping interface scoring
Base AF2 filters not passed for 6W1F-pep3_l15_s781665_mpnn29, skipping interface scoring
Unmet filter conditions for 6W1F-pep3_l15_s781665_mpnn30
Unmet filter conditions for 6W1F-pep3_l15_s781665_mpnn31
Base AF2 filters not passed for 6W1F-pep3_l15_s781665_mpnn32, skipping interface scoring
Base AF2 filters not passed for 6W1F-pep3_l15_s781665_mpnn33, skipping interface scoring
Unmet filter conditions for 6W1F-pep3_l15_s781665_mpnn34
Unmet filter conditions for 6W1F-pep3_l15_s781665_mpnn35
Base AF2 filters not passed for 6W1F-pep3_l15_s781665_mpnn36, skipping interface scoring
Base AF2 filters not passed for 6W1F-pep3_l15_s781665_mpnn37, skipping interface scoring
Base AF2 filters not passed for 6W1F-pep3_l15_s781665_mpnn38, skipping interface scoring
Base AF2 filters not passed for 6W1F-pep3_l15_s781665_mpnn39, skipping interface scoring
6W1F-pep3_l15_s781665_mpnn40 passed all filters
Base AF2 filters not passed for 6W1F-pep3_l15_s781665_mpnn41, skipping interface scoring
Unmet filter conditions for 6W1F-pep3_l15_s781665_mpnn42
Base AF2 filters not passed for 6W1F-pep3_l15_s781665_mpnn43, skipping interface scoring
Unmet filter conditions for 6W1F-pep3_l15_s781665_mpnn44
Found 3 MPNN designs passing filters

Design and validation of trajectory 6W1F-pep3_l15_s781665 took: 2 hours, 31 minutes, 35 seconds

Processing trajectory 6W1F-pep3_l13_s140399
Base AF2 filters not passed for 6W1F-pep3_l13_s140399_mpnn1, skipping interface scoring
Base AF2 filters not passed for 6W1F-pep3_l13_s140399_mpnn2, skipping interface scoring
Base AF2 filters not passed for 6W1F-pep3_l13_s140399_mpnn3, skipping interface scoring
Base AF2 filters not passed for 6W1F-pep3_l13_s140399_mpnn4, skipping interface scoring
Base AF2 filters not passed for 6W1F-pep3_l13_s140399_mpnn5, skipping interface scoring
Base AF2 filters not passed for 6W1F-pep3_l13_s140399_mpnn6, skipping interface scoring
Base AF2 filters not passed for 6W1F-pep3_l13_s140399_mpnn7, skipping interface scoring
Base AF2 filters not passed for 6W1F-pep3_l13_s140399_mpnn8, skipping interface scoring
Base AF2 filters not passed for 6W1F-pep3_l13_s140399_mpnn9, skipping interface scoring
Base AF2 filters not passed for 6W1F-pep3_l13_s140399_mpnn10, skipping interface scoring
Base AF2 filters not passed for 6W1F-pep3_l13_s140399_mpnn11, skipping interface scoring
Base AF2 filters not passed for 6W1F-pep3_l13_s140399_mpnn12, skipping interface scoring
Base AF2 filters not passed for 6W1F-pep3_l13_s140399_mpnn13, skipping interface scoring
Base AF2 filters not passed for 6W1F-pep3_l13_s140399_mpnn14, skipping interface scoring
Base AF2 filters not passed for 6W1F-pep3_l13_s140399_mpnn15, skipping interface scoring
Base AF2 filters not passed for 6W1F-pep3_l13_s140399_mpnn16, skipping interface scoring
Base AF2 filters not passed for 6W1F-pep3_l13_s140399_mpnn17, skipping interface scoring
Base AF2 filters not passed for 6W1F-pep3_l13_s140399_mpnn18, skipping interface scoring
Base AF2 filters not passed for 6W1F-pep3_l13_s140399_mpnn19, skipping interface scoring
Base AF2 filters not passed for 6W1F-pep3_l13_s140399_mpnn20, skipping interface scoring
Base AF2 filters not passed for 6W1F-pep3_l13_s140399_mpnn21, skipping interface scoring
Base AF2 filters not passed for 6W1F-pep3_l13_s140399_mpnn22, skipping interface scoring
Base AF2 filters not passed for 6W1F-pep3_l13_s140399_mpnn23, skipping interface scoring
Base AF2 filters not passed for 6W1F-pep3_l13_s140399_mpnn24, skipping interface scoring
Base AF2 filters not passed for 6W1F-pep3_l13_s140399_mpnn25, skipping interface scoring
Base AF2 filters not passed for 6W1F-pep3_l13_s140399_mpnn26, skipping interface scoring
Base AF2 filters not passed for 6W1F-pep3_l13_s140399_mpnn27, skipping interface scoring
Base AF2 filters not passed for 6W1F-pep3_l13_s140399_mpnn28, skipping interface scoring
Base AF2 filters not passed for 6W1F-pep3_l13_s140399_mpnn29, skipping interface scoring
Base AF2 filters not passed for 6W1F-pep3_l13_s140399_mpnn30, skipping interface scoring
Base AF2 filters not passed for 6W1F-pep3_l13_s140399_mpnn31, skipping interface scoring
Base AF2 filters not passed for 6W1F-pep3_l13_s140399_mpnn32, skipping interface scoring
Base AF2 filters not passed for 6W1F-pep3_l13_s140399_mpnn33, skipping interface scoring
Base AF2 filters not passed for 6W1F-pep3_l13_s140399_mpnn34, skipping interface scoring
Base AF2 filters not passed for 6W1F-pep3_l13_s140399_mpnn35, skipping interface scoring
Base AF2 filters not passed for 6W1F-pep3_l13_s140399_mpnn36, skipping interface scoring
Base AF2 filters not passed for 6W1F-pep3_l13_s140399_mpnn37, skipping interface scoring
Base AF2 filters not passed for 6W1F-pep3_l13_s140399_mpnn38, skipping interface scoring
Base AF2 filters not passed for 6W1F-pep3_l13_s140399_mpnn39, skipping interface scoring
Base AF2 filters not passed for 6W1F-pep3_l13_s140399_mpnn40, skipping interface scoring
No accepted MPNN designs found for this trajectory.

Design and validation of trajectory 6W1F-pep3_l13_s140399 took: 0 hours, 12 minutes, 30 seconds

Processing trajectory 6W1F-pep3_l17_s559397
Base AF2 filters not passed for 6W1F-pep3_l17_s559397_mpnn1, skipping interface scoring
Base AF2 filters not passed for 6W1F-pep3_l17_s559397_mpnn2, skipping interface scoring
Base AF2 filters not passed for 6W1F-pep3_l17_s559397_mpnn3, skipping interface scoring
Base AF2 filters not passed for 6W1F-pep3_l17_s559397_mpnn4, skipping interface scoring
Base AF2 filters not passed for 6W1F-pep3_l17_s559397_mpnn5, skipping interface scoring
Base AF2 filters not passed for 6W1F-pep3_l17_s559397_mpnn6, skipping interface scoring
Base AF2 filters not passed for 6W1F-pep3_l17_s559397_mpnn7, skipping interface scoring
Base AF2 filters not passed for 6W1F-pep3_l17_s559397_mpnn8, skipping interface scoring
Base AF2 filters not passed for 6W1F-pep3_l17_s559397_mpnn9, skipping interface scoring
Base AF2 filters not passed for 6W1F-pep3_l17_s559397_mpnn10, skipping interface scoring
Base AF2 filters not passed for 6W1F-pep3_l17_s559397_mpnn11, skipping interface scoring
Base AF2 filters not passed for 6W1F-pep3_l17_s559397_mpnn12, skipping interface scoring
Base AF2 filters not passed for 6W1F-pep3_l17_s559397_mpnn13, skipping interface scoring
Base AF2 filters not passed for 6W1F-pep3_l17_s559397_mpnn14, skipping interface scoring
Base AF2 filters not passed for 6W1F-pep3_l17_s559397_mpnn15, skipping interface scoring
Base AF2 filters not passed for 6W1F-pep3_l17_s559397_mpnn16, skipping interface scoring
Base AF2 filters not passed for 6W1F-pep3_l17_s559397_mpnn17, skipping interface scoring
Base AF2 filters not passed for 6W1F-pep3_l17_s559397_mpnn18, skipping interface scoring
Base AF2 filters not passed for 6W1F-pep3_l17_s559397_mpnn19, skipping interface scoring
Base AF2 filters not passed for 6W1F-pep3_l17_s559397_mpnn20, skipping interface scoring
Base AF2 filters not passed for 6W1F-pep3_l17_s559397_mpnn21, skipping interface scoring
Base AF2 filters not passed for 6W1F-pep3_l17_s559397_mpnn22, skipping interface scoring
Base AF2 filters not passed for 6W1F-pep3_l17_s559397_mpnn23, skipping interface scoring
Base AF2 filters not passed for 6W1F-pep3_l17_s559397_mpnn24, skipping interface scoring
Base AF2 filters not passed for 6W1F-pep3_l17_s559397_mpnn25, skipping interface scoring
Base AF2 filters not passed for 6W1F-pep3_l17_s559397_mpnn26, skipping interface scoring
Base AF2 filters not passed for 6W1F-pep3_l17_s559397_mpnn27, skipping interface scoring
Base AF2 filters not passed for 6W1F-pep3_l17_s559397_mpnn28, skipping interface scoring
Base AF2 filters not passed for 6W1F-pep3_l17_s559397_mpnn29, skipping interface scoring
Base AF2 filters not passed for 6W1F-pep3_l17_s559397_mpnn30, skipping interface scoring
Base AF2 filters not passed for 6W1F-pep3_l17_s559397_mpnn31, skipping interface scoring
Base AF2 filters not passed for 6W1F-pep3_l17_s559397_mpnn32, skipping interface scoring
Base AF2 filters not passed for 6W1F-pep3_l17_s559397_mpnn33, skipping interface scoring
Base AF2 filters not passed for 6W1F-pep3_l17_s559397_mpnn34, skipping interface scoring
No accepted MPNN designs found for this trajectory.

Design and validation of trajectory 6W1F-pep3_l17_s559397 took: 0 hours, 11 minutes, 0 seconds

Processing trajectory 6W1F-pep3_l15_s729574
Base AF2 filters not passed for 6W1F-pep3_l15_s729574_mpnn1, skipping interface scoring
Base AF2 filters not passed for 6W1F-pep3_l15_s729574_mpnn2, skipping interface scoring
Base AF2 filters not passed for 6W1F-pep3_l15_s729574_mpnn3, skipping interface scoring
Unmet filter conditions for 6W1F-pep3_l15_s729574_mpnn4
Base AF2 filters not passed for 6W1F-pep3_l15_s729574_mpnn5, skipping interface scoring
Base AF2 filters not passed for 6W1F-pep3_l15_s729574_mpnn6, skipping interface scoring
Base AF2 filters not passed for 6W1F-pep3_l15_s729574_mpnn7, skipping interface scoring
Base AF2 filters not passed for 6W1F-pep3_l15_s729574_mpnn8, skipping interface scoring
Base AF2 filters not passed for 6W1F-pep3_l15_s729574_mpnn9, skipping interface scoring
Base AF2 filters not passed for 6W1F-pep3_l15_s729574_mpnn10, skipping interface scoring
Base AF2 filters not passed for 6W1F-pep3_l15_s729574_mpnn11, skipping interface scoring
Base AF2 filters not passed for 6W1F-pep3_l15_s729574_mpnn12, skipping interface scoring
Base AF2 filters not passed for 6W1F-pep3_l15_s729574_mpnn13, skipping interface scoring
Unmet filter conditions for 6W1F-pep3_l15_s729574_mpnn14
Base AF2 filters not passed for 6W1F-pep3_l15_s729574_mpnn15, skipping interface scoring
Base AF2 filters not passed for 6W1F-pep3_l15_s729574_mpnn16, skipping interface scoring
Base AF2 filters not passed for 6W1F-pep3_l15_s729574_mpnn17, skipping interface scoring
Base AF2 filters not passed for 6W1F-pep3_l15_s729574_mpnn18, skipping interface scoring
Base AF2 filters not passed for 6W1F-pep3_l15_s729574_mpnn19, skipping interface scoring
Base AF2 filters not passed for 6W1F-pep3_l15_s729574_mpnn20, skipping interface scoring
Base AF2 filters not passed for 6W1F-pep3_l15_s729574_mpnn21, skipping interface scoring
Base AF2 filters not passed for 6W1F-pep3_l15_s729574_mpnn22, skipping interface scoring
Base AF2 filters not passed for 6W1F-pep3_l15_s729574_mpnn23, skipping interface scoring
Base AF2 filters not passed for 6W1F-pep3_l15_s729574_mpnn24, skipping interface scoring
No accepted MPNN designs found for this trajectory.

Design and validation of trajectory 6W1F-pep3_l15_s729574 took: 0 hours, 20 minutes, 3 seconds

Processing trajectory 6W1F-pep3_l17_s243431
Base AF2 filters not passed for 6W1F-pep3_l17_s243431_mpnn1, skipping interface scoring
Base AF2 filters not passed for 6W1F-pep3_l17_s243431_mpnn2, skipping interface scoring
6W1F-pep3_l17_s243431_mpnn3 passed all filters
Base AF2 filters not passed for 6W1F-pep3_l17_s243431_mpnn4, skipping interface scoring
Unmet filter conditions for 6W1F-pep3_l17_s243431_mpnn5
Base AF2 filters not passed for 6W1F-pep3_l17_s243431_mpnn6, skipping interface scoring
Base AF2 filters not passed for 6W1F-pep3_l17_s243431_mpnn7, skipping interface scoring
Base AF2 filters not passed for 6W1F-pep3_l17_s243431_mpnn8, skipping interface scoring
Base AF2 filters not passed for 6W1F-pep3_l17_s243431_mpnn9, skipping interface scoring
Base AF2 filters not passed for 6W1F-pep3_l17_s243431_mpnn10, skipping interface scoring
Unmet filter conditions for 6W1F-pep3_l17_s243431_mpnn11
Base AF2 filters not passed for 6W1F-pep3_l17_s243431_mpnn12, skipping interface scoring
Base AF2 filters not passed for 6W1F-pep3_l17_s243431_mpnn13, skipping interface scoring
Base AF2 filters not passed for 6W1F-pep3_l17_s243431_mpnn14, skipping interface scoring
Unmet filter conditions for 6W1F-pep3_l17_s243431_mpnn15
Base AF2 filters not passed for 6W1F-pep3_l17_s243431_mpnn16, skipping interface scoring
Base AF2 filters not passed for 6W1F-pep3_l17_s243431_mpnn17, skipping interface scoring
Base AF2 filters not passed for 6W1F-pep3_l17_s243431_mpnn18, skipping interface scoring
Base AF2 filters not passed for 6W1F-pep3_l17_s243431_mpnn19, skipping interface scoring
Base AF2 filters not passed for 6W1F-pep3_l17_s243431_mpnn20, skipping interface scoring
Base AF2 filters not passed for 6W1F-pep3_l17_s243431_mpnn21, skipping interface scoring
Base AF2 filters not passed for 6W1F-pep3_l17_s243431_mpnn22, skipping interface scoring
Base AF2 filters not passed for 6W1F-pep3_l17_s243431_mpnn23, skipping interface scoring
Base AF2 filters not passed for 6W1F-pep3_l17_s243431_mpnn24, skipping interface scoring
Base AF2 filters not passed for 6W1F-pep3_l17_s243431_mpnn25, skipping interface scoring
Base AF2 filters not passed for 6W1F-pep3_l17_s243431_mpnn26, skipping interface scoring
Base AF2 filters not passed for 6W1F-pep3_l17_s243431_mpnn27, skipping interface scoring
Base AF2 filters not passed for 6W1F-pep3_l17_s243431_mpnn28, skipping interface scoring
Base AF2 filters not passed for 6W1F-pep3_l17_s243431_mpnn29, skipping interface scoring
Base AF2 filters not passed for 6W1F-pep3_l17_s243431_mpnn30, skipping interface scoring
Base AF2 filters not passed for 6W1F-pep3_l17_s243431_mpnn31, skipping interface scoring
Base AF2 filters not passed for 6W1F-pep3_l17_s243431_mpnn32, skipping interface scoring
Base AF2 filters not passed for 6W1F-pep3_l17_s243431_mpnn33, skipping interface scoring
Base AF2 filters not passed for 6W1F-pep3_l17_s243431_mpnn34, skipping interface scoring
Base AF2 filters not passed for 6W1F-pep3_l17_s243431_mpnn35, skipping interface scoring
Base AF2 filters not passed for 6W1F-pep3_l17_s243431_mpnn36, skipping interface scoring
Base AF2 filters not passed for 6W1F-pep3_l17_s243431_mpnn37, skipping interface scoring
Base AF2 filters not passed for 6W1F-pep3_l17_s243431_mpnn38, skipping interface scoring
Base AF2 filters not passed for 6W1F-pep3_l17_s243431_mpnn39, skipping interface scoring
Base AF2 filters not passed for 6W1F-pep3_l17_s243431_mpnn40, skipping interface scoring
Base AF2 filters not passed for 6W1F-pep3_l17_s243431_mpnn41, skipping interface scoring
Base AF2 filters not passed for 6W1F-pep3_l17_s243431_mpnn42, skipping interface scoring
Base AF2 filters not passed for 6W1F-pep3_l17_s243431_mpnn43, skipping interface scoring
Base AF2 filters not passed for 6W1F-pep3_l17_s243431_mpnn44, skipping interface scoring
Base AF2 filters not passed for 6W1F-pep3_l17_s243431_mpnn45, skipping interface scoring
Base AF2 filters not passed for 6W1F-pep3_l17_s243431_mpnn46, skipping interface scoring
Base AF2 filters not passed for 6W1F-pep3_l17_s243431_mpnn47, skipping interface scoring
Base AF2 filters not passed for 6W1F-pep3_l17_s243431_mpnn48, skipping interface scoring
Base AF2 filters not passed for 6W1F-pep3_l17_s243431_mpnn49, skipping interface scoring
Found 1 MPNN designs passing filters

Design and validation of trajectory 6W1F-pep3_l17_s243431 took: 0 hours, 40 minutes, 18 seconds

Processing trajectory 6W1F-pep3_l15_s338030
Base AF2 filters not passed for 6W1F-pep3_l15_s338030_mpnn1, skipping interface scoring
Base AF2 filters not passed for 6W1F-pep3_l15_s338030_mpnn2, skipping interface scoring
Base AF2 filters not passed for 6W1F-pep3_l15_s338030_mpnn3, skipping interface scoring
Base AF2 filters not passed for 6W1F-pep3_l15_s338030_mpnn4, skipping interface scoring
Base AF2 filters not passed for 6W1F-pep3_l15_s338030_mpnn5, skipping interface scoring
Base AF2 filters not passed for 6W1F-pep3_l15_s338030_mpnn6, skipping interface scoring
Base AF2 filters not passed for 6W1F-pep3_l15_s338030_mpnn7, skipping interface scoring
Base AF2 filters not passed for 6W1F-pep3_l15_s338030_mpnn8, skipping interface scoring
Base AF2 filters not passed for 6W1F-pep3_l15_s338030_mpnn9, skipping interface scoring
Base AF2 filters not passed for 6W1F-pep3_l15_s338030_mpnn10, skipping interface scoring
Base AF2 filters not passed for 6W1F-pep3_l15_s338030_mpnn11, skipping interface scoring
Base AF2 filters not passed for 6W1F-pep3_l15_s338030_mpnn12, skipping interface scoring
Base AF2 filters not passed for 6W1F-pep3_l15_s338030_mpnn13, skipping interface scoring
Base AF2 filters not passed for 6W1F-pep3_l15_s338030_mpnn14, skipping interface scoring
Base AF2 filters not passed for 6W1F-pep3_l15_s338030_mpnn15, skipping interface scoring
Base AF2 filters not passed for 6W1F-pep3_l15_s338030_mpnn16, skipping interface scoring
Base AF2 filters not passed for 6W1F-pep3_l15_s338030_mpnn17, skipping interface scoring
Base AF2 filters not passed for 6W1F-pep3_l15_s338030_mpnn18, skipping interface scoring
Base AF2 filters not passed for 6W1F-pep3_l15_s338030_mpnn19, skipping interface scoring
Base AF2 filters not passed for 6W1F-pep3_l15_s338030_mpnn20, skipping interface scoring
Base AF2 filters not passed for 6W1F-pep3_l15_s338030_mpnn21, skipping interface scoring
Base AF2 filters not passed for 6W1F-pep3_l15_s338030_mpnn22, skipping interface scoring
Base AF2 filters not passed for 6W1F-pep3_l15_s338030_mpnn23, skipping interface scoring
Base AF2 filters not passed for 6W1F-pep3_l15_s338030_mpnn24, skipping interface scoring
Base AF2 filters not passed for 6W1F-pep3_l15_s338030_mpnn25, skipping interface scoring
Base AF2 filters not passed for 6W1F-pep3_l15_s338030_mpnn26, skipping interface scoring
Base AF2 filters not passed for 6W1F-pep3_l15_s338030_mpnn27, skipping interface scoring
Base AF2 filters not passed for 6W1F-pep3_l15_s338030_mpnn28, skipping interface scoring
Base AF2 filters not passed for 6W1F-pep3_l15_s338030_mpnn29, skipping interface scoring
Base AF2 filters not passed for 6W1F-pep3_l15_s338030_mpnn30, skipping interface scoring
Base AF2 filters not passed for 6W1F-pep3_l15_s338030_mpnn31, skipping interface scoring
Base AF2 filters not passed for 6W1F-pep3_l15_s338030_mpnn32, skipping interface scoring
Base AF2 filters not passed for 6W1F-pep3_l15_s338030_mpnn33, skipping interface scoring
Base AF2 filters not passed for 6W1F-pep3_l15_s338030_mpnn34, skipping interface scoring
Base AF2 filters not passed for 6W1F-pep3_l15_s338030_mpnn35, skipping interface scoring
Base AF2 filters not passed for 6W1F-pep3_l15_s338030_mpnn36, skipping interface scoring
Base AF2 filters not passed for 6W1F-pep3_l15_s338030_mpnn37, skipping interface scoring
No accepted MPNN designs found for this trajectory.

Design and validation of trajectory 6W1F-pep3_l15_s338030 took: 0 hours, 11 minutes, 42 seconds

Processing trajectory 6W1F-pep3_l17_s732404
Base AF2 filters not passed for 6W1F-pep3_l17_s732404_mpnn1, skipping interface scoring
Base AF2 filters not passed for 6W1F-pep3_l17_s732404_mpnn2, skipping interface scoring
Base AF2 filters not passed for 6W1F-pep3_l17_s732404_mpnn3, skipping interface scoring
Base AF2 filters not passed for 6W1F-pep3_l17_s732404_mpnn4, skipping interface scoring
Base AF2 filters not passed for 6W1F-pep3_l17_s732404_mpnn5, skipping interface scoring
Base AF2 filters not passed for 6W1F-pep3_l17_s732404_mpnn6, skipping interface scoring
Base AF2 filters not passed for 6W1F-pep3_l17_s732404_mpnn7, skipping interface scoring
Base AF2 filters not passed for 6W1F-pep3_l17_s732404_mpnn8, skipping interface scoring
Base AF2 filters not passed for 6W1F-pep3_l17_s732404_mpnn9, skipping interface scoring
Base AF2 filters not passed for 6W1F-pep3_l17_s732404_mpnn10, skipping interface scoring
Base AF2 filters not passed for 6W1F-pep3_l17_s732404_mpnn11, skipping interface scoring
Base AF2 filters not passed for 6W1F-pep3_l17_s732404_mpnn12, skipping interface scoring
Base AF2 filters not passed for 6W1F-pep3_l17_s732404_mpnn13, skipping interface scoring
Base AF2 filters not passed for 6W1F-pep3_l17_s732404_mpnn14, skipping interface scoring
Base AF2 filters not passed for 6W1F-pep3_l17_s732404_mpnn15, skipping interface scoring
Base AF2 filters not passed for 6W1F-pep3_l17_s732404_mpnn16, skipping interface scoring
Base AF2 filters not passed for 6W1F-pep3_l17_s732404_mpnn17, skipping interface scoring
Base AF2 filters not passed for 6W1F-pep3_l17_s732404_mpnn18, skipping interface scoring
Base AF2 filters not passed for 6W1F-pep3_l17_s732404_mpnn19, skipping interface scoring
Base AF2 filters not passed for 6W1F-pep3_l17_s732404_mpnn20, skipping interface scoring
Base AF2 filters not passed for 6W1F-pep3_l17_s732404_mpnn21, skipping interface scoring
Base AF2 filters not passed for 6W1F-pep3_l17_s732404_mpnn22, skipping interface scoring
Base AF2 filters not passed for 6W1F-pep3_l17_s732404_mpnn23, skipping interface scoring
Base AF2 filters not passed for 6W1F-pep3_l17_s732404_mpnn24, skipping interface scoring
Base AF2 filters not passed for 6W1F-pep3_l17_s732404_mpnn25, skipping interface scoring
Base AF2 filters not passed for 6W1F-pep3_l17_s732404_mpnn26, skipping interface scoring
Base AF2 filters not passed for 6W1F-pep3_l17_s732404_mpnn27, skipping interface scoring
Base AF2 filters not passed for 6W1F-pep3_l17_s732404_mpnn28, skipping interface scoring
Base AF2 filters not passed for 6W1F-pep3_l17_s732404_mpnn29, skipping interface scoring
Base AF2 filters not passed for 6W1F-pep3_l17_s732404_mpnn30, skipping interface scoring
Base AF2 filters not passed for 6W1F-pep3_l17_s732404_mpnn31, skipping interface scoring
Base AF2 filters not passed for 6W1F-pep3_l17_s732404_mpnn32, skipping interface scoring
Base AF2 filters not passed for 6W1F-pep3_l17_s732404_mpnn33, skipping interface scoring
Base AF2 filters not passed for 6W1F-pep3_l17_s732404_mpnn34, skipping interface scoring
Base AF2 filters not passed for 6W1F-pep3_l17_s732404_mpnn35, skipping interface scoring
Base AF2 filters not passed for 6W1F-pep3_l17_s732404_mpnn36, skipping interface scoring
No accepted MPNN designs found for this trajectory.

Design and validation of trajectory 6W1F-pep3_l17_s732404 took: 0 hours, 11 minutes, 35 seconds

Processing trajectory 6W1F-pep3_l15_s807981
Base AF2 filters not passed for 6W1F-pep3_l15_s807981_mpnn1, skipping interface scoring
Base AF2 filters not passed for 6W1F-pep3_l15_s807981_mpnn2, skipping interface scoring
Base AF2 filters not passed for 6W1F-pep3_l15_s807981_mpnn3, skipping interface scoring
Base AF2 filters not passed for 6W1F-pep3_l15_s807981_mpnn4, skipping interface scoring
Base AF2 filters not passed for 6W1F-pep3_l15_s807981_mpnn5, skipping interface scoring
Base AF2 filters not passed for 6W1F-pep3_l15_s807981_mpnn6, skipping interface scoring
Base AF2 filters not passed for 6W1F-pep3_l15_s807981_mpnn7, skipping interface scoring
Base AF2 filters not passed for 6W1F-pep3_l15_s807981_mpnn8, skipping interface scoring
Base AF2 filters not passed for 6W1F-pep3_l15_s807981_mpnn9, skipping interface scoring
Base AF2 filters not passed for 6W1F-pep3_l15_s807981_mpnn10, skipping interface scoring
Base AF2 filters not passed for 6W1F-pep3_l15_s807981_mpnn11, skipping interface scoring
Base AF2 filters not passed for 6W1F-pep3_l15_s807981_mpnn12, skipping interface scoring
Base AF2 filters not passed for 6W1F-pep3_l15_s807981_mpnn13, skipping interface scoring
Base AF2 filters not passed for 6W1F-pep3_l15_s807981_mpnn14, skipping interface scoring
Base AF2 filters not passed for 6W1F-pep3_l15_s807981_mpnn15, skipping interface scoring
Base AF2 filters not passed for 6W1F-pep3_l15_s807981_mpnn16, skipping interface scoring
Base AF2 filters not passed for 6W1F-pep3_l15_s807981_mpnn17, skipping interface scoring
Base AF2 filters not passed for 6W1F-pep3_l15_s807981_mpnn18, skipping interface scoring
Base AF2 filters not passed for 6W1F-pep3_l15_s807981_mpnn19, skipping interface scoring
Base AF2 filters not passed for 6W1F-pep3_l15_s807981_mpnn20, skipping interface scoring
Base AF2 filters not passed for 6W1F-pep3_l15_s807981_mpnn21, skipping interface scoring
Base AF2 filters not passed for 6W1F-pep3_l15_s807981_mpnn22, skipping interface scoring
Base AF2 filters not passed for 6W1F-pep3_l15_s807981_mpnn23, skipping interface scoring
Base AF2 filters not passed for 6W1F-pep3_l15_s807981_mpnn24, skipping interface scoring
Base AF2 filters not passed for 6W1F-pep3_l15_s807981_mpnn25, skipping interface scoring
Base AF2 filters not passed for 6W1F-pep3_l15_s807981_mpnn26, skipping interface scoring
Base AF2 filters not passed for 6W1F-pep3_l15_s807981_mpnn27, skipping interface scoring
Base AF2 filters not passed for 6W1F-pep3_l15_s807981_mpnn28, skipping interface scoring
Base AF2 filters not passed for 6W1F-pep3_l15_s807981_mpnn29, skipping interface scoring
Base AF2 filters not passed for 6W1F-pep3_l15_s807981_mpnn30, skipping interface scoring
Base AF2 filters not passed for 6W1F-pep3_l15_s807981_mpnn31, skipping interface scoring
Base AF2 filters not passed for 6W1F-pep3_l15_s807981_mpnn32, skipping interface scoring
Base AF2 filters not passed for 6W1F-pep3_l15_s807981_mpnn33, skipping interface scoring
Base AF2 filters not passed for 6W1F-pep3_l15_s807981_mpnn34, skipping interface scoring
Base AF2 filters not passed for 6W1F-pep3_l15_s807981_mpnn35, skipping interface scoring
Base AF2 filters not passed for 6W1F-pep3_l15_s807981_mpnn36, skipping interface scoring
Base AF2 filters not passed for 6W1F-pep3_l15_s807981_mpnn37, skipping interface scoring
Base AF2 filters not passed for 6W1F-pep3_l15_s807981_mpnn38, skipping interface scoring
Base AF2 filters not passed for 6W1F-pep3_l15_s807981_mpnn39, skipping interface scoring
Base AF2 filters not passed for 6W1F-pep3_l15_s807981_mpnn40, skipping interface scoring
Base AF2 filters not passed for 6W1F-pep3_l15_s807981_mpnn41, skipping interface scoring
Base AF2 filters not passed for 6W1F-pep3_l15_s807981_mpnn42, skipping interface scoring
Base AF2 filters not passed for 6W1F-pep3_l15_s807981_mpnn43, skipping interface scoring
Base AF2 filters not passed for 6W1F-pep3_l15_s807981_mpnn44, skipping interface scoring
Base AF2 filters not passed for 6W1F-pep3_l15_s807981_mpnn45, skipping interface scoring
Base AF2 filters not passed for 6W1F-pep3_l15_s807981_mpnn46, skipping interface scoring
Base AF2 filters not passed for 6W1F-pep3_l15_s807981_mpnn47, skipping interface scoring
Base AF2 filters not passed for 6W1F-pep3_l15_s807981_mpnn48, skipping interface scoring
Base AF2 filters not passed for 6W1F-pep3_l15_s807981_mpnn49, skipping interface scoring
No accepted MPNN designs found for this trajectory.

Design and validation of trajectory 6W1F-pep3_l15_s807981 took: 0 hours, 15 minutes, 14 seconds

Processing trajectory 6W1F-pep3_l13_s930698
Base AF2 filters not passed for 6W1F-pep3_l13_s930698_mpnn1, skipping interface scoring
Base AF2 filters not passed for 6W1F-pep3_l13_s930698_mpnn2, skipping interface scoring
Base AF2 filters not passed for 6W1F-pep3_l13_s930698_mpnn3, skipping interface scoring
Base AF2 filters not passed for 6W1F-pep3_l13_s930698_mpnn4, skipping interface scoring
Base AF2 filters not passed for 6W1F-pep3_l13_s930698_mpnn5, skipping interface scoring
Base AF2 filters not passed for 6W1F-pep3_l13_s930698_mpnn6, skipping interface scoring
Base AF2 filters not passed for 6W1F-pep3_l13_s930698_mpnn7, skipping interface scoring
Base AF2 filters not passed for 6W1F-pep3_l13_s930698_mpnn8, skipping interface scoring
Base AF2 filters not passed for 6W1F-pep3_l13_s930698_mpnn9, skipping interface scoring
Base AF2 filters not passed for 6W1F-pep3_l13_s930698_mpnn10, skipping interface scoring
Base AF2 filters not passed for 6W1F-pep3_l13_s930698_mpnn11, skipping interface scoring
Base AF2 filters not passed for 6W1F-pep3_l13_s930698_mpnn12, skipping interface scoring
Base AF2 filters not passed for 6W1F-pep3_l13_s930698_mpnn13, skipping interface scoring
Base AF2 filters not passed for 6W1F-pep3_l13_s930698_mpnn14, skipping interface scoring
Base AF2 filters not passed for 6W1F-pep3_l13_s930698_mpnn15, skipping interface scoring
Base AF2 filters not passed for 6W1F-pep3_l13_s930698_mpnn16, skipping interface scoring
Base AF2 filters not passed for 6W1F-pep3_l13_s930698_mpnn17, skipping interface scoring
Base AF2 filters not passed for 6W1F-pep3_l13_s930698_mpnn18, skipping interface scoring
Base AF2 filters not passed for 6W1F-pep3_l13_s930698_mpnn19, skipping interface scoring
Base AF2 filters not passed for 6W1F-pep3_l13_s930698_mpnn20, skipping interface scoring
Base AF2 filters not passed for 6W1F-pep3_l13_s930698_mpnn21, skipping interface scoring
Base AF2 filters not passed for 6W1F-pep3_l13_s930698_mpnn22, skipping interface scoring
Base AF2 filters not passed for 6W1F-pep3_l13_s930698_mpnn23, skipping interface scoring
Base AF2 filters not passed for 6W1F-pep3_l13_s930698_mpnn24, skipping interface scoring
Base AF2 filters not passed for 6W1F-pep3_l13_s930698_mpnn25, skipping interface scoring
Base AF2 filters not passed for 6W1F-pep3_l13_s930698_mpnn26, skipping interface scoring
Base AF2 filters not passed for 6W1F-pep3_l13_s930698_mpnn27, skipping interface scoring
Base AF2 filters not passed for 6W1F-pep3_l13_s930698_mpnn28, skipping interface scoring
Base AF2 filters not passed for 6W1F-pep3_l13_s930698_mpnn29, skipping interface scoring
Base AF2 filters not passed for 6W1F-pep3_l13_s930698_mpnn30, skipping interface scoring
Base AF2 filters not passed for 6W1F-pep3_l13_s930698_mpnn31, skipping interface scoring
No accepted MPNN designs found for this trajectory.

Design and validation of trajectory 6W1F-pep3_l13_s930698 took: 0 hours, 9 minutes, 49 seconds

Processing trajectory 6W1F-pep3_l15_s411427
Base AF2 filters not passed for 6W1F-pep3_l15_s411427_mpnn1, skipping interface scoring
Base AF2 filters not passed for 6W1F-pep3_l15_s411427_mpnn2, skipping interface scoring
6W1F-pep3_l15_s411427_mpnn3 passed all filters
6W1F-pep3_l15_s411427_mpnn4 passed all filters
Base AF2 filters not passed for 6W1F-pep3_l15_s411427_mpnn5, skipping interface scoring
Base AF2 filters not passed for 6W1F-pep3_l15_s411427_mpnn6, skipping interface scoring
Base AF2 filters not passed for 6W1F-pep3_l15_s411427_mpnn7, skipping interface scoring
Base AF2 filters not passed for 6W1F-pep3_l15_s411427_mpnn8, skipping interface scoring
Base AF2 filters not passed for 6W1F-pep3_l15_s411427_mpnn9, skipping interface scoring
Base AF2 filters not passed for 6W1F-pep3_l15_s411427_mpnn10, skipping interface scoring
Base AF2 filters not passed for 6W1F-pep3_l15_s411427_mpnn11, skipping interface scoring
Base AF2 filters not passed for 6W1F-pep3_l15_s411427_mpnn12, skipping interface scoring
Base AF2 filters not passed for 6W1F-pep3_l15_s411427_mpnn13, skipping interface scoring
6W1F-pep3_l15_s411427_mpnn14 passed all filters
Base AF2 filters not passed for 6W1F-pep3_l15_s411427_mpnn15, skipping interface scoring
Base AF2 filters not passed for 6W1F-pep3_l15_s411427_mpnn16, skipping interface scoring
Base AF2 filters not passed for 6W1F-pep3_l15_s411427_mpnn17, skipping interface scoring
Base AF2 filters not passed for 6W1F-pep3_l15_s411427_mpnn18, skipping interface scoring
Base AF2 filters not passed for 6W1F-pep3_l15_s411427_mpnn19, skipping interface scoring
Base AF2 filters not passed for 6W1F-pep3_l15_s411427_mpnn20, skipping interface scoring
Base AF2 filters not passed for 6W1F-pep3_l15_s411427_mpnn21, skipping interface scoring
Base AF2 filters not passed for 6W1F-pep3_l15_s411427_mpnn22, skipping interface scoring
Base AF2 filters not passed for 6W1F-pep3_l15_s411427_mpnn23, skipping interface scoring
Base AF2 filters not passed for 6W1F-pep3_l15_s411427_mpnn24, skipping interface scoring
Base AF2 filters not passed for 6W1F-pep3_l15_s411427_mpnn25, skipping interface scoring
Base AF2 filters not passed for 6W1F-pep3_l15_s411427_mpnn26, skipping interface scoring
Base AF2 filters not passed for 6W1F-pep3_l15_s411427_mpnn27, skipping interface scoring
Base AF2 filters not passed for 6W1F-pep3_l15_s411427_mpnn28, skipping interface scoring
Base AF2 filters not passed for 6W1F-pep3_l15_s411427_mpnn29, skipping interface scoring
Base AF2 filters not passed for 6W1F-pep3_l15_s411427_mpnn30, skipping interface scoring
Base AF2 filters not passed for 6W1F-pep3_l15_s411427_mpnn31, skipping interface scoring
Base AF2 filters not passed for 6W1F-pep3_l15_s411427_mpnn32, skipping interface scoring
Base AF2 filters not passed for 6W1F-pep3_l15_s411427_mpnn33, skipping interface scoring
Base AF2 filters not passed for 6W1F-pep3_l15_s411427_mpnn34, skipping interface scoring
Base AF2 filters not passed for 6W1F-pep3_l15_s411427_mpnn35, skipping interface scoring
Found 3 MPNN designs passing filters

Design and validation of trajectory 6W1F-pep3_l15_s411427 took: 0 hours, 30 minutes, 34 seconds

Processing trajectory 6W1F-pep3_l13_s60849
Base AF2 filters not passed for 6W1F-pep3_l13_s60849_mpnn1, skipping interface scoring
Base AF2 filters not passed for 6W1F-pep3_l13_s60849_mpnn2, skipping interface scoring
Base AF2 filters not passed for 6W1F-pep3_l13_s60849_mpnn3, skipping interface scoring
Base AF2 filters not passed for 6W1F-pep3_l13_s60849_mpnn4, skipping interface scoring
Base AF2 filters not passed for 6W1F-pep3_l13_s60849_mpnn5, skipping interface scoring
Base AF2 filters not passed for 6W1F-pep3_l13_s60849_mpnn6, skipping interface scoring
Base AF2 filters not passed for 6W1F-pep3_l13_s60849_mpnn7, skipping interface scoring
Base AF2 filters not passed for 6W1F-pep3_l13_s60849_mpnn8, skipping interface scoring
Base AF2 filters not passed for 6W1F-pep3_l13_s60849_mpnn9, skipping interface scoring
Base AF2 filters not passed for 6W1F-pep3_l13_s60849_mpnn10, skipping interface scoring
Base AF2 filters not passed for 6W1F-pep3_l13_s60849_mpnn11, skipping interface scoring
Base AF2 filters not passed for 6W1F-pep3_l13_s60849_mpnn12, skipping interface scoring
Base AF2 filters not passed for 6W1F-pep3_l13_s60849_mpnn13, skipping interface scoring
Base AF2 filters not passed for 6W1F-pep3_l13_s60849_mpnn14, skipping interface scoring
Base AF2 filters not passed for 6W1F-pep3_l13_s60849_mpnn15, skipping interface scoring
Base AF2 filters not passed for 6W1F-pep3_l13_s60849_mpnn16, skipping interface scoring
Base AF2 filters not passed for 6W1F-pep3_l13_s60849_mpnn17, skipping interface scoring
Base AF2 filters not passed for 6W1F-pep3_l13_s60849_mpnn18, skipping interface scoring
Base AF2 filters not passed for 6W1F-pep3_l13_s60849_mpnn19, skipping interface scoring
Base AF2 filters not passed for 6W1F-pep3_l13_s60849_mpnn20, skipping interface scoring
Base AF2 filters not passed for 6W1F-pep3_l13_s60849_mpnn21, skipping interface scoring
Base AF2 filters not passed for 6W1F-pep3_l13_s60849_mpnn22, skipping interface scoring
Base AF2 filters not passed for 6W1F-pep3_l13_s60849_mpnn23, skipping interface scoring
Base AF2 filters not passed for 6W1F-pep3_l13_s60849_mpnn24, skipping interface scoring
Base AF2 filters not passed for 6W1F-pep3_l13_s60849_mpnn25, skipping interface scoring
Base AF2 filters not passed for 6W1F-pep3_l13_s60849_mpnn26, skipping interface scoring
Base AF2 filters not passed for 6W1F-pep3_l13_s60849_mpnn27, skipping interface scoring
Base AF2 filters not passed for 6W1F-pep3_l13_s60849_mpnn28, skipping interface scoring
Base AF2 filters not passed for 6W1F-pep3_l13_s60849_mpnn29, skipping interface scoring
Base AF2 filters not passed for 6W1F-pep3_l13_s60849_mpnn30, skipping interface scoring
Base AF2 filters not passed for 6W1F-pep3_l13_s60849_mpnn31, skipping interface scoring
Base AF2 filters not passed for 6W1F-pep3_l13_s60849_mpnn32, skipping interface scoring
Base AF2 filters not passed for 6W1F-pep3_l13_s60849_mpnn33, skipping interface scoring
Base AF2 filters not passed for 6W1F-pep3_l13_s60849_mpnn34, skipping interface scoring
Base AF2 filters not passed for 6W1F-pep3_l13_s60849_mpnn35, skipping interface scoring
Base AF2 filters not passed for 6W1F-pep3_l13_s60849_mpnn36, skipping interface scoring
Base AF2 filters not passed for 6W1F-pep3_l13_s60849_mpnn37, skipping interface scoring
Base AF2 filters not passed for 6W1F-pep3_l13_s60849_mpnn38, skipping interface scoring
Base AF2 filters not passed for 6W1F-pep3_l13_s60849_mpnn39, skipping interface scoring
Base AF2 filters not passed for 6W1F-pep3_l13_s60849_mpnn40, skipping interface scoring
Base AF2 filters not passed for 6W1F-pep3_l13_s60849_mpnn41, skipping interface scoring
Base AF2 filters not passed for 6W1F-pep3_l13_s60849_mpnn42, skipping interface scoring
Base AF2 filters not passed for 6W1F-pep3_l13_s60849_mpnn43, skipping interface scoring
Base AF2 filters not passed for 6W1F-pep3_l13_s60849_mpnn44, skipping interface scoring
Base AF2 filters not passed for 6W1F-pep3_l13_s60849_mpnn45, skipping interface scoring
Base AF2 filters not passed for 6W1F-pep3_l13_s60849_mpnn46, skipping interface scoring
Base AF2 filters not passed for 6W1F-pep3_l13_s60849_mpnn47, skipping interface scoring
Base AF2 filters not passed for 6W1F-pep3_l13_s60849_mpnn48, skipping interface scoring
6W1F-pep3_l13_s60849_mpnn49 passed all filters
Found 1 MPNN designs passing filters

Design and validation of trajectory 6W1F-pep3_l13_s60849 took: 0 hours, 20 minutes, 59 seconds

Processing trajectory 6W1F-pep3_l14_s128566
Base AF2 filters not passed for 6W1F-pep3_l14_s128566_mpnn1, skipping interface scoring
Base AF2 filters not passed for 6W1F-pep3_l14_s128566_mpnn2, skipping interface scoring
Base AF2 filters not passed for 6W1F-pep3_l14_s128566_mpnn3, skipping interface scoring
Base AF2 filters not passed for 6W1F-pep3_l14_s128566_mpnn4, skipping interface scoring
Base AF2 filters not passed for 6W1F-pep3_l14_s128566_mpnn5, skipping interface scoring
Base AF2 filters not passed for 6W1F-pep3_l14_s128566_mpnn6, skipping interface scoring
Base AF2 filters not passed for 6W1F-pep3_l14_s128566_mpnn7, skipping interface scoring
Base AF2 filters not passed for 6W1F-pep3_l14_s128566_mpnn8, skipping interface scoring
Base AF2 filters not passed for 6W1F-pep3_l14_s128566_mpnn9, skipping interface scoring
Base AF2 filters not passed for 6W1F-pep3_l14_s128566_mpnn10, skipping interface scoring
Base AF2 filters not passed for 6W1F-pep3_l14_s128566_mpnn11, skipping interface scoring
Base AF2 filters not passed for 6W1F-pep3_l14_s128566_mpnn12, skipping interface scoring
Base AF2 filters not passed for 6W1F-pep3_l14_s128566_mpnn13, skipping interface scoring
Base AF2 filters not passed for 6W1F-pep3_l14_s128566_mpnn14, skipping interface scoring
Base AF2 filters not passed for 6W1F-pep3_l14_s128566_mpnn15, skipping interface scoring
Base AF2 filters not passed for 6W1F-pep3_l14_s128566_mpnn16, skipping interface scoring
Base AF2 filters not passed for 6W1F-pep3_l14_s128566_mpnn17, skipping interface scoring
Base AF2 filters not passed for 6W1F-pep3_l14_s128566_mpnn18, skipping interface scoring
Base AF2 filters not passed for 6W1F-pep3_l14_s128566_mpnn19, skipping interface scoring
Base AF2 filters not passed for 6W1F-pep3_l14_s128566_mpnn20, skipping interface scoring
Base AF2 filters not passed for 6W1F-pep3_l14_s128566_mpnn21, skipping interface scoring
Base AF2 filters not passed for 6W1F-pep3_l14_s128566_mpnn22, skipping interface scoring
No accepted MPNN designs found for this trajectory.

Design and validation of trajectory 6W1F-pep3_l14_s128566 took: 0 hours, 7 minutes, 16 seconds

Processing trajectory 6W1F-pep3_l14_s749185
Base AF2 filters not passed for 6W1F-pep3_l14_s749185_mpnn1, skipping interface scoring
Base AF2 filters not passed for 6W1F-pep3_l14_s749185_mpnn2, skipping interface scoring
Base AF2 filters not passed for 6W1F-pep3_l14_s749185_mpnn3, skipping interface scoring
Base AF2 filters not passed for 6W1F-pep3_l14_s749185_mpnn4, skipping interface scoring
Base AF2 filters not passed for 6W1F-pep3_l14_s749185_mpnn5, skipping interface scoring
Base AF2 filters not passed for 6W1F-pep3_l14_s749185_mpnn6, skipping interface scoring
Base AF2 filters not passed for 6W1F-pep3_l14_s749185_mpnn7, skipping interface scoring
Base AF2 filters not passed for 6W1F-pep3_l14_s749185_mpnn8, skipping interface scoring
Base AF2 filters not passed for 6W1F-pep3_l14_s749185_mpnn9, skipping interface scoring
Base AF2 filters not passed for 6W1F-pep3_l14_s749185_mpnn10, skipping interface scoring
Base AF2 filters not passed for 6W1F-pep3_l14_s749185_mpnn11, skipping interface scoring
Base AF2 filters not passed for 6W1F-pep3_l14_s749185_mpnn12, skipping interface scoring
Base AF2 filters not passed for 6W1F-pep3_l14_s749185_mpnn13, skipping interface scoring
Base AF2 filters not passed for 6W1F-pep3_l14_s749185_mpnn14, skipping interface scoring
Base AF2 filters not passed for 6W1F-pep3_l14_s749185_mpnn15, skipping interface scoring
Base AF2 filters not passed for 6W1F-pep3_l14_s749185_mpnn16, skipping interface scoring
Base AF2 filters not passed for 6W1F-pep3_l14_s749185_mpnn17, skipping interface scoring
Base AF2 filters not passed for 6W1F-pep3_l14_s749185_mpnn18, skipping interface scoring
Base AF2 filters not passed for 6W1F-pep3_l14_s749185_mpnn19, skipping interface scoring
Base AF2 filters not passed for 6W1F-pep3_l14_s749185_mpnn20, skipping interface scoring
Base AF2 filters not passed for 6W1F-pep3_l14_s749185_mpnn21, skipping interface scoring
Base AF2 filters not passed for 6W1F-pep3_l14_s749185_mpnn22, skipping interface scoring
Base AF2 filters not passed for 6W1F-pep3_l14_s749185_mpnn23, skipping interface scoring
Base AF2 filters not passed for 6W1F-pep3_l14_s749185_mpnn24, skipping interface scoring
Base AF2 filters not passed for 6W1F-pep3_l14_s749185_mpnn25, skipping interface scoring
Base AF2 filters not passed for 6W1F-pep3_l14_s749185_mpnn26, skipping interface scoring
Base AF2 filters not passed for 6W1F-pep3_l14_s749185_mpnn27, skipping interface scoring
Base AF2 filters not passed for 6W1F-pep3_l14_s749185_mpnn28, skipping interface scoring
Base AF2 filters not passed for 6W1F-pep3_l14_s749185_mpnn29, skipping interface scoring
Base AF2 filters not passed for 6W1F-pep3_l14_s749185_mpnn30, skipping interface scoring
Base AF2 filters not passed for 6W1F-pep3_l14_s749185_mpnn31, skipping interface scoring
Base AF2 filters not passed for 6W1F-pep3_l14_s749185_mpnn32, skipping interface scoring
Base AF2 filters not passed for 6W1F-pep3_l14_s749185_mpnn33, skipping interface scoring
Base AF2 filters not passed for 6W1F-pep3_l14_s749185_mpnn34, skipping interface scoring
Base AF2 filters not passed for 6W1F-pep3_l14_s749185_mpnn35, skipping interface scoring
Base AF2 filters not passed for 6W1F-pep3_l14_s749185_mpnn36, skipping interface scoring
Base AF2 filters not passed for 6W1F-pep3_l14_s749185_mpnn37, skipping interface scoring
Base AF2 filters not passed for 6W1F-pep3_l14_s749185_mpnn38, skipping interface scoring
Base AF2 filters not passed for 6W1F-pep3_l14_s749185_mpnn39, skipping interface scoring
Base AF2 filters not passed for 6W1F-pep3_l14_s749185_mpnn40, skipping interface scoring
No accepted MPNN designs found for this trajectory.

Design and validation of trajectory 6W1F-pep3_l14_s749185 took: 0 hours, 12 minutes, 38 seconds

Processing trajectory 6W1F-pep3_l16_s226846
Base AF2 filters not passed for 6W1F-pep3_l16_s226846_mpnn1, skipping interface scoring
Base AF2 filters not passed for 6W1F-pep3_l16_s226846_mpnn2, skipping interface scoring
Base AF2 filters not passed for 6W1F-pep3_l16_s226846_mpnn3, skipping interface scoring
Base AF2 filters not passed for 6W1F-pep3_l16_s226846_mpnn4, skipping interface scoring
Base AF2 filters not passed for 6W1F-pep3_l16_s226846_mpnn5, skipping interface scoring
Base AF2 filters not passed for 6W1F-pep3_l16_s226846_mpnn6, skipping interface scoring
Base AF2 filters not passed for 6W1F-pep3_l16_s226846_mpnn7, skipping interface scoring
Base AF2 filters not passed for 6W1F-pep3_l16_s226846_mpnn8, skipping interface scoring
Base AF2 filters not passed for 6W1F-pep3_l16_s226846_mpnn9, skipping interface scoring
Base AF2 filters not passed for 6W1F-pep3_l16_s226846_mpnn10, skipping interface scoring
Base AF2 filters not passed for 6W1F-pep3_l16_s226846_mpnn11, skipping interface scoring
Base AF2 filters not passed for 6W1F-pep3_l16_s226846_mpnn12, skipping interface scoring
Base AF2 filters not passed for 6W1F-pep3_l16_s226846_mpnn13, skipping interface scoring
Base AF2 filters not passed for 6W1F-pep3_l16_s226846_mpnn14, skipping interface scoring
Base AF2 filters not passed for 6W1F-pep3_l16_s226846_mpnn15, skipping interface scoring
Base AF2 filters not passed for 6W1F-pep3_l16_s226846_mpnn16, skipping interface scoring
Base AF2 filters not passed for 6W1F-pep3_l16_s226846_mpnn17, skipping interface scoring
Base AF2 filters not passed for 6W1F-pep3_l16_s226846_mpnn18, skipping interface scoring
Base AF2 filters not passed for 6W1F-pep3_l16_s226846_mpnn19, skipping interface scoring
Base AF2 filters not passed for 6W1F-pep3_l16_s226846_mpnn20, skipping interface scoring
Base AF2 filters not passed for 6W1F-pep3_l16_s226846_mpnn21, skipping interface scoring
Base AF2 filters not passed for 6W1F-pep3_l16_s226846_mpnn22, skipping interface scoring
Base AF2 filters not passed for 6W1F-pep3_l16_s226846_mpnn23, skipping interface scoring
Base AF2 filters not passed for 6W1F-pep3_l16_s226846_mpnn24, skipping interface scoring
Base AF2 filters not passed for 6W1F-pep3_l16_s226846_mpnn25, skipping interface scoring
Base AF2 filters not passed for 6W1F-pep3_l16_s226846_mpnn26, skipping interface scoring
Base AF2 filters not passed for 6W1F-pep3_l16_s226846_mpnn27, skipping interface scoring
Base AF2 filters not passed for 6W1F-pep3_l16_s226846_mpnn28, skipping interface scoring
Base AF2 filters not passed for 6W1F-pep3_l16_s226846_mpnn29, skipping interface scoring
Base AF2 filters not passed for 6W1F-pep3_l16_s226846_mpnn30, skipping interface scoring
Base AF2 filters not passed for 6W1F-pep3_l16_s226846_mpnn31, skipping interface scoring
Base AF2 filters not passed for 6W1F-pep3_l16_s226846_mpnn32, skipping interface scoring
Base AF2 filters not passed for 6W1F-pep3_l16_s226846_mpnn33, skipping interface scoring
No accepted MPNN designs found for this trajectory.

Design and validation of trajectory 6W1F-pep3_l16_s226846 took: 0 hours, 9 minutes, 59 seconds

Processing trajectory 6W1F-pep3_l15_s636953
Base AF2 filters not passed for 6W1F-pep3_l15_s636953_mpnn1, skipping interface scoring
Base AF2 filters not passed for 6W1F-pep3_l15_s636953_mpnn2, skipping interface scoring
Base AF2 filters not passed for 6W1F-pep3_l15_s636953_mpnn3, skipping interface scoring
Base AF2 filters not passed for 6W1F-pep3_l15_s636953_mpnn4, skipping interface scoring
Base AF2 filters not passed for 6W1F-pep3_l15_s636953_mpnn5, skipping interface scoring
Base AF2 filters not passed for 6W1F-pep3_l15_s636953_mpnn6, skipping interface scoring
Base AF2 filters not passed for 6W1F-pep3_l15_s636953_mpnn7, skipping interface scoring
Base AF2 filters not passed for 6W1F-pep3_l15_s636953_mpnn8, skipping interface scoring
Base AF2 filters not passed for 6W1F-pep3_l15_s636953_mpnn9, skipping interface scoring
Base AF2 filters not passed for 6W1F-pep3_l15_s636953_mpnn10, skipping interface scoring
Base AF2 filters not passed for 6W1F-pep3_l15_s636953_mpnn11, skipping interface scoring
Base AF2 filters not passed for 6W1F-pep3_l15_s636953_mpnn12, skipping interface scoring
Base AF2 filters not passed for 6W1F-pep3_l15_s636953_mpnn13, skipping interface scoring
Base AF2 filters not passed for 6W1F-pep3_l15_s636953_mpnn14, skipping interface scoring
Base AF2 filters not passed for 6W1F-pep3_l15_s636953_mpnn15, skipping interface scoring
Base AF2 filters not passed for 6W1F-pep3_l15_s636953_mpnn16, skipping interface scoring
Base AF2 filters not passed for 6W1F-pep3_l15_s636953_mpnn17, skipping interface scoring
Base AF2 filters not passed for 6W1F-pep3_l15_s636953_mpnn18, skipping interface scoring
Base AF2 filters not passed for 6W1F-pep3_l15_s636953_mpnn19, skipping interface scoring
Base AF2 filters not passed for 6W1F-pep3_l15_s636953_mpnn20, skipping interface scoring
Base AF2 filters not passed for 6W1F-pep3_l15_s636953_mpnn21, skipping interface scoring
Base AF2 filters not passed for 6W1F-pep3_l15_s636953_mpnn22, skipping interface scoring
Base AF2 filters not passed for 6W1F-pep3_l15_s636953_mpnn23, skipping interface scoring
Base AF2 filters not passed for 6W1F-pep3_l15_s636953_mpnn24, skipping interface scoring
Base AF2 filters not passed for 6W1F-pep3_l15_s636953_mpnn25, skipping interface scoring
Base AF2 filters not passed for 6W1F-pep3_l15_s636953_mpnn26, skipping interface scoring
Base AF2 filters not passed for 6W1F-pep3_l15_s636953_mpnn27, skipping interface scoring
Base AF2 filters not passed for 6W1F-pep3_l15_s636953_mpnn28, skipping interface scoring
Base AF2 filters not passed for 6W1F-pep3_l15_s636953_mpnn29, skipping interface scoring
Base AF2 filters not passed for 6W1F-pep3_l15_s636953_mpnn30, skipping interface scoring
Base AF2 filters not passed for 6W1F-pep3_l15_s636953_mpnn31, skipping interface scoring
Base AF2 filters not passed for 6W1F-pep3_l15_s636953_mpnn32, skipping interface scoring
Base AF2 filters not passed for 6W1F-pep3_l15_s636953_mpnn33, skipping interface scoring
Base AF2 filters not passed for 6W1F-pep3_l15_s636953_mpnn34, skipping interface scoring
Base AF2 filters not passed for 6W1F-pep3_l15_s636953_mpnn35, skipping interface scoring
No accepted MPNN designs found for this trajectory.

Design and validation of trajectory 6W1F-pep3_l15_s636953 took: 0 hours, 11 minutes, 4 seconds

Processing trajectory 6W1F-pep3_l13_s507277
Base AF2 filters not passed for 6W1F-pep3_l13_s507277_mpnn1, skipping interface scoring
Base AF2 filters not passed for 6W1F-pep3_l13_s507277_mpnn2, skipping interface scoring
Base AF2 filters not passed for 6W1F-pep3_l13_s507277_mpnn3, skipping interface scoring
Base AF2 filters not passed for 6W1F-pep3_l13_s507277_mpnn4, skipping interface scoring
Base AF2 filters not passed for 6W1F-pep3_l13_s507277_mpnn5, skipping interface scoring
Base AF2 filters not passed for 6W1F-pep3_l13_s507277_mpnn6, skipping interface scoring
Base AF2 filters not passed for 6W1F-pep3_l13_s507277_mpnn7, skipping interface scoring
Base AF2 filters not passed for 6W1F-pep3_l13_s507277_mpnn8, skipping interface scoring
Base AF2 filters not passed for 6W1F-pep3_l13_s507277_mpnn9, skipping interface scoring
Base AF2 filters not passed for 6W1F-pep3_l13_s507277_mpnn10, skipping interface scoring
Base AF2 filters not passed for 6W1F-pep3_l13_s507277_mpnn11, skipping interface scoring
Base AF2 filters not passed for 6W1F-pep3_l13_s507277_mpnn12, skipping interface scoring
Base AF2 filters not passed for 6W1F-pep3_l13_s507277_mpnn13, skipping interface scoring
Base AF2 filters not passed for 6W1F-pep3_l13_s507277_mpnn14, skipping interface scoring
Base AF2 filters not passed for 6W1F-pep3_l13_s507277_mpnn15, skipping interface scoring
Base AF2 filters not passed for 6W1F-pep3_l13_s507277_mpnn16, skipping interface scoring
Base AF2 filters not passed for 6W1F-pep3_l13_s507277_mpnn17, skipping interface scoring
Base AF2 filters not passed for 6W1F-pep3_l13_s507277_mpnn18, skipping interface scoring
Base AF2 filters not passed for 6W1F-pep3_l13_s507277_mpnn19, skipping interface scoring
Base AF2 filters not passed for 6W1F-pep3_l13_s507277_mpnn20, skipping interface scoring
Base AF2 filters not passed for 6W1F-pep3_l13_s507277_mpnn21, skipping interface scoring
Base AF2 filters not passed for 6W1F-pep3_l13_s507277_mpnn22, skipping interface scoring
Base AF2 filters not passed for 6W1F-pep3_l13_s507277_mpnn23, skipping interface scoring
Base AF2 filters not passed for 6W1F-pep3_l13_s507277_mpnn24, skipping interface scoring
Base AF2 filters not passed for 6W1F-pep3_l13_s507277_mpnn25, skipping interface scoring
Base AF2 filters not passed for 6W1F-pep3_l13_s507277_mpnn26, skipping interface scoring
Base AF2 filters not passed for 6W1F-pep3_l13_s507277_mpnn27, skipping interface scoring
Base AF2 filters not passed for 6W1F-pep3_l13_s507277_mpnn28, skipping interface scoring
Base AF2 filters not passed for 6W1F-pep3_l13_s507277_mpnn29, skipping interface scoring
Base AF2 filters not passed for 6W1F-pep3_l13_s507277_mpnn30, skipping interface scoring
Base AF2 filters not passed for 6W1F-pep3_l13_s507277_mpnn31, skipping interface scoring
Base AF2 filters not passed for 6W1F-pep3_l13_s507277_mpnn32, skipping interface scoring
Base AF2 filters not passed for 6W1F-pep3_l13_s507277_mpnn33, skipping interface scoring
Base AF2 filters not passed for 6W1F-pep3_l13_s507277_mpnn34, skipping interface scoring
Base AF2 filters not passed for 6W1F-pep3_l13_s507277_mpnn35, skipping interface scoring
Base AF2 filters not passed for 6W1F-pep3_l13_s507277_mpnn36, skipping interface scoring
Base AF2 filters not passed for 6W1F-pep3_l13_s507277_mpnn37, skipping interface scoring
Base AF2 filters not passed for 6W1F-pep3_l13_s507277_mpnn38, skipping interface scoring
Base AF2 filters not passed for 6W1F-pep3_l13_s507277_mpnn39, skipping interface scoring
Base AF2 filters not passed for 6W1F-pep3_l13_s507277_mpnn40, skipping interface scoring
Base AF2 filters not passed for 6W1F-pep3_l13_s507277_mpnn41, skipping interface scoring
Base AF2 filters not passed for 6W1F-pep3_l13_s507277_mpnn42, skipping interface scoring
Base AF2 filters not passed for 6W1F-pep3_l13_s507277_mpnn43, skipping interface scoring
No accepted MPNN designs found for this trajectory.

Design and validation of trajectory 6W1F-pep3_l13_s507277 took: 0 hours, 13 minutes, 22 seconds

Processing trajectory 6W1F-pep3_l14_s277919
Base AF2 filters not passed for 6W1F-pep3_l14_s277919_mpnn1, skipping interface scoring
Base AF2 filters not passed for 6W1F-pep3_l14_s277919_mpnn2, skipping interface scoring
Base AF2 filters not passed for 6W1F-pep3_l14_s277919_mpnn3, skipping interface scoring
Base AF2 filters not passed for 6W1F-pep3_l14_s277919_mpnn4, skipping interface scoring
Base AF2 filters not passed for 6W1F-pep3_l14_s277919_mpnn5, skipping interface scoring
Base AF2 filters not passed for 6W1F-pep3_l14_s277919_mpnn6, skipping interface scoring
Base AF2 filters not passed for 6W1F-pep3_l14_s277919_mpnn7, skipping interface scoring
Base AF2 filters not passed for 6W1F-pep3_l14_s277919_mpnn8, skipping interface scoring
Base AF2 filters not passed for 6W1F-pep3_l14_s277919_mpnn9, skipping interface scoring
Base AF2 filters not passed for 6W1F-pep3_l14_s277919_mpnn10, skipping interface scoring
Base AF2 filters not passed for 6W1F-pep3_l14_s277919_mpnn11, skipping interface scoring
Base AF2 filters not passed for 6W1F-pep3_l14_s277919_mpnn12, skipping interface scoring
Base AF2 filters not passed for 6W1F-pep3_l14_s277919_mpnn13, skipping interface scoring
Base AF2 filters not passed for 6W1F-pep3_l14_s277919_mpnn14, skipping interface scoring
Base AF2 filters not passed for 6W1F-pep3_l14_s277919_mpnn15, skipping interface scoring
Base AF2 filters not passed for 6W1F-pep3_l14_s277919_mpnn16, skipping interface scoring
Base AF2 filters not passed for 6W1F-pep3_l14_s277919_mpnn17, skipping interface scoring
Base AF2 filters not passed for 6W1F-pep3_l14_s277919_mpnn18, skipping interface scoring
Base AF2 filters not passed for 6W1F-pep3_l14_s277919_mpnn19, skipping interface scoring
Base AF2 filters not passed for 6W1F-pep3_l14_s277919_mpnn20, skipping interface scoring
Base AF2 filters not passed for 6W1F-pep3_l14_s277919_mpnn21, skipping interface scoring
Base AF2 filters not passed for 6W1F-pep3_l14_s277919_mpnn22, skipping interface scoring
Base AF2 filters not passed for 6W1F-pep3_l14_s277919_mpnn23, skipping interface scoring
Base AF2 filters not passed for 6W1F-pep3_l14_s277919_mpnn24, skipping interface scoring
Base AF2 filters not passed for 6W1F-pep3_l14_s277919_mpnn25, skipping interface scoring
Base AF2 filters not passed for 6W1F-pep3_l14_s277919_mpnn26, skipping interface scoring
Base AF2 filters not passed for 6W1F-pep3_l14_s277919_mpnn27, skipping interface scoring
Base AF2 filters not passed for 6W1F-pep3_l14_s277919_mpnn28, skipping interface scoring
Base AF2 filters not passed for 6W1F-pep3_l14_s277919_mpnn29, skipping interface scoring
Base AF2 filters not passed for 6W1F-pep3_l14_s277919_mpnn30, skipping interface scoring
Base AF2 filters not passed for 6W1F-pep3_l14_s277919_mpnn31, skipping interface scoring
Base AF2 filters not passed for 6W1F-pep3_l14_s277919_mpnn32, skipping interface scoring
Base AF2 filters not passed for 6W1F-pep3_l14_s277919_mpnn33, skipping interface scoring
Base AF2 filters not passed for 6W1F-pep3_l14_s277919_mpnn34, skipping interface scoring
Base AF2 filters not passed for 6W1F-pep3_l14_s277919_mpnn35, skipping interface scoring
Base AF2 filters not passed for 6W1F-pep3_l14_s277919_mpnn36, skipping interface scoring
Base AF2 filters not passed for 6W1F-pep3_l14_s277919_mpnn37, skipping interface scoring
Base AF2 filters not passed for 6W1F-pep3_l14_s277919_mpnn38, skipping interface scoring
Base AF2 filters not passed for 6W1F-pep3_l14_s277919_mpnn39, skipping interface scoring
No accepted MPNN designs found for this trajectory.

Design and validation of trajectory 6W1F-pep3_l14_s277919 took: 0 hours, 12 minutes, 20 seconds

Processing trajectory 6W1F-pep3_l14_s764875
Base AF2 filters not passed for 6W1F-pep3_l14_s764875_mpnn1, skipping interface scoring
Base AF2 filters not passed for 6W1F-pep3_l14_s764875_mpnn2, skipping interface scoring
Base AF2 filters not passed for 6W1F-pep3_l14_s764875_mpnn3, skipping interface scoring
Base AF2 filters not passed for 6W1F-pep3_l14_s764875_mpnn4, skipping interface scoring
Base AF2 filters not passed for 6W1F-pep3_l14_s764875_mpnn5, skipping interface scoring
Base AF2 filters not passed for 6W1F-pep3_l14_s764875_mpnn6, skipping interface scoring
Base AF2 filters not passed for 6W1F-pep3_l14_s764875_mpnn7, skipping interface scoring
Base AF2 filters not passed for 6W1F-pep3_l14_s764875_mpnn8, skipping interface scoring
Base AF2 filters not passed for 6W1F-pep3_l14_s764875_mpnn9, skipping interface scoring
Base AF2 filters not passed for 6W1F-pep3_l14_s764875_mpnn10, skipping interface scoring
Base AF2 filters not passed for 6W1F-pep3_l14_s764875_mpnn11, skipping interface scoring
Base AF2 filters not passed for 6W1F-pep3_l14_s764875_mpnn12, skipping interface scoring
Base AF2 filters not passed for 6W1F-pep3_l14_s764875_mpnn13, skipping interface scoring
Base AF2 filters not passed for 6W1F-pep3_l14_s764875_mpnn14, skipping interface scoring
Base AF2 filters not passed for 6W1F-pep3_l14_s764875_mpnn15, skipping interface scoring
Base AF2 filters not passed for 6W1F-pep3_l14_s764875_mpnn16, skipping interface scoring
Base AF2 filters not passed for 6W1F-pep3_l14_s764875_mpnn17, skipping interface scoring
Base AF2 filters not passed for 6W1F-pep3_l14_s764875_mpnn18, skipping interface scoring
Base AF2 filters not passed for 6W1F-pep3_l14_s764875_mpnn19, skipping interface scoring
Base AF2 filters not passed for 6W1F-pep3_l14_s764875_mpnn20, skipping interface scoring
Base AF2 filters not passed for 6W1F-pep3_l14_s764875_mpnn21, skipping interface scoring
Base AF2 filters not passed for 6W1F-pep3_l14_s764875_mpnn22, skipping interface scoring
Base AF2 filters not passed for 6W1F-pep3_l14_s764875_mpnn23, skipping interface scoring
Base AF2 filters not passed for 6W1F-pep3_l14_s764875_mpnn24, skipping interface scoring
Base AF2 filters not passed for 6W1F-pep3_l14_s764875_mpnn25, skipping interface scoring
Base AF2 filters not passed for 6W1F-pep3_l14_s764875_mpnn26, skipping interface scoring
Base AF2 filters not passed for 6W1F-pep3_l14_s764875_mpnn27, skipping interface scoring
Base AF2 filters not passed for 6W1F-pep3_l14_s764875_mpnn28, skipping interface scoring
Base AF2 filters not passed for 6W1F-pep3_l14_s764875_mpnn29, skipping interface scoring
Base AF2 filters not passed for 6W1F-pep3_l14_s764875_mpnn30, skipping interface scoring
Base AF2 filters not passed for 6W1F-pep3_l14_s764875_mpnn31, skipping interface scoring
Base AF2 filters not passed for 6W1F-pep3_l14_s764875_mpnn32, skipping interface scoring
Base AF2 filters not passed for 6W1F-pep3_l14_s764875_mpnn33, skipping interface scoring
Base AF2 filters not passed for 6W1F-pep3_l14_s764875_mpnn34, skipping interface scoring
Base AF2 filters not passed for 6W1F-pep3_l14_s764875_mpnn35, skipping interface scoring
Base AF2 filters not passed for 6W1F-pep3_l14_s764875_mpnn36, skipping interface scoring
Base AF2 filters not passed for 6W1F-pep3_l14_s764875_mpnn37, skipping interface scoring
Base AF2 filters not passed for 6W1F-pep3_l14_s764875_mpnn38, skipping interface scoring
Base AF2 filters not passed for 6W1F-pep3_l14_s764875_mpnn39, skipping interface scoring
Base AF2 filters not passed for 6W1F-pep3_l14_s764875_mpnn40, skipping interface scoring
Base AF2 filters not passed for 6W1F-pep3_l14_s764875_mpnn41, skipping interface scoring
Base AF2 filters not passed for 6W1F-pep3_l14_s764875_mpnn42, skipping interface scoring
No accepted MPNN designs found for this trajectory.

Design and validation of trajectory 6W1F-pep3_l14_s764875 took: 0 hours, 13 minutes, 31 seconds

Processing trajectory 6W1F-pep3_l14_s790538
Base AF2 filters not passed for 6W1F-pep3_l14_s790538_mpnn1, skipping interface scoring
Base AF2 filters not passed for 6W1F-pep3_l14_s790538_mpnn2, skipping interface scoring
Base AF2 filters not passed for 6W1F-pep3_l14_s790538_mpnn3, skipping interface scoring
Base AF2 filters not passed for 6W1F-pep3_l14_s790538_mpnn4, skipping interface scoring
Base AF2 filters not passed for 6W1F-pep3_l14_s790538_mpnn5, skipping interface scoring
Base AF2 filters not passed for 6W1F-pep3_l14_s790538_mpnn6, skipping interface scoring
Base AF2 filters not passed for 6W1F-pep3_l14_s790538_mpnn7, skipping interface scoring
Base AF2 filters not passed for 6W1F-pep3_l14_s790538_mpnn8, skipping interface scoring
Base AF2 filters not passed for 6W1F-pep3_l14_s790538_mpnn9, skipping interface scoring
Base AF2 filters not passed for 6W1F-pep3_l14_s790538_mpnn10, skipping interface scoring
Base AF2 filters not passed for 6W1F-pep3_l14_s790538_mpnn11, skipping interface scoring
Base AF2 filters not passed for 6W1F-pep3_l14_s790538_mpnn12, skipping interface scoring
Base AF2 filters not passed for 6W1F-pep3_l14_s790538_mpnn13, skipping interface scoring
Base AF2 filters not passed for 6W1F-pep3_l14_s790538_mpnn14, skipping interface scoring
Base AF2 filters not passed for 6W1F-pep3_l14_s790538_mpnn15, skipping interface scoring
Base AF2 filters not passed for 6W1F-pep3_l14_s790538_mpnn16, skipping interface scoring
Base AF2 filters not passed for 6W1F-pep3_l14_s790538_mpnn17, skipping interface scoring
Base AF2 filters not passed for 6W1F-pep3_l14_s790538_mpnn18, skipping interface scoring
Base AF2 filters not passed for 6W1F-pep3_l14_s790538_mpnn19, skipping interface scoring
Base AF2 filters not passed for 6W1F-pep3_l14_s790538_mpnn20, skipping interface scoring
Base AF2 filters not passed for 6W1F-pep3_l14_s790538_mpnn21, skipping interface scoring
Base AF2 filters not passed for 6W1F-pep3_l14_s790538_mpnn22, skipping interface scoring
Base AF2 filters not passed for 6W1F-pep3_l14_s790538_mpnn23, skipping interface scoring
Base AF2 filters not passed for 6W1F-pep3_l14_s790538_mpnn24, skipping interface scoring
Base AF2 filters not passed for 6W1F-pep3_l14_s790538_mpnn25, skipping interface scoring
Base AF2 filters not passed for 6W1F-pep3_l14_s790538_mpnn26, skipping interface scoring
Base AF2 filters not passed for 6W1F-pep3_l14_s790538_mpnn27, skipping interface scoring
Base AF2 filters not passed for 6W1F-pep3_l14_s790538_mpnn28, skipping interface scoring
Base AF2 filters not passed for 6W1F-pep3_l14_s790538_mpnn29, skipping interface scoring
Base AF2 filters not passed for 6W1F-pep3_l14_s790538_mpnn30, skipping interface scoring
Base AF2 filters not passed for 6W1F-pep3_l14_s790538_mpnn31, skipping interface scoring
Base AF2 filters not passed for 6W1F-pep3_l14_s790538_mpnn32, skipping interface scoring
Base AF2 filters not passed for 6W1F-pep3_l14_s790538_mpnn33, skipping interface scoring
Base AF2 filters not passed for 6W1F-pep3_l14_s790538_mpnn34, skipping interface scoring
Base AF2 filters not passed for 6W1F-pep3_l14_s790538_mpnn35, skipping interface scoring
Base AF2 filters not passed for 6W1F-pep3_l14_s790538_mpnn36, skipping interface scoring
Base AF2 filters not passed for 6W1F-pep3_l14_s790538_mpnn37, skipping interface scoring
Base AF2 filters not passed for 6W1F-pep3_l14_s790538_mpnn38, skipping interface scoring
Base AF2 filters not passed for 6W1F-pep3_l14_s790538_mpnn39, skipping interface scoring
No accepted MPNN designs found for this trajectory.

Design and validation of trajectory 6W1F-pep3_l14_s790538 took: 0 hours, 12 minutes, 20 seconds

Processing trajectory 6W1F-pep3_l17_s794698
Base AF2 filters not passed for 6W1F-pep3_l17_s794698_mpnn1, skipping interface scoring
Base AF2 filters not passed for 6W1F-pep3_l17_s794698_mpnn2, skipping interface scoring
Base AF2 filters not passed for 6W1F-pep3_l17_s794698_mpnn3, skipping interface scoring
Base AF2 filters not passed for 6W1F-pep3_l17_s794698_mpnn4, skipping interface scoring
Base AF2 filters not passed for 6W1F-pep3_l17_s794698_mpnn5, skipping interface scoring
Base AF2 filters not passed for 6W1F-pep3_l17_s794698_mpnn6, skipping interface scoring
Base AF2 filters not passed for 6W1F-pep3_l17_s794698_mpnn7, skipping interface scoring
Base AF2 filters not passed for 6W1F-pep3_l17_s794698_mpnn8, skipping interface scoring
Base AF2 filters not passed for 6W1F-pep3_l17_s794698_mpnn9, skipping interface scoring
Base AF2 filters not passed for 6W1F-pep3_l17_s794698_mpnn10, skipping interface scoring
Base AF2 filters not passed for 6W1F-pep3_l17_s794698_mpnn11, skipping interface scoring
Base AF2 filters not passed for 6W1F-pep3_l17_s794698_mpnn12, skipping interface scoring
Base AF2 filters not passed for 6W1F-pep3_l17_s794698_mpnn13, skipping interface scoring
Base AF2 filters not passed for 6W1F-pep3_l17_s794698_mpnn14, skipping interface scoring
Base AF2 filters not passed for 6W1F-pep3_l17_s794698_mpnn15, skipping interface scoring
Base AF2 filters not passed for 6W1F-pep3_l17_s794698_mpnn16, skipping interface scoring
Base AF2 filters not passed for 6W1F-pep3_l17_s794698_mpnn17, skipping interface scoring
Base AF2 filters not passed for 6W1F-pep3_l17_s794698_mpnn18, skipping interface scoring
Base AF2 filters not passed for 6W1F-pep3_l17_s794698_mpnn19, skipping interface scoring
Base AF2 filters not passed for 6W1F-pep3_l17_s794698_mpnn20, skipping interface scoring
Base AF2 filters not passed for 6W1F-pep3_l17_s794698_mpnn21, skipping interface scoring
Base AF2 filters not passed for 6W1F-pep3_l17_s794698_mpnn22, skipping interface scoring
Base AF2 filters not passed for 6W1F-pep3_l17_s794698_mpnn23, skipping interface scoring
Base AF2 filters not passed for 6W1F-pep3_l17_s794698_mpnn24, skipping interface scoring
Base AF2 filters not passed for 6W1F-pep3_l17_s794698_mpnn25, skipping interface scoring
Base AF2 filters not passed for 6W1F-pep3_l17_s794698_mpnn26, skipping interface scoring
Base AF2 filters not passed for 6W1F-pep3_l17_s794698_mpnn27, skipping interface scoring
Base AF2 filters not passed for 6W1F-pep3_l17_s794698_mpnn28, skipping interface scoring
Base AF2 filters not passed for 6W1F-pep3_l17_s794698_mpnn29, skipping interface scoring
Base AF2 filters not passed for 6W1F-pep3_l17_s794698_mpnn30, skipping interface scoring
Base AF2 filters not passed for 6W1F-pep3_l17_s794698_mpnn31, skipping interface scoring
Base AF2 filters not passed for 6W1F-pep3_l17_s794698_mpnn32, skipping interface scoring
Base AF2 filters not passed for 6W1F-pep3_l17_s794698_mpnn33, skipping interface scoring
Base AF2 filters not passed for 6W1F-pep3_l17_s794698_mpnn34, skipping interface scoring
Base AF2 filters not passed for 6W1F-pep3_l17_s794698_mpnn35, skipping interface scoring
Base AF2 filters not passed for 6W1F-pep3_l17_s794698_mpnn36, skipping interface scoring
Base AF2 filters not passed for 6W1F-pep3_l17_s794698_mpnn37, skipping interface scoring
Base AF2 filters not passed for 6W1F-pep3_l17_s794698_mpnn38, skipping interface scoring
Base AF2 filters not passed for 6W1F-pep3_l17_s794698_mpnn39, skipping interface scoring
Base AF2 filters not passed for 6W1F-pep3_l17_s794698_mpnn40, skipping interface scoring
Base AF2 filters not passed for 6W1F-pep3_l17_s794698_mpnn41, skipping interface scoring
Base AF2 filters not passed for 6W1F-pep3_l17_s794698_mpnn42, skipping interface scoring
Base AF2 filters not passed for 6W1F-pep3_l17_s794698_mpnn43, skipping interface scoring
Base AF2 filters not passed for 6W1F-pep3_l17_s794698_mpnn44, skipping interface scoring
Base AF2 filters not passed for 6W1F-pep3_l17_s794698_mpnn45, skipping interface scoring
Base AF2 filters not passed for 6W1F-pep3_l17_s794698_mpnn46, skipping interface scoring
Base AF2 filters not passed for 6W1F-pep3_l17_s794698_mpnn47, skipping interface scoring
Base AF2 filters not passed for 6W1F-pep3_l17_s794698_mpnn48, skipping interface scoring
No accepted MPNN designs found for this trajectory.

Design and validation of trajectory 6W1F-pep3_l17_s794698 took: 0 hours, 16 minutes, 7 seconds

Processing trajectory 6W1F-pep3_l14_s952461
Base AF2 filters not passed for 6W1F-pep3_l14_s952461_mpnn1, skipping interface scoring
Base AF2 filters not passed for 6W1F-pep3_l14_s952461_mpnn2, skipping interface scoring
Base AF2 filters not passed for 6W1F-pep3_l14_s952461_mpnn3, skipping interface scoring
Base AF2 filters not passed for 6W1F-pep3_l14_s952461_mpnn4, skipping interface scoring
Base AF2 filters not passed for 6W1F-pep3_l14_s952461_mpnn5, skipping interface scoring
Base AF2 filters not passed for 6W1F-pep3_l14_s952461_mpnn6, skipping interface scoring
Base AF2 filters not passed for 6W1F-pep3_l14_s952461_mpnn7, skipping interface scoring
Base AF2 filters not passed for 6W1F-pep3_l14_s952461_mpnn8, skipping interface scoring
Base AF2 filters not passed for 6W1F-pep3_l14_s952461_mpnn9, skipping interface scoring
Base AF2 filters not passed for 6W1F-pep3_l14_s952461_mpnn10, skipping interface scoring
Base AF2 filters not passed for 6W1F-pep3_l14_s952461_mpnn11, skipping interface scoring
Base AF2 filters not passed for 6W1F-pep3_l14_s952461_mpnn12, skipping interface scoring
Base AF2 filters not passed for 6W1F-pep3_l14_s952461_mpnn13, skipping interface scoring
Base AF2 filters not passed for 6W1F-pep3_l14_s952461_mpnn14, skipping interface scoring
Base AF2 filters not passed for 6W1F-pep3_l14_s952461_mpnn15, skipping interface scoring
Base AF2 filters not passed for 6W1F-pep3_l14_s952461_mpnn16, skipping interface scoring
Base AF2 filters not passed for 6W1F-pep3_l14_s952461_mpnn17, skipping interface scoring
Base AF2 filters not passed for 6W1F-pep3_l14_s952461_mpnn18, skipping interface scoring
Base AF2 filters not passed for 6W1F-pep3_l14_s952461_mpnn19, skipping interface scoring
Base AF2 filters not passed for 6W1F-pep3_l14_s952461_mpnn20, skipping interface scoring
Base AF2 filters not passed for 6W1F-pep3_l14_s952461_mpnn21, skipping interface scoring
Base AF2 filters not passed for 6W1F-pep3_l14_s952461_mpnn22, skipping interface scoring
Base AF2 filters not passed for 6W1F-pep3_l14_s952461_mpnn23, skipping interface scoring
Base AF2 filters not passed for 6W1F-pep3_l14_s952461_mpnn24, skipping interface scoring
Base AF2 filters not passed for 6W1F-pep3_l14_s952461_mpnn25, skipping interface scoring
Base AF2 filters not passed for 6W1F-pep3_l14_s952461_mpnn26, skipping interface scoring
Base AF2 filters not passed for 6W1F-pep3_l14_s952461_mpnn27, skipping interface scoring
Base AF2 filters not passed for 6W1F-pep3_l14_s952461_mpnn28, skipping interface scoring
Base AF2 filters not passed for 6W1F-pep3_l14_s952461_mpnn29, skipping interface scoring
Base AF2 filters not passed for 6W1F-pep3_l14_s952461_mpnn30, skipping interface scoring
Base AF2 filters not passed for 6W1F-pep3_l14_s952461_mpnn31, skipping interface scoring
Base AF2 filters not passed for 6W1F-pep3_l14_s952461_mpnn32, skipping interface scoring
Base AF2 filters not passed for 6W1F-pep3_l14_s952461_mpnn33, skipping interface scoring
Base AF2 filters not passed for 6W1F-pep3_l14_s952461_mpnn34, skipping interface scoring
Base AF2 filters not passed for 6W1F-pep3_l14_s952461_mpnn35, skipping interface scoring
Base AF2 filters not passed for 6W1F-pep3_l14_s952461_mpnn36, skipping interface scoring
Base AF2 filters not passed for 6W1F-pep3_l14_s952461_mpnn37, skipping interface scoring
Base AF2 filters not passed for 6W1F-pep3_l14_s952461_mpnn38, skipping interface scoring
Base AF2 filters not passed for 6W1F-pep3_l14_s952461_mpnn39, skipping interface scoring
Base AF2 filters not passed for 6W1F-pep3_l14_s952461_mpnn40, skipping interface scoring
Base AF2 filters not passed for 6W1F-pep3_l14_s952461_mpnn41, skipping interface scoring
No accepted MPNN designs found for this trajectory.

Design and validation of trajectory 6W1F-pep3_l14_s952461 took: 0 hours, 12 minutes, 56 seconds

Processing trajectory 6W1F-pep3_l15_s580401
Base AF2 filters not passed for 6W1F-pep3_l15_s580401_mpnn1, skipping interface scoring
Base AF2 filters not passed for 6W1F-pep3_l15_s580401_mpnn2, skipping interface scoring
Base AF2 filters not passed for 6W1F-pep3_l15_s580401_mpnn3, skipping interface scoring
Base AF2 filters not passed for 6W1F-pep3_l15_s580401_mpnn4, skipping interface scoring
Base AF2 filters not passed for 6W1F-pep3_l15_s580401_mpnn5, skipping interface scoring
Base AF2 filters not passed for 6W1F-pep3_l15_s580401_mpnn6, skipping interface scoring
Base AF2 filters not passed for 6W1F-pep3_l15_s580401_mpnn7, skipping interface scoring
Base AF2 filters not passed for 6W1F-pep3_l15_s580401_mpnn8, skipping interface scoring
Base AF2 filters not passed for 6W1F-pep3_l15_s580401_mpnn9, skipping interface scoring
Base AF2 filters not passed for 6W1F-pep3_l15_s580401_mpnn10, skipping interface scoring
Base AF2 filters not passed for 6W1F-pep3_l15_s580401_mpnn11, skipping interface scoring
Base AF2 filters not passed for 6W1F-pep3_l15_s580401_mpnn12, skipping interface scoring
Base AF2 filters not passed for 6W1F-pep3_l15_s580401_mpnn13, skipping interface scoring
Base AF2 filters not passed for 6W1F-pep3_l15_s580401_mpnn14, skipping interface scoring
Base AF2 filters not passed for 6W1F-pep3_l15_s580401_mpnn15, skipping interface scoring
Base AF2 filters not passed for 6W1F-pep3_l15_s580401_mpnn16, skipping interface scoring
Base AF2 filters not passed for 6W1F-pep3_l15_s580401_mpnn17, skipping interface scoring
Base AF2 filters not passed for 6W1F-pep3_l15_s580401_mpnn18, skipping interface scoring
Base AF2 filters not passed for 6W1F-pep3_l15_s580401_mpnn19, skipping interface scoring
Base AF2 filters not passed for 6W1F-pep3_l15_s580401_mpnn20, skipping interface scoring
Base AF2 filters not passed for 6W1F-pep3_l15_s580401_mpnn21, skipping interface scoring
Base AF2 filters not passed for 6W1F-pep3_l15_s580401_mpnn22, skipping interface scoring
Base AF2 filters not passed for 6W1F-pep3_l15_s580401_mpnn23, skipping interface scoring
Base AF2 filters not passed for 6W1F-pep3_l15_s580401_mpnn24, skipping interface scoring
Base AF2 filters not passed for 6W1F-pep3_l15_s580401_mpnn25, skipping interface scoring
Base AF2 filters not passed for 6W1F-pep3_l15_s580401_mpnn26, skipping interface scoring
Base AF2 filters not passed for 6W1F-pep3_l15_s580401_mpnn27, skipping interface scoring
Base AF2 filters not passed for 6W1F-pep3_l15_s580401_mpnn28, skipping interface scoring
Base AF2 filters not passed for 6W1F-pep3_l15_s580401_mpnn29, skipping interface scoring
Base AF2 filters not passed for 6W1F-pep3_l15_s580401_mpnn30, skipping interface scoring
Base AF2 filters not passed for 6W1F-pep3_l15_s580401_mpnn31, skipping interface scoring
Base AF2 filters not passed for 6W1F-pep3_l15_s580401_mpnn32, skipping interface scoring
Base AF2 filters not passed for 6W1F-pep3_l15_s580401_mpnn33, skipping interface scoring
Base AF2 filters not passed for 6W1F-pep3_l15_s580401_mpnn34, skipping interface scoring
Base AF2 filters not passed for 6W1F-pep3_l15_s580401_mpnn35, skipping interface scoring
Base AF2 filters not passed for 6W1F-pep3_l15_s580401_mpnn36, skipping interface scoring
Base AF2 filters not passed for 6W1F-pep3_l15_s580401_mpnn37, skipping interface scoring
Base AF2 filters not passed for 6W1F-pep3_l15_s580401_mpnn38, skipping interface scoring
Base AF2 filters not passed for 6W1F-pep3_l15_s580401_mpnn39, skipping interface scoring
Base AF2 filters not passed for 6W1F-pep3_l15_s580401_mpnn40, skipping interface scoring
No accepted MPNN designs found for this trajectory.

Design and validation of trajectory 6W1F-pep3_l15_s580401 took: 0 hours, 12 minutes, 34 seconds

Processing trajectory 6W1F-pep3_l14_s851887
Base AF2 filters not passed for 6W1F-pep3_l14_s851887_mpnn1, skipping interface scoring
Base AF2 filters not passed for 6W1F-pep3_l14_s851887_mpnn2, skipping interface scoring
Base AF2 filters not passed for 6W1F-pep3_l14_s851887_mpnn3, skipping interface scoring
Base AF2 filters not passed for 6W1F-pep3_l14_s851887_mpnn4, skipping interface scoring
Base AF2 filters not passed for 6W1F-pep3_l14_s851887_mpnn5, skipping interface scoring
Base AF2 filters not passed for 6W1F-pep3_l14_s851887_mpnn6, skipping interface scoring
Base AF2 filters not passed for 6W1F-pep3_l14_s851887_mpnn7, skipping interface scoring
Base AF2 filters not passed for 6W1F-pep3_l14_s851887_mpnn8, skipping interface scoring
Base AF2 filters not passed for 6W1F-pep3_l14_s851887_mpnn9, skipping interface scoring
Base AF2 filters not passed for 6W1F-pep3_l14_s851887_mpnn10, skipping interface scoring
Base AF2 filters not passed for 6W1F-pep3_l14_s851887_mpnn11, skipping interface scoring
Base AF2 filters not passed for 6W1F-pep3_l14_s851887_mpnn12, skipping interface scoring
Base AF2 filters not passed for 6W1F-pep3_l14_s851887_mpnn13, skipping interface scoring
Base AF2 filters not passed for 6W1F-pep3_l14_s851887_mpnn14, skipping interface scoring
Base AF2 filters not passed for 6W1F-pep3_l14_s851887_mpnn15, skipping interface scoring
Base AF2 filters not passed for 6W1F-pep3_l14_s851887_mpnn16, skipping interface scoring
Base AF2 filters not passed for 6W1F-pep3_l14_s851887_mpnn17, skipping interface scoring
Base AF2 filters not passed for 6W1F-pep3_l14_s851887_mpnn18, skipping interface scoring
Base AF2 filters not passed for 6W1F-pep3_l14_s851887_mpnn19, skipping interface scoring
Base AF2 filters not passed for 6W1F-pep3_l14_s851887_mpnn20, skipping interface scoring
Base AF2 filters not passed for 6W1F-pep3_l14_s851887_mpnn21, skipping interface scoring
Base AF2 filters not passed for 6W1F-pep3_l14_s851887_mpnn22, skipping interface scoring
Base AF2 filters not passed for 6W1F-pep3_l14_s851887_mpnn23, skipping interface scoring
Base AF2 filters not passed for 6W1F-pep3_l14_s851887_mpnn24, skipping interface scoring
Base AF2 filters not passed for 6W1F-pep3_l14_s851887_mpnn25, skipping interface scoring
Base AF2 filters not passed for 6W1F-pep3_l14_s851887_mpnn26, skipping interface scoring
Base AF2 filters not passed for 6W1F-pep3_l14_s851887_mpnn27, skipping interface scoring
Base AF2 filters not passed for 6W1F-pep3_l14_s851887_mpnn28, skipping interface scoring
Base AF2 filters not passed for 6W1F-pep3_l14_s851887_mpnn29, skipping interface scoring
Base AF2 filters not passed for 6W1F-pep3_l14_s851887_mpnn30, skipping interface scoring
Base AF2 filters not passed for 6W1F-pep3_l14_s851887_mpnn31, skipping interface scoring
Base AF2 filters not passed for 6W1F-pep3_l14_s851887_mpnn32, skipping interface scoring
Base AF2 filters not passed for 6W1F-pep3_l14_s851887_mpnn33, skipping interface scoring
Base AF2 filters not passed for 6W1F-pep3_l14_s851887_mpnn34, skipping interface scoring
Base AF2 filters not passed for 6W1F-pep3_l14_s851887_mpnn35, skipping interface scoring
Base AF2 filters not passed for 6W1F-pep3_l14_s851887_mpnn36, skipping interface scoring
No accepted MPNN designs found for this trajectory.

Design and validation of trajectory 6W1F-pep3_l14_s851887 took: 0 hours, 11 minutes, 26 seconds

Processing trajectory 6W1F-pep3_l14_s897127
Base AF2 filters not passed for 6W1F-pep3_l14_s897127_mpnn1, skipping interface scoring
Base AF2 filters not passed for 6W1F-pep3_l14_s897127_mpnn2, skipping interface scoring
Base AF2 filters not passed for 6W1F-pep3_l14_s897127_mpnn3, skipping interface scoring
Base AF2 filters not passed for 6W1F-pep3_l14_s897127_mpnn4, skipping interface scoring
Base AF2 filters not passed for 6W1F-pep3_l14_s897127_mpnn5, skipping interface scoring
Unmet filter conditions for 6W1F-pep3_l14_s897127_mpnn6
Base AF2 filters not passed for 6W1F-pep3_l14_s897127_mpnn7, skipping interface scoring
Base AF2 filters not passed for 6W1F-pep3_l14_s897127_mpnn8, skipping interface scoring
Base AF2 filters not passed for 6W1F-pep3_l14_s897127_mpnn9, skipping interface scoring
6W1F-pep3_l14_s897127_mpnn10 passed all filters
Base AF2 filters not passed for 6W1F-pep3_l14_s897127_mpnn11, skipping interface scoring
Base AF2 filters not passed for 6W1F-pep3_l14_s897127_mpnn12, skipping interface scoring
6W1F-pep3_l14_s897127_mpnn13 passed all filters
Base AF2 filters not passed for 6W1F-pep3_l14_s897127_mpnn14, skipping interface scoring
6W1F-pep3_l14_s897127_mpnn15 passed all filters
Base AF2 filters not passed for 6W1F-pep3_l14_s897127_mpnn16, skipping interface scoring
Base AF2 filters not passed for 6W1F-pep3_l14_s897127_mpnn17, skipping interface scoring
Base AF2 filters not passed for 6W1F-pep3_l14_s897127_mpnn18, skipping interface scoring
Base AF2 filters not passed for 6W1F-pep3_l14_s897127_mpnn19, skipping interface scoring
Base AF2 filters not passed for 6W1F-pep3_l14_s897127_mpnn20, skipping interface scoring
Base AF2 filters not passed for 6W1F-pep3_l14_s897127_mpnn21, skipping interface scoring
Base AF2 filters not passed for 6W1F-pep3_l14_s897127_mpnn22, skipping interface scoring
Base AF2 filters not passed for 6W1F-pep3_l14_s897127_mpnn23, skipping interface scoring
Base AF2 filters not passed for 6W1F-pep3_l14_s897127_mpnn24, skipping interface scoring
Unmet filter conditions for 6W1F-pep3_l14_s897127_mpnn25
Unmet filter conditions for 6W1F-pep3_l14_s897127_mpnn26
Base AF2 filters not passed for 6W1F-pep3_l14_s897127_mpnn27, skipping interface scoring
Base AF2 filters not passed for 6W1F-pep3_l14_s897127_mpnn28, skipping interface scoring
Base AF2 filters not passed for 6W1F-pep3_l14_s897127_mpnn29, skipping interface scoring
6W1F-pep3_l14_s897127_mpnn30 passed all filters
Base AF2 filters not passed for 6W1F-pep3_l14_s897127_mpnn31, skipping interface scoring
Unmet filter conditions for 6W1F-pep3_l14_s897127_mpnn32
Base AF2 filters not passed for 6W1F-pep3_l14_s897127_mpnn33, skipping interface scoring
Base AF2 filters not passed for 6W1F-pep3_l14_s897127_mpnn34, skipping interface scoring
Base AF2 filters not passed for 6W1F-pep3_l14_s897127_mpnn35, skipping interface scoring
Base AF2 filters not passed for 6W1F-pep3_l14_s897127_mpnn36, skipping interface scoring
Base AF2 filters not passed for 6W1F-pep3_l14_s897127_mpnn37, skipping interface scoring
Base AF2 filters not passed for 6W1F-pep3_l14_s897127_mpnn38, skipping interface scoring
Base AF2 filters not passed for 6W1F-pep3_l14_s897127_mpnn39, skipping interface scoring
Found 4 MPNN designs passing filters

Design and validation of trajectory 6W1F-pep3_l14_s897127 took: 1 hours, 2 minutes, 38 seconds

Processing trajectory 6W1F-pep3_l13_s334881
Base AF2 filters not passed for 6W1F-pep3_l13_s334881_mpnn1, skipping interface scoring
Base AF2 filters not passed for 6W1F-pep3_l13_s334881_mpnn2, skipping interface scoring
Base AF2 filters not passed for 6W1F-pep3_l13_s334881_mpnn3, skipping interface scoring
Base AF2 filters not passed for 6W1F-pep3_l13_s334881_mpnn4, skipping interface scoring
Base AF2 filters not passed for 6W1F-pep3_l13_s334881_mpnn5, skipping interface scoring
Base AF2 filters not passed for 6W1F-pep3_l13_s334881_mpnn6, skipping interface scoring
Base AF2 filters not passed for 6W1F-pep3_l13_s334881_mpnn7, skipping interface scoring
Base AF2 filters not passed for 6W1F-pep3_l13_s334881_mpnn8, skipping interface scoring
Base AF2 filters not passed for 6W1F-pep3_l13_s334881_mpnn9, skipping interface scoring
Base AF2 filters not passed for 6W1F-pep3_l13_s334881_mpnn10, skipping interface scoring
Base AF2 filters not passed for 6W1F-pep3_l13_s334881_mpnn11, skipping interface scoring
Base AF2 filters not passed for 6W1F-pep3_l13_s334881_mpnn12, skipping interface scoring
Base AF2 filters not passed for 6W1F-pep3_l13_s334881_mpnn13, skipping interface scoring
Base AF2 filters not passed for 6W1F-pep3_l13_s334881_mpnn14, skipping interface scoring
Base AF2 filters not passed for 6W1F-pep3_l13_s334881_mpnn15, skipping interface scoring
Base AF2 filters not passed for 6W1F-pep3_l13_s334881_mpnn16, skipping interface scoring
Base AF2 filters not passed for 6W1F-pep3_l13_s334881_mpnn17, skipping interface scoring
Base AF2 filters not passed for 6W1F-pep3_l13_s334881_mpnn18, skipping interface scoring
Base AF2 filters not passed for 6W1F-pep3_l13_s334881_mpnn19, skipping interface scoring
Base AF2 filters not passed for 6W1F-pep3_l13_s334881_mpnn20, skipping interface scoring
Base AF2 filters not passed for 6W1F-pep3_l13_s334881_mpnn21, skipping interface scoring
Base AF2 filters not passed for 6W1F-pep3_l13_s334881_mpnn22, skipping interface scoring
Base AF2 filters not passed for 6W1F-pep3_l13_s334881_mpnn23, skipping interface scoring
Base AF2 filters not passed for 6W1F-pep3_l13_s334881_mpnn24, skipping interface scoring
Base AF2 filters not passed for 6W1F-pep3_l13_s334881_mpnn25, skipping interface scoring
Base AF2 filters not passed for 6W1F-pep3_l13_s334881_mpnn26, skipping interface scoring
Base AF2 filters not passed for 6W1F-pep3_l13_s334881_mpnn27, skipping interface scoring
Base AF2 filters not passed for 6W1F-pep3_l13_s334881_mpnn28, skipping interface scoring
Base AF2 filters not passed for 6W1F-pep3_l13_s334881_mpnn29, skipping interface scoring
Base AF2 filters not passed for 6W1F-pep3_l13_s334881_mpnn30, skipping interface scoring
Base AF2 filters not passed for 6W1F-pep3_l13_s334881_mpnn31, skipping interface scoring
Base AF2 filters not passed for 6W1F-pep3_l13_s334881_mpnn32, skipping interface scoring
Base AF2 filters not passed for 6W1F-pep3_l13_s334881_mpnn33, skipping interface scoring
Base AF2 filters not passed for 6W1F-pep3_l13_s334881_mpnn34, skipping interface scoring
Base AF2 filters not passed for 6W1F-pep3_l13_s334881_mpnn35, skipping interface scoring
Base AF2 filters not passed for 6W1F-pep3_l13_s334881_mpnn36, skipping interface scoring
Base AF2 filters not passed for 6W1F-pep3_l13_s334881_mpnn37, skipping interface scoring
Base AF2 filters not passed for 6W1F-pep3_l13_s334881_mpnn38, skipping interface scoring
No accepted MPNN designs found for this trajectory.

Design and validation of trajectory 6W1F-pep3_l13_s334881 took: 0 hours, 11 minutes, 53 seconds

Processing trajectory 6W1F-pep3_l13_s767888
Base AF2 filters not passed for 6W1F-pep3_l13_s767888_mpnn1, skipping interface scoring
Base AF2 filters not passed for 6W1F-pep3_l13_s767888_mpnn2, skipping interface scoring
Base AF2 filters not passed for 6W1F-pep3_l13_s767888_mpnn3, skipping interface scoring
Base AF2 filters not passed for 6W1F-pep3_l13_s767888_mpnn4, skipping interface scoring
Base AF2 filters not passed for 6W1F-pep3_l13_s767888_mpnn5, skipping interface scoring
Base AF2 filters not passed for 6W1F-pep3_l13_s767888_mpnn6, skipping interface scoring
Base AF2 filters not passed for 6W1F-pep3_l13_s767888_mpnn7, skipping interface scoring
Base AF2 filters not passed for 6W1F-pep3_l13_s767888_mpnn8, skipping interface scoring
Base AF2 filters not passed for 6W1F-pep3_l13_s767888_mpnn9, skipping interface scoring
Base AF2 filters not passed for 6W1F-pep3_l13_s767888_mpnn10, skipping interface scoring
Base AF2 filters not passed for 6W1F-pep3_l13_s767888_mpnn11, skipping interface scoring
Base AF2 filters not passed for 6W1F-pep3_l13_s767888_mpnn12, skipping interface scoring
Base AF2 filters not passed for 6W1F-pep3_l13_s767888_mpnn13, skipping interface scoring
Base AF2 filters not passed for 6W1F-pep3_l13_s767888_mpnn14, skipping interface scoring
Base AF2 filters not passed for 6W1F-pep3_l13_s767888_mpnn15, skipping interface scoring
Base AF2 filters not passed for 6W1F-pep3_l13_s767888_mpnn16, skipping interface scoring
Base AF2 filters not passed for 6W1F-pep3_l13_s767888_mpnn17, skipping interface scoring
Base AF2 filters not passed for 6W1F-pep3_l13_s767888_mpnn18, skipping interface scoring
Base AF2 filters not passed for 6W1F-pep3_l13_s767888_mpnn19, skipping interface scoring
6W1F-pep3_l13_s767888_mpnn20 passed all filters
Base AF2 filters not passed for 6W1F-pep3_l13_s767888_mpnn21, skipping interface scoring
Base AF2 filters not passed for 6W1F-pep3_l13_s767888_mpnn22, skipping interface scoring
Base AF2 filters not passed for 6W1F-pep3_l13_s767888_mpnn23, skipping interface scoring
Base AF2 filters not passed for 6W1F-pep3_l13_s767888_mpnn24, skipping interface scoring
Base AF2 filters not passed for 6W1F-pep3_l13_s767888_mpnn25, skipping interface scoring
Found 1 MPNN designs passing filters

Design and validation of trajectory 6W1F-pep3_l13_s767888 took: 0 hours, 16 minutes, 33 seconds

Processing trajectory 6W1F-pep3_l13_s496437
Base AF2 filters not passed for 6W1F-pep3_l13_s496437_mpnn1, skipping interface scoring
Base AF2 filters not passed for 6W1F-pep3_l13_s496437_mpnn2, skipping interface scoring
Base AF2 filters not passed for 6W1F-pep3_l13_s496437_mpnn3, skipping interface scoring
Base AF2 filters not passed for 6W1F-pep3_l13_s496437_mpnn4, skipping interface scoring
Base AF2 filters not passed for 6W1F-pep3_l13_s496437_mpnn5, skipping interface scoring
Base AF2 filters not passed for 6W1F-pep3_l13_s496437_mpnn6, skipping interface scoring
Base AF2 filters not passed for 6W1F-pep3_l13_s496437_mpnn7, skipping interface scoring
Base AF2 filters not passed for 6W1F-pep3_l13_s496437_mpnn8, skipping interface scoring
Base AF2 filters not passed for 6W1F-pep3_l13_s496437_mpnn9, skipping interface scoring
Base AF2 filters not passed for 6W1F-pep3_l13_s496437_mpnn10, skipping interface scoring
Base AF2 filters not passed for 6W1F-pep3_l13_s496437_mpnn11, skipping interface scoring
Base AF2 filters not passed for 6W1F-pep3_l13_s496437_mpnn12, skipping interface scoring
Base AF2 filters not passed for 6W1F-pep3_l13_s496437_mpnn13, skipping interface scoring
Base AF2 filters not passed for 6W1F-pep3_l13_s496437_mpnn14, skipping interface scoring
Base AF2 filters not passed for 6W1F-pep3_l13_s496437_mpnn15, skipping interface scoring
Base AF2 filters not passed for 6W1F-pep3_l13_s496437_mpnn16, skipping interface scoring
Base AF2 filters not passed for 6W1F-pep3_l13_s496437_mpnn17, skipping interface scoring
Base AF2 filters not passed for 6W1F-pep3_l13_s496437_mpnn18, skipping interface scoring
Base AF2 filters not passed for 6W1F-pep3_l13_s496437_mpnn19, skipping interface scoring
Base AF2 filters not passed for 6W1F-pep3_l13_s496437_mpnn20, skipping interface scoring
Base AF2 filters not passed for 6W1F-pep3_l13_s496437_mpnn21, skipping interface scoring
Base AF2 filters not passed for 6W1F-pep3_l13_s496437_mpnn22, skipping interface scoring
Base AF2 filters not passed for 6W1F-pep3_l13_s496437_mpnn23, skipping interface scoring
Base AF2 filters not passed for 6W1F-pep3_l13_s496437_mpnn24, skipping interface scoring
Base AF2 filters not passed for 6W1F-pep3_l13_s496437_mpnn25, skipping interface scoring
Base AF2 filters not passed for 6W1F-pep3_l13_s496437_mpnn26, skipping interface scoring
Base AF2 filters not passed for 6W1F-pep3_l13_s496437_mpnn27, skipping interface scoring
Base AF2 filters not passed for 6W1F-pep3_l13_s496437_mpnn28, skipping interface scoring
Base AF2 filters not passed for 6W1F-pep3_l13_s496437_mpnn29, skipping interface scoring
Base AF2 filters not passed for 6W1F-pep3_l13_s496437_mpnn30, skipping interface scoring
Base AF2 filters not passed for 6W1F-pep3_l13_s496437_mpnn31, skipping interface scoring
Base AF2 filters not passed for 6W1F-pep3_l13_s496437_mpnn32, skipping interface scoring
Base AF2 filters not passed for 6W1F-pep3_l13_s496437_mpnn33, skipping interface scoring
Base AF2 filters not passed for 6W1F-pep3_l13_s496437_mpnn34, skipping interface scoring
Base AF2 filters not passed for 6W1F-pep3_l13_s496437_mpnn35, skipping interface scoring
Base AF2 filters not passed for 6W1F-pep3_l13_s496437_mpnn36, skipping interface scoring
No accepted MPNN designs found for this trajectory.

Design and validation of trajectory 6W1F-pep3_l13_s496437 took: 0 hours, 12 minutes, 11 seconds

Processing trajectory 6W1F-pep3_l14_s999796
Base AF2 filters not passed for 6W1F-pep3_l14_s999796_mpnn1, skipping interface scoring
Base AF2 filters not passed for 6W1F-pep3_l14_s999796_mpnn2, skipping interface scoring
Base AF2 filters not passed for 6W1F-pep3_l14_s999796_mpnn3, skipping interface scoring
Base AF2 filters not passed for 6W1F-pep3_l14_s999796_mpnn4, skipping interface scoring
Base AF2 filters not passed for 6W1F-pep3_l14_s999796_mpnn5, skipping interface scoring
Base AF2 filters not passed for 6W1F-pep3_l14_s999796_mpnn6, skipping interface scoring
Base AF2 filters not passed for 6W1F-pep3_l14_s999796_mpnn7, skipping interface scoring
Base AF2 filters not passed for 6W1F-pep3_l14_s999796_mpnn8, skipping interface scoring
Base AF2 filters not passed for 6W1F-pep3_l14_s999796_mpnn9, skipping interface scoring
Base AF2 filters not passed for 6W1F-pep3_l14_s999796_mpnn10, skipping interface scoring
Base AF2 filters not passed for 6W1F-pep3_l14_s999796_mpnn11, skipping interface scoring
Base AF2 filters not passed for 6W1F-pep3_l14_s999796_mpnn12, skipping interface scoring
Base AF2 filters not passed for 6W1F-pep3_l14_s999796_mpnn13, skipping interface scoring
Base AF2 filters not passed for 6W1F-pep3_l14_s999796_mpnn14, skipping interface scoring
Base AF2 filters not passed for 6W1F-pep3_l14_s999796_mpnn15, skipping interface scoring
Base AF2 filters not passed for 6W1F-pep3_l14_s999796_mpnn16, skipping interface scoring
Base AF2 filters not passed for 6W1F-pep3_l14_s999796_mpnn17, skipping interface scoring
Base AF2 filters not passed for 6W1F-pep3_l14_s999796_mpnn18, skipping interface scoring
Base AF2 filters not passed for 6W1F-pep3_l14_s999796_mpnn19, skipping interface scoring
Base AF2 filters not passed for 6W1F-pep3_l14_s999796_mpnn20, skipping interface scoring
Base AF2 filters not passed for 6W1F-pep3_l14_s999796_mpnn21, skipping interface scoring
Base AF2 filters not passed for 6W1F-pep3_l14_s999796_mpnn22, skipping interface scoring
Base AF2 filters not passed for 6W1F-pep3_l14_s999796_mpnn23, skipping interface scoring
Base AF2 filters not passed for 6W1F-pep3_l14_s999796_mpnn24, skipping interface scoring
Base AF2 filters not passed for 6W1F-pep3_l14_s999796_mpnn25, skipping interface scoring
Base AF2 filters not passed for 6W1F-pep3_l14_s999796_mpnn26, skipping interface scoring
Base AF2 filters not passed for 6W1F-pep3_l14_s999796_mpnn27, skipping interface scoring
Base AF2 filters not passed for 6W1F-pep3_l14_s999796_mpnn28, skipping interface scoring
Base AF2 filters not passed for 6W1F-pep3_l14_s999796_mpnn29, skipping interface scoring
Base AF2 filters not passed for 6W1F-pep3_l14_s999796_mpnn30, skipping interface scoring
Base AF2 filters not passed for 6W1F-pep3_l14_s999796_mpnn31, skipping interface scoring
Base AF2 filters not passed for 6W1F-pep3_l14_s999796_mpnn32, skipping interface scoring
Base AF2 filters not passed for 6W1F-pep3_l14_s999796_mpnn33, skipping interface scoring
Base AF2 filters not passed for 6W1F-pep3_l14_s999796_mpnn34, skipping interface scoring
Base AF2 filters not passed for 6W1F-pep3_l14_s999796_mpnn35, skipping interface scoring
No accepted MPNN designs found for this trajectory.

Design and validation of trajectory 6W1F-pep3_l14_s999796 took: 0 hours, 13 minutes, 49 seconds

Processing trajectory 6W1F-pep3_l15_s1571
Base AF2 filters not passed for 6W1F-pep3_l15_s1571_mpnn1, skipping interface scoring
Base AF2 filters not passed for 6W1F-pep3_l15_s1571_mpnn2, skipping interface scoring
Base AF2 filters not passed for 6W1F-pep3_l15_s1571_mpnn3, skipping interface scoring
Base AF2 filters not passed for 6W1F-pep3_l15_s1571_mpnn4, skipping interface scoring
Base AF2 filters not passed for 6W1F-pep3_l15_s1571_mpnn5, skipping interface scoring
Base AF2 filters not passed for 6W1F-pep3_l15_s1571_mpnn6, skipping interface scoring
Base AF2 filters not passed for 6W1F-pep3_l15_s1571_mpnn7, skipping interface scoring
Base AF2 filters not passed for 6W1F-pep3_l15_s1571_mpnn8, skipping interface scoring
Base AF2 filters not passed for 6W1F-pep3_l15_s1571_mpnn9, skipping interface scoring
Base AF2 filters not passed for 6W1F-pep3_l15_s1571_mpnn10, skipping interface scoring
Base AF2 filters not passed for 6W1F-pep3_l15_s1571_mpnn11, skipping interface scoring
Base AF2 filters not passed for 6W1F-pep3_l15_s1571_mpnn12, skipping interface scoring
Base AF2 filters not passed for 6W1F-pep3_l15_s1571_mpnn13, skipping interface scoring
Base AF2 filters not passed for 6W1F-pep3_l15_s1571_mpnn14, skipping interface scoring
Base AF2 filters not passed for 6W1F-pep3_l15_s1571_mpnn15, skipping interface scoring
Base AF2 filters not passed for 6W1F-pep3_l15_s1571_mpnn16, skipping interface scoring
Base AF2 filters not passed for 6W1F-pep3_l15_s1571_mpnn17, skipping interface scoring
Base AF2 filters not passed for 6W1F-pep3_l15_s1571_mpnn18, skipping interface scoring
Base AF2 filters not passed for 6W1F-pep3_l15_s1571_mpnn19, skipping interface scoring
Base AF2 filters not passed for 6W1F-pep3_l15_s1571_mpnn20, skipping interface scoring
Base AF2 filters not passed for 6W1F-pep3_l15_s1571_mpnn21, skipping interface scoring
Base AF2 filters not passed for 6W1F-pep3_l15_s1571_mpnn22, skipping interface scoring
No accepted MPNN designs found for this trajectory.

Design and validation of trajectory 6W1F-pep3_l15_s1571 took: 0 hours, 7 minutes, 31 seconds

Processing trajectory 6W1F-pep3_l14_s591133
Base AF2 filters not passed for 6W1F-pep3_l14_s591133_mpnn1, skipping interface scoring
Base AF2 filters not passed for 6W1F-pep3_l14_s591133_mpnn2, skipping interface scoring
Base AF2 filters not passed for 6W1F-pep3_l14_s591133_mpnn3, skipping interface scoring
Base AF2 filters not passed for 6W1F-pep3_l14_s591133_mpnn4, skipping interface scoring
Base AF2 filters not passed for 6W1F-pep3_l14_s591133_mpnn5, skipping interface scoring
Base AF2 filters not passed for 6W1F-pep3_l14_s591133_mpnn6, skipping interface scoring
Base AF2 filters not passed for 6W1F-pep3_l14_s591133_mpnn7, skipping interface scoring
Base AF2 filters not passed for 6W1F-pep3_l14_s591133_mpnn8, skipping interface scoring
Base AF2 filters not passed for 6W1F-pep3_l14_s591133_mpnn9, skipping interface scoring
Base AF2 filters not passed for 6W1F-pep3_l14_s591133_mpnn10, skipping interface scoring
Base AF2 filters not passed for 6W1F-pep3_l14_s591133_mpnn11, skipping interface scoring
Base AF2 filters not passed for 6W1F-pep3_l14_s591133_mpnn12, skipping interface scoring
Base AF2 filters not passed for 6W1F-pep3_l14_s591133_mpnn13, skipping interface scoring
Base AF2 filters not passed for 6W1F-pep3_l14_s591133_mpnn14, skipping interface scoring
Base AF2 filters not passed for 6W1F-pep3_l14_s591133_mpnn15, skipping interface scoring
Base AF2 filters not passed for 6W1F-pep3_l14_s591133_mpnn16, skipping interface scoring
Base AF2 filters not passed for 6W1F-pep3_l14_s591133_mpnn17, skipping interface scoring
Base AF2 filters not passed for 6W1F-pep3_l14_s591133_mpnn18, skipping interface scoring
Base AF2 filters not passed for 6W1F-pep3_l14_s591133_mpnn19, skipping interface scoring
Base AF2 filters not passed for 6W1F-pep3_l14_s591133_mpnn20, skipping interface scoring
Base AF2 filters not passed for 6W1F-pep3_l14_s591133_mpnn21, skipping interface scoring
Base AF2 filters not passed for 6W1F-pep3_l14_s591133_mpnn22, skipping interface scoring
Base AF2 filters not passed for 6W1F-pep3_l14_s591133_mpnn23, skipping interface scoring
Base AF2 filters not passed for 6W1F-pep3_l14_s591133_mpnn24, skipping interface scoring
Base AF2 filters not passed for 6W1F-pep3_l14_s591133_mpnn25, skipping interface scoring
Base AF2 filters not passed for 6W1F-pep3_l14_s591133_mpnn26, skipping interface scoring
Base AF2 filters not passed for 6W1F-pep3_l14_s591133_mpnn27, skipping interface scoring
Base AF2 filters not passed for 6W1F-pep3_l14_s591133_mpnn28, skipping interface scoring
Base AF2 filters not passed for 6W1F-pep3_l14_s591133_mpnn29, skipping interface scoring
Base AF2 filters not passed for 6W1F-pep3_l14_s591133_mpnn30, skipping interface scoring
Base AF2 filters not passed for 6W1F-pep3_l14_s591133_mpnn31, skipping interface scoring
Base AF2 filters not passed for 6W1F-pep3_l14_s591133_mpnn32, skipping interface scoring
Base AF2 filters not passed for 6W1F-pep3_l14_s591133_mpnn33, skipping interface scoring
Base AF2 filters not passed for 6W1F-pep3_l14_s591133_mpnn34, skipping interface scoring
Base AF2 filters not passed for 6W1F-pep3_l14_s591133_mpnn35, skipping interface scoring
Base AF2 filters not passed for 6W1F-pep3_l14_s591133_mpnn36, skipping interface scoring
Base AF2 filters not passed for 6W1F-pep3_l14_s591133_mpnn37, skipping interface scoring
Base AF2 filters not passed for 6W1F-pep3_l14_s591133_mpnn38, skipping interface scoring
Base AF2 filters not passed for 6W1F-pep3_l14_s591133_mpnn39, skipping interface scoring
Base AF2 filters not passed for 6W1F-pep3_l14_s591133_mpnn40, skipping interface scoring
Base AF2 filters not passed for 6W1F-pep3_l14_s591133_mpnn41, skipping interface scoring
Base AF2 filters not passed for 6W1F-pep3_l14_s591133_mpnn42, skipping interface scoring
Base AF2 filters not passed for 6W1F-pep3_l14_s591133_mpnn43, skipping interface scoring
Base AF2 filters not passed for 6W1F-pep3_l14_s591133_mpnn44, skipping interface scoring
Base AF2 filters not passed for 6W1F-pep3_l14_s591133_mpnn45, skipping interface scoring
Base AF2 filters not passed for 6W1F-pep3_l14_s591133_mpnn46, skipping interface scoring
Base AF2 filters not passed for 6W1F-pep3_l14_s591133_mpnn47, skipping interface scoring
No accepted MPNN designs found for this trajectory.

Design and validation of trajectory 6W1F-pep3_l14_s591133 took: 0 hours, 14 minutes, 42 seconds

Processing trajectory 6W1F-pep3_l13_s354414
Base AF2 filters not passed for 6W1F-pep3_l13_s354414_mpnn1, skipping interface scoring
Base AF2 filters not passed for 6W1F-pep3_l13_s354414_mpnn2, skipping interface scoring
Base AF2 filters not passed for 6W1F-pep3_l13_s354414_mpnn3, skipping interface scoring
Unmet filter conditions for 6W1F-pep3_l13_s354414_mpnn4
Base AF2 filters not passed for 6W1F-pep3_l13_s354414_mpnn5, skipping interface scoring
Base AF2 filters not passed for 6W1F-pep3_l13_s354414_mpnn6, skipping interface scoring
Base AF2 filters not passed for 6W1F-pep3_l13_s354414_mpnn7, skipping interface scoring
Base AF2 filters not passed for 6W1F-pep3_l13_s354414_mpnn8, skipping interface scoring
Base AF2 filters not passed for 6W1F-pep3_l13_s354414_mpnn9, skipping interface scoring
Base AF2 filters not passed for 6W1F-pep3_l13_s354414_mpnn10, skipping interface scoring
Base AF2 filters not passed for 6W1F-pep3_l13_s354414_mpnn11, skipping interface scoring
Base AF2 filters not passed for 6W1F-pep3_l13_s354414_mpnn12, skipping interface scoring
Base AF2 filters not passed for 6W1F-pep3_l13_s354414_mpnn13, skipping interface scoring
Base AF2 filters not passed for 6W1F-pep3_l13_s354414_mpnn14, skipping interface scoring
Base AF2 filters not passed for 6W1F-pep3_l13_s354414_mpnn15, skipping interface scoring
Base AF2 filters not passed for 6W1F-pep3_l13_s354414_mpnn16, skipping interface scoring
Base AF2 filters not passed for 6W1F-pep3_l13_s354414_mpnn17, skipping interface scoring
Base AF2 filters not passed for 6W1F-pep3_l13_s354414_mpnn18, skipping interface scoring
Base AF2 filters not passed for 6W1F-pep3_l13_s354414_mpnn19, skipping interface scoring
Base AF2 filters not passed for 6W1F-pep3_l13_s354414_mpnn20, skipping interface scoring
Base AF2 filters not passed for 6W1F-pep3_l13_s354414_mpnn21, skipping interface scoring
Base AF2 filters not passed for 6W1F-pep3_l13_s354414_mpnn22, skipping interface scoring
Base AF2 filters not passed for 6W1F-pep3_l13_s354414_mpnn23, skipping interface scoring
Base AF2 filters not passed for 6W1F-pep3_l13_s354414_mpnn24, skipping interface scoring
Base AF2 filters not passed for 6W1F-pep3_l13_s354414_mpnn25, skipping interface scoring
Base AF2 filters not passed for 6W1F-pep3_l13_s354414_mpnn26, skipping interface scoring
Base AF2 filters not passed for 6W1F-pep3_l13_s354414_mpnn27, skipping interface scoring
Base AF2 filters not passed for 6W1F-pep3_l13_s354414_mpnn28, skipping interface scoring
Base AF2 filters not passed for 6W1F-pep3_l13_s354414_mpnn29, skipping interface scoring
Base AF2 filters not passed for 6W1F-pep3_l13_s354414_mpnn30, skipping interface scoring
Base AF2 filters not passed for 6W1F-pep3_l13_s354414_mpnn31, skipping interface scoring
Base AF2 filters not passed for 6W1F-pep3_l13_s354414_mpnn32, skipping interface scoring
Base AF2 filters not passed for 6W1F-pep3_l13_s354414_mpnn33, skipping interface scoring
Base AF2 filters not passed for 6W1F-pep3_l13_s354414_mpnn34, skipping interface scoring
Base AF2 filters not passed for 6W1F-pep3_l13_s354414_mpnn35, skipping interface scoring
Base AF2 filters not passed for 6W1F-pep3_l13_s354414_mpnn36, skipping interface scoring
Base AF2 filters not passed for 6W1F-pep3_l13_s354414_mpnn37, skipping interface scoring
Base AF2 filters not passed for 6W1F-pep3_l13_s354414_mpnn38, skipping interface scoring
No accepted MPNN designs found for this trajectory.

Design and validation of trajectory 6W1F-pep3_l13_s354414 took: 0 hours, 18 minutes, 25 seconds

Processing trajectory 6W1F-pep3_l14_s72215
Base AF2 filters not passed for 6W1F-pep3_l14_s72215_mpnn1, skipping interface scoring
Base AF2 filters not passed for 6W1F-pep3_l14_s72215_mpnn2, skipping interface scoring
Base AF2 filters not passed for 6W1F-pep3_l14_s72215_mpnn3, skipping interface scoring
Base AF2 filters not passed for 6W1F-pep3_l14_s72215_mpnn4, skipping interface scoring
Base AF2 filters not passed for 6W1F-pep3_l14_s72215_mpnn5, skipping interface scoring
Base AF2 filters not passed for 6W1F-pep3_l14_s72215_mpnn6, skipping interface scoring
Base AF2 filters not passed for 6W1F-pep3_l14_s72215_mpnn7, skipping interface scoring
Base AF2 filters not passed for 6W1F-pep3_l14_s72215_mpnn8, skipping interface scoring
Base AF2 filters not passed for 6W1F-pep3_l14_s72215_mpnn9, skipping interface scoring
Base AF2 filters not passed for 6W1F-pep3_l14_s72215_mpnn10, skipping interface scoring
Base AF2 filters not passed for 6W1F-pep3_l14_s72215_mpnn11, skipping interface scoring
Base AF2 filters not passed for 6W1F-pep3_l14_s72215_mpnn12, skipping interface scoring
Base AF2 filters not passed for 6W1F-pep3_l14_s72215_mpnn13, skipping interface scoring
Base AF2 filters not passed for 6W1F-pep3_l14_s72215_mpnn14, skipping interface scoring
Base AF2 filters not passed for 6W1F-pep3_l14_s72215_mpnn15, skipping interface scoring
Base AF2 filters not passed for 6W1F-pep3_l14_s72215_mpnn16, skipping interface scoring
Base AF2 filters not passed for 6W1F-pep3_l14_s72215_mpnn17, skipping interface scoring
Base AF2 filters not passed for 6W1F-pep3_l14_s72215_mpnn18, skipping interface scoring
Base AF2 filters not passed for 6W1F-pep3_l14_s72215_mpnn19, skipping interface scoring
Base AF2 filters not passed for 6W1F-pep3_l14_s72215_mpnn20, skipping interface scoring
Base AF2 filters not passed for 6W1F-pep3_l14_s72215_mpnn21, skipping interface scoring
Base AF2 filters not passed for 6W1F-pep3_l14_s72215_mpnn22, skipping interface scoring
Base AF2 filters not passed for 6W1F-pep3_l14_s72215_mpnn23, skipping interface scoring
Base AF2 filters not passed for 6W1F-pep3_l14_s72215_mpnn24, skipping interface scoring
Base AF2 filters not passed for 6W1F-pep3_l14_s72215_mpnn25, skipping interface scoring
Base AF2 filters not passed for 6W1F-pep3_l14_s72215_mpnn26, skipping interface scoring
Base AF2 filters not passed for 6W1F-pep3_l14_s72215_mpnn27, skipping interface scoring
Base AF2 filters not passed for 6W1F-pep3_l14_s72215_mpnn28, skipping interface scoring
Base AF2 filters not passed for 6W1F-pep3_l14_s72215_mpnn29, skipping interface scoring
Base AF2 filters not passed for 6W1F-pep3_l14_s72215_mpnn30, skipping interface scoring
Base AF2 filters not passed for 6W1F-pep3_l14_s72215_mpnn31, skipping interface scoring
Base AF2 filters not passed for 6W1F-pep3_l14_s72215_mpnn32, skipping interface scoring
Base AF2 filters not passed for 6W1F-pep3_l14_s72215_mpnn33, skipping interface scoring
Base AF2 filters not passed for 6W1F-pep3_l14_s72215_mpnn34, skipping interface scoring
Base AF2 filters not passed for 6W1F-pep3_l14_s72215_mpnn35, skipping interface scoring
Base AF2 filters not passed for 6W1F-pep3_l14_s72215_mpnn36, skipping interface scoring
Base AF2 filters not passed for 6W1F-pep3_l14_s72215_mpnn37, skipping interface scoring
Base AF2 filters not passed for 6W1F-pep3_l14_s72215_mpnn38, skipping interface scoring
No accepted MPNN designs found for this trajectory.

Design and validation of trajectory 6W1F-pep3_l14_s72215 took: 0 hours, 12 minutes, 3 seconds

Processing trajectory 6W1F-pep3_l16_s19656
Base AF2 filters not passed for 6W1F-pep3_l16_s19656_mpnn1, skipping interface scoring
Base AF2 filters not passed for 6W1F-pep3_l16_s19656_mpnn2, skipping interface scoring
Base AF2 filters not passed for 6W1F-pep3_l16_s19656_mpnn3, skipping interface scoring
Base AF2 filters not passed for 6W1F-pep3_l16_s19656_mpnn4, skipping interface scoring
Base AF2 filters not passed for 6W1F-pep3_l16_s19656_mpnn5, skipping interface scoring
Base AF2 filters not passed for 6W1F-pep3_l16_s19656_mpnn6, skipping interface scoring
Base AF2 filters not passed for 6W1F-pep3_l16_s19656_mpnn7, skipping interface scoring
Base AF2 filters not passed for 6W1F-pep3_l16_s19656_mpnn8, skipping interface scoring
Base AF2 filters not passed for 6W1F-pep3_l16_s19656_mpnn9, skipping interface scoring
Base AF2 filters not passed for 6W1F-pep3_l16_s19656_mpnn10, skipping interface scoring
Base AF2 filters not passed for 6W1F-pep3_l16_s19656_mpnn11, skipping interface scoring
Base AF2 filters not passed for 6W1F-pep3_l16_s19656_mpnn12, skipping interface scoring
Base AF2 filters not passed for 6W1F-pep3_l16_s19656_mpnn13, skipping interface scoring
Base AF2 filters not passed for 6W1F-pep3_l16_s19656_mpnn14, skipping interface scoring
Base AF2 filters not passed for 6W1F-pep3_l16_s19656_mpnn15, skipping interface scoring
Base AF2 filters not passed for 6W1F-pep3_l16_s19656_mpnn16, skipping interface scoring
Base AF2 filters not passed for 6W1F-pep3_l16_s19656_mpnn17, skipping interface scoring
Base AF2 filters not passed for 6W1F-pep3_l16_s19656_mpnn18, skipping interface scoring
Base AF2 filters not passed for 6W1F-pep3_l16_s19656_mpnn19, skipping interface scoring
Base AF2 filters not passed for 6W1F-pep3_l16_s19656_mpnn20, skipping interface scoring
Base AF2 filters not passed for 6W1F-pep3_l16_s19656_mpnn21, skipping interface scoring
Base AF2 filters not passed for 6W1F-pep3_l16_s19656_mpnn22, skipping interface scoring
Base AF2 filters not passed for 6W1F-pep3_l16_s19656_mpnn23, skipping interface scoring
Base AF2 filters not passed for 6W1F-pep3_l16_s19656_mpnn24, skipping interface scoring
Base AF2 filters not passed for 6W1F-pep3_l16_s19656_mpnn25, skipping interface scoring
Base AF2 filters not passed for 6W1F-pep3_l16_s19656_mpnn26, skipping interface scoring
Base AF2 filters not passed for 6W1F-pep3_l16_s19656_mpnn27, skipping interface scoring
Base AF2 filters not passed for 6W1F-pep3_l16_s19656_mpnn28, skipping interface scoring
Base AF2 filters not passed for 6W1F-pep3_l16_s19656_mpnn29, skipping interface scoring
Base AF2 filters not passed for 6W1F-pep3_l16_s19656_mpnn30, skipping interface scoring
Base AF2 filters not passed for 6W1F-pep3_l16_s19656_mpnn31, skipping interface scoring
Base AF2 filters not passed for 6W1F-pep3_l16_s19656_mpnn32, skipping interface scoring
Base AF2 filters not passed for 6W1F-pep3_l16_s19656_mpnn33, skipping interface scoring
Base AF2 filters not passed for 6W1F-pep3_l16_s19656_mpnn34, skipping interface scoring
Base AF2 filters not passed for 6W1F-pep3_l16_s19656_mpnn35, skipping interface scoring
Base AF2 filters not passed for 6W1F-pep3_l16_s19656_mpnn36, skipping interface scoring
Base AF2 filters not passed for 6W1F-pep3_l16_s19656_mpnn37, skipping interface scoring
Base AF2 filters not passed for 6W1F-pep3_l16_s19656_mpnn38, skipping interface scoring
Base AF2 filters not passed for 6W1F-pep3_l16_s19656_mpnn39, skipping interface scoring
Base AF2 filters not passed for 6W1F-pep3_l16_s19656_mpnn40, skipping interface scoring
Base AF2 filters not passed for 6W1F-pep3_l16_s19656_mpnn41, skipping interface scoring
No accepted MPNN designs found for this trajectory.

Design and validation of trajectory 6W1F-pep3_l16_s19656 took: 0 hours, 12 minutes, 30 seconds

Processing trajectory 6W1F-pep3_l16_s671927
Base AF2 filters not passed for 6W1F-pep3_l16_s671927_mpnn1, skipping interface scoring
Base AF2 filters not passed for 6W1F-pep3_l16_s671927_mpnn2, skipping interface scoring
Base AF2 filters not passed for 6W1F-pep3_l16_s671927_mpnn3, skipping interface scoring
Base AF2 filters not passed for 6W1F-pep3_l16_s671927_mpnn4, skipping interface scoring
Base AF2 filters not passed for 6W1F-pep3_l16_s671927_mpnn5, skipping interface scoring
Base AF2 filters not passed for 6W1F-pep3_l16_s671927_mpnn6, skipping interface scoring
Base AF2 filters not passed for 6W1F-pep3_l16_s671927_mpnn7, skipping interface scoring
Base AF2 filters not passed for 6W1F-pep3_l16_s671927_mpnn8, skipping interface scoring
Base AF2 filters not passed for 6W1F-pep3_l16_s671927_mpnn9, skipping interface scoring
Base AF2 filters not passed for 6W1F-pep3_l16_s671927_mpnn10, skipping interface scoring
Base AF2 filters not passed for 6W1F-pep3_l16_s671927_mpnn11, skipping interface scoring
Base AF2 filters not passed for 6W1F-pep3_l16_s671927_mpnn12, skipping interface scoring
Base AF2 filters not passed for 6W1F-pep3_l16_s671927_mpnn13, skipping interface scoring
Base AF2 filters not passed for 6W1F-pep3_l16_s671927_mpnn14, skipping interface scoring
Base AF2 filters not passed for 6W1F-pep3_l16_s671927_mpnn15, skipping interface scoring
Base AF2 filters not passed for 6W1F-pep3_l16_s671927_mpnn16, skipping interface scoring
Base AF2 filters not passed for 6W1F-pep3_l16_s671927_mpnn17, skipping interface scoring
Base AF2 filters not passed for 6W1F-pep3_l16_s671927_mpnn18, skipping interface scoring
Base AF2 filters not passed for 6W1F-pep3_l16_s671927_mpnn19, skipping interface scoring
Base AF2 filters not passed for 6W1F-pep3_l16_s671927_mpnn20, skipping interface scoring
Base AF2 filters not passed for 6W1F-pep3_l16_s671927_mpnn21, skipping interface scoring
Base AF2 filters not passed for 6W1F-pep3_l16_s671927_mpnn22, skipping interface scoring
Base AF2 filters not passed for 6W1F-pep3_l16_s671927_mpnn23, skipping interface scoring
Base AF2 filters not passed for 6W1F-pep3_l16_s671927_mpnn24, skipping interface scoring
Base AF2 filters not passed for 6W1F-pep3_l16_s671927_mpnn25, skipping interface scoring
Base AF2 filters not passed for 6W1F-pep3_l16_s671927_mpnn26, skipping interface scoring
Base AF2 filters not passed for 6W1F-pep3_l16_s671927_mpnn27, skipping interface scoring
Base AF2 filters not passed for 6W1F-pep3_l16_s671927_mpnn28, skipping interface scoring
Base AF2 filters not passed for 6W1F-pep3_l16_s671927_mpnn29, skipping interface scoring
Base AF2 filters not passed for 6W1F-pep3_l16_s671927_mpnn30, skipping interface scoring
Base AF2 filters not passed for 6W1F-pep3_l16_s671927_mpnn31, skipping interface scoring
Base AF2 filters not passed for 6W1F-pep3_l16_s671927_mpnn32, skipping interface scoring
Base AF2 filters not passed for 6W1F-pep3_l16_s671927_mpnn33, skipping interface scoring
Base AF2 filters not passed for 6W1F-pep3_l16_s671927_mpnn34, skipping interface scoring
Base AF2 filters not passed for 6W1F-pep3_l16_s671927_mpnn35, skipping interface scoring
No accepted MPNN designs found for this trajectory.

Design and validation of trajectory 6W1F-pep3_l16_s671927 took: 0 hours, 10 minutes, 33 seconds

Processing trajectory 6W1F-pep3_l13_s123306
Unmet filter conditions for 6W1F-pep3_l13_s123306_mpnn1
Base AF2 filters not passed for 6W1F-pep3_l13_s123306_mpnn2, skipping interface scoring
Unmet filter conditions for 6W1F-pep3_l13_s123306_mpnn3
Base AF2 filters not passed for 6W1F-pep3_l13_s123306_mpnn4, skipping interface scoring
Base AF2 filters not passed for 6W1F-pep3_l13_s123306_mpnn5, skipping interface scoring
Unmet filter conditions for 6W1F-pep3_l13_s123306_mpnn6
Unmet filter conditions for 6W1F-pep3_l13_s123306_mpnn7
Base AF2 filters not passed for 6W1F-pep3_l13_s123306_mpnn8, skipping interface scoring
Unmet filter conditions for 6W1F-pep3_l13_s123306_mpnn9
Base AF2 filters not passed for 6W1F-pep3_l13_s123306_mpnn10, skipping interface scoring
Base AF2 filters not passed for 6W1F-pep3_l13_s123306_mpnn11, skipping interface scoring
Base AF2 filters not passed for 6W1F-pep3_l13_s123306_mpnn12, skipping interface scoring
Base AF2 filters not passed for 6W1F-pep3_l13_s123306_mpnn13, skipping interface scoring
Unmet filter conditions for 6W1F-pep3_l13_s123306_mpnn14
Base AF2 filters not passed for 6W1F-pep3_l13_s123306_mpnn15, skipping interface scoring
Base AF2 filters not passed for 6W1F-pep3_l13_s123306_mpnn16, skipping interface scoring
Base AF2 filters not passed for 6W1F-pep3_l13_s123306_mpnn17, skipping interface scoring
Base AF2 filters not passed for 6W1F-pep3_l13_s123306_mpnn18, skipping interface scoring
Base AF2 filters not passed for 6W1F-pep3_l13_s123306_mpnn19, skipping interface scoring
Base AF2 filters not passed for 6W1F-pep3_l13_s123306_mpnn20, skipping interface scoring
No accepted MPNN designs found for this trajectory.

Design and validation of trajectory 6W1F-pep3_l13_s123306 took: 0 hours, 43 minutes, 55 seconds

Processing trajectory 6W1F-pep3_l16_s117031
Unmet filter conditions for 6W1F-pep3_l16_s117031_mpnn1
Base AF2 filters not passed for 6W1F-pep3_l16_s117031_mpnn2, skipping interface scoring
Unmet filter conditions for 6W1F-pep3_l16_s117031_mpnn3
Base AF2 filters not passed for 6W1F-pep3_l16_s117031_mpnn4, skipping interface scoring
Unmet filter conditions for 6W1F-pep3_l16_s117031_mpnn5
Unmet filter conditions for 6W1F-pep3_l16_s117031_mpnn6
Base AF2 filters not passed for 6W1F-pep3_l16_s117031_mpnn7, skipping interface scoring
Unmet filter conditions for 6W1F-pep3_l16_s117031_mpnn8
Base AF2 filters not passed for 6W1F-pep3_l16_s117031_mpnn9, skipping interface scoring
Base AF2 filters not passed for 6W1F-pep3_l16_s117031_mpnn10, skipping interface scoring
Base AF2 filters not passed for 6W1F-pep3_l16_s117031_mpnn11, skipping interface scoring
Base AF2 filters not passed for 6W1F-pep3_l16_s117031_mpnn12, skipping interface scoring
Unmet filter conditions for 6W1F-pep3_l16_s117031_mpnn13
Base AF2 filters not passed for 6W1F-pep3_l16_s117031_mpnn14, skipping interface scoring
Base AF2 filters not passed for 6W1F-pep3_l16_s117031_mpnn15, skipping interface scoring
Unmet filter conditions for 6W1F-pep3_l16_s117031_mpnn16
Base AF2 filters not passed for 6W1F-pep3_l16_s117031_mpnn17, skipping interface scoring
Base AF2 filters not passed for 6W1F-pep3_l16_s117031_mpnn18, skipping interface scoring
Base AF2 filters not passed for 6W1F-pep3_l16_s117031_mpnn19, skipping interface scoring
Base AF2 filters not passed for 6W1F-pep3_l16_s117031_mpnn20, skipping interface scoring
Unmet filter conditions for 6W1F-pep3_l16_s117031_mpnn21
Base AF2 filters not passed for 6W1F-pep3_l16_s117031_mpnn22, skipping interface scoring
Base AF2 filters not passed for 6W1F-pep3_l16_s117031_mpnn23, skipping interface scoring
Base AF2 filters not passed for 6W1F-pep3_l16_s117031_mpnn24, skipping interface scoring
Base AF2 filters not passed for 6W1F-pep3_l16_s117031_mpnn25, skipping interface scoring
Base AF2 filters not passed for 6W1F-pep3_l16_s117031_mpnn26, skipping interface scoring
Base AF2 filters not passed for 6W1F-pep3_l16_s117031_mpnn27, skipping interface scoring
Base AF2 filters not passed for 6W1F-pep3_l16_s117031_mpnn28, skipping interface scoring
Base AF2 filters not passed for 6W1F-pep3_l16_s117031_mpnn29, skipping interface scoring
Base AF2 filters not passed for 6W1F-pep3_l16_s117031_mpnn30, skipping interface scoring
Base AF2 filters not passed for 6W1F-pep3_l16_s117031_mpnn31, skipping interface scoring
Base AF2 filters not passed for 6W1F-pep3_l16_s117031_mpnn32, skipping interface scoring
Unmet filter conditions for 6W1F-pep3_l16_s117031_mpnn33
Base AF2 filters not passed for 6W1F-pep3_l16_s117031_mpnn34, skipping interface scoring
Base AF2 filters not passed for 6W1F-pep3_l16_s117031_mpnn35, skipping interface scoring
Unmet filter conditions for 6W1F-pep3_l16_s117031_mpnn36
Base AF2 filters not passed for 6W1F-pep3_l16_s117031_mpnn37, skipping interface scoring
Base AF2 filters not passed for 6W1F-pep3_l16_s117031_mpnn38, skipping interface scoring
Base AF2 filters not passed for 6W1F-pep3_l16_s117031_mpnn39, skipping interface scoring
No accepted MPNN designs found for this trajectory.

Design and validation of trajectory 6W1F-pep3_l16_s117031 took: 1 hours, 13 minutes, 18 seconds

Processing trajectory 6W1F-pep3_l13_s570768
Base AF2 filters not passed for 6W1F-pep3_l13_s570768_mpnn1, skipping interface scoring
Base AF2 filters not passed for 6W1F-pep3_l13_s570768_mpnn2, skipping interface scoring
Base AF2 filters not passed for 6W1F-pep3_l13_s570768_mpnn3, skipping interface scoring
Base AF2 filters not passed for 6W1F-pep3_l13_s570768_mpnn4, skipping interface scoring
Base AF2 filters not passed for 6W1F-pep3_l13_s570768_mpnn5, skipping interface scoring
Base AF2 filters not passed for 6W1F-pep3_l13_s570768_mpnn6, skipping interface scoring
Base AF2 filters not passed for 6W1F-pep3_l13_s570768_mpnn7, skipping interface scoring
Base AF2 filters not passed for 6W1F-pep3_l13_s570768_mpnn8, skipping interface scoring
Base AF2 filters not passed for 6W1F-pep3_l13_s570768_mpnn9, skipping interface scoring
Base AF2 filters not passed for 6W1F-pep3_l13_s570768_mpnn10, skipping interface scoring
Base AF2 filters not passed for 6W1F-pep3_l13_s570768_mpnn11, skipping interface scoring
Base AF2 filters not passed for 6W1F-pep3_l13_s570768_mpnn12, skipping interface scoring
Base AF2 filters not passed for 6W1F-pep3_l13_s570768_mpnn13, skipping interface scoring
Base AF2 filters not passed for 6W1F-pep3_l13_s570768_mpnn14, skipping interface scoring
Base AF2 filters not passed for 6W1F-pep3_l13_s570768_mpnn15, skipping interface scoring
Base AF2 filters not passed for 6W1F-pep3_l13_s570768_mpnn16, skipping interface scoring
Base AF2 filters not passed for 6W1F-pep3_l13_s570768_mpnn17, skipping interface scoring
Base AF2 filters not passed for 6W1F-pep3_l13_s570768_mpnn18, skipping interface scoring
Base AF2 filters not passed for 6W1F-pep3_l13_s570768_mpnn19, skipping interface scoring
Base AF2 filters not passed for 6W1F-pep3_l13_s570768_mpnn20, skipping interface scoring
Base AF2 filters not passed for 6W1F-pep3_l13_s570768_mpnn21, skipping interface scoring
Base AF2 filters not passed for 6W1F-pep3_l13_s570768_mpnn22, skipping interface scoring
Base AF2 filters not passed for 6W1F-pep3_l13_s570768_mpnn23, skipping interface scoring
Base AF2 filters not passed for 6W1F-pep3_l13_s570768_mpnn24, skipping interface scoring
Base AF2 filters not passed for 6W1F-pep3_l13_s570768_mpnn25, skipping interface scoring
Base AF2 filters not passed for 6W1F-pep3_l13_s570768_mpnn26, skipping interface scoring
Base AF2 filters not passed for 6W1F-pep3_l13_s570768_mpnn27, skipping interface scoring
Base AF2 filters not passed for 6W1F-pep3_l13_s570768_mpnn28, skipping interface scoring
Base AF2 filters not passed for 6W1F-pep3_l13_s570768_mpnn29, skipping interface scoring
Base AF2 filters not passed for 6W1F-pep3_l13_s570768_mpnn30, skipping interface scoring
Base AF2 filters not passed for 6W1F-pep3_l13_s570768_mpnn31, skipping interface scoring
Base AF2 filters not passed for 6W1F-pep3_l13_s570768_mpnn32, skipping interface scoring
Base AF2 filters not passed for 6W1F-pep3_l13_s570768_mpnn33, skipping interface scoring
Base AF2 filters not passed for 6W1F-pep3_l13_s570768_mpnn34, skipping interface scoring
Base AF2 filters not passed for 6W1F-pep3_l13_s570768_mpnn35, skipping interface scoring
Base AF2 filters not passed for 6W1F-pep3_l13_s570768_mpnn36, skipping interface scoring
No accepted MPNN designs found for this trajectory.

Design and validation of trajectory 6W1F-pep3_l13_s570768 took: 0 hours, 11 minutes, 20 seconds

Processing trajectory 6W1F-pep3_l15_s803917
Base AF2 filters not passed for 6W1F-pep3_l15_s803917_mpnn1, skipping interface scoring
Base AF2 filters not passed for 6W1F-pep3_l15_s803917_mpnn2, skipping interface scoring
Base AF2 filters not passed for 6W1F-pep3_l15_s803917_mpnn3, skipping interface scoring
Base AF2 filters not passed for 6W1F-pep3_l15_s803917_mpnn4, skipping interface scoring
Base AF2 filters not passed for 6W1F-pep3_l15_s803917_mpnn5, skipping interface scoring
Base AF2 filters not passed for 6W1F-pep3_l15_s803917_mpnn6, skipping interface scoring
Base AF2 filters not passed for 6W1F-pep3_l15_s803917_mpnn7, skipping interface scoring
Base AF2 filters not passed for 6W1F-pep3_l15_s803917_mpnn8, skipping interface scoring
Base AF2 filters not passed for 6W1F-pep3_l15_s803917_mpnn9, skipping interface scoring
Base AF2 filters not passed for 6W1F-pep3_l15_s803917_mpnn10, skipping interface scoring
Base AF2 filters not passed for 6W1F-pep3_l15_s803917_mpnn11, skipping interface scoring
Base AF2 filters not passed for 6W1F-pep3_l15_s803917_mpnn12, skipping interface scoring
Base AF2 filters not passed for 6W1F-pep3_l15_s803917_mpnn13, skipping interface scoring
Base AF2 filters not passed for 6W1F-pep3_l15_s803917_mpnn14, skipping interface scoring
Base AF2 filters not passed for 6W1F-pep3_l15_s803917_mpnn15, skipping interface scoring
Base AF2 filters not passed for 6W1F-pep3_l15_s803917_mpnn16, skipping interface scoring
Base AF2 filters not passed for 6W1F-pep3_l15_s803917_mpnn17, skipping interface scoring
Base AF2 filters not passed for 6W1F-pep3_l15_s803917_mpnn18, skipping interface scoring
Base AF2 filters not passed for 6W1F-pep3_l15_s803917_mpnn19, skipping interface scoring
Base AF2 filters not passed for 6W1F-pep3_l15_s803917_mpnn20, skipping interface scoring
Base AF2 filters not passed for 6W1F-pep3_l15_s803917_mpnn21, skipping interface scoring
Base AF2 filters not passed for 6W1F-pep3_l15_s803917_mpnn22, skipping interface scoring
Base AF2 filters not passed for 6W1F-pep3_l15_s803917_mpnn23, skipping interface scoring
Base AF2 filters not passed for 6W1F-pep3_l15_s803917_mpnn24, skipping interface scoring
Base AF2 filters not passed for 6W1F-pep3_l15_s803917_mpnn25, skipping interface scoring
Base AF2 filters not passed for 6W1F-pep3_l15_s803917_mpnn26, skipping interface scoring
Base AF2 filters not passed for 6W1F-pep3_l15_s803917_mpnn27, skipping interface scoring
Base AF2 filters not passed for 6W1F-pep3_l15_s803917_mpnn28, skipping interface scoring
Base AF2 filters not passed for 6W1F-pep3_l15_s803917_mpnn29, skipping interface scoring
Base AF2 filters not passed for 6W1F-pep3_l15_s803917_mpnn30, skipping interface scoring
Base AF2 filters not passed for 6W1F-pep3_l15_s803917_mpnn31, skipping interface scoring
Base AF2 filters not passed for 6W1F-pep3_l15_s803917_mpnn32, skipping interface scoring
Base AF2 filters not passed for 6W1F-pep3_l15_s803917_mpnn33, skipping interface scoring
Base AF2 filters not passed for 6W1F-pep3_l15_s803917_mpnn34, skipping interface scoring
Base AF2 filters not passed for 6W1F-pep3_l15_s803917_mpnn35, skipping interface scoring
Base AF2 filters not passed for 6W1F-pep3_l15_s803917_mpnn36, skipping interface scoring
Base AF2 filters not passed for 6W1F-pep3_l15_s803917_mpnn37, skipping interface scoring
Base AF2 filters not passed for 6W1F-pep3_l15_s803917_mpnn38, skipping interface scoring
Base AF2 filters not passed for 6W1F-pep3_l15_s803917_mpnn39, skipping interface scoring
Base AF2 filters not passed for 6W1F-pep3_l15_s803917_mpnn40, skipping interface scoring
Base AF2 filters not passed for 6W1F-pep3_l15_s803917_mpnn41, skipping interface scoring
Base AF2 filters not passed for 6W1F-pep3_l15_s803917_mpnn42, skipping interface scoring
Base AF2 filters not passed for 6W1F-pep3_l15_s803917_mpnn43, skipping interface scoring
No accepted MPNN designs found for this trajectory.

Design and validation of trajectory 6W1F-pep3_l15_s803917 took: 0 hours, 13 minutes, 28 seconds

Processing trajectory 6W1F-pep3_l13_s314295
Base AF2 filters not passed for 6W1F-pep3_l13_s314295_mpnn1, skipping interface scoring
Base AF2 filters not passed for 6W1F-pep3_l13_s314295_mpnn2, skipping interface scoring
Base AF2 filters not passed for 6W1F-pep3_l13_s314295_mpnn3, skipping interface scoring
Base AF2 filters not passed for 6W1F-pep3_l13_s314295_mpnn4, skipping interface scoring
Base AF2 filters not passed for 6W1F-pep3_l13_s314295_mpnn5, skipping interface scoring
Base AF2 filters not passed for 6W1F-pep3_l13_s314295_mpnn6, skipping interface scoring
Base AF2 filters not passed for 6W1F-pep3_l13_s314295_mpnn7, skipping interface scoring
Base AF2 filters not passed for 6W1F-pep3_l13_s314295_mpnn8, skipping interface scoring
Base AF2 filters not passed for 6W1F-pep3_l13_s314295_mpnn9, skipping interface scoring
Base AF2 filters not passed for 6W1F-pep3_l13_s314295_mpnn10, skipping interface scoring
Base AF2 filters not passed for 6W1F-pep3_l13_s314295_mpnn11, skipping interface scoring
Base AF2 filters not passed for 6W1F-pep3_l13_s314295_mpnn12, skipping interface scoring
Base AF2 filters not passed for 6W1F-pep3_l13_s314295_mpnn13, skipping interface scoring
Base AF2 filters not passed for 6W1F-pep3_l13_s314295_mpnn14, skipping interface scoring
Base AF2 filters not passed for 6W1F-pep3_l13_s314295_mpnn15, skipping interface scoring
Base AF2 filters not passed for 6W1F-pep3_l13_s314295_mpnn16, skipping interface scoring
Base AF2 filters not passed for 6W1F-pep3_l13_s314295_mpnn17, skipping interface scoring
Base AF2 filters not passed for 6W1F-pep3_l13_s314295_mpnn18, skipping interface scoring
Base AF2 filters not passed for 6W1F-pep3_l13_s314295_mpnn19, skipping interface scoring
Base AF2 filters not passed for 6W1F-pep3_l13_s314295_mpnn20, skipping interface scoring
Base AF2 filters not passed for 6W1F-pep3_l13_s314295_mpnn21, skipping interface scoring
Base AF2 filters not passed for 6W1F-pep3_l13_s314295_mpnn22, skipping interface scoring
Base AF2 filters not passed for 6W1F-pep3_l13_s314295_mpnn23, skipping interface scoring
Base AF2 filters not passed for 6W1F-pep3_l13_s314295_mpnn24, skipping interface scoring
Base AF2 filters not passed for 6W1F-pep3_l13_s314295_mpnn25, skipping interface scoring
Base AF2 filters not passed for 6W1F-pep3_l13_s314295_mpnn26, skipping interface scoring
Base AF2 filters not passed for 6W1F-pep3_l13_s314295_mpnn27, skipping interface scoring
Base AF2 filters not passed for 6W1F-pep3_l13_s314295_mpnn28, skipping interface scoring
Base AF2 filters not passed for 6W1F-pep3_l13_s314295_mpnn29, skipping interface scoring
Base AF2 filters not passed for 6W1F-pep3_l13_s314295_mpnn30, skipping interface scoring
Base AF2 filters not passed for 6W1F-pep3_l13_s314295_mpnn31, skipping interface scoring
Base AF2 filters not passed for 6W1F-pep3_l13_s314295_mpnn32, skipping interface scoring
Base AF2 filters not passed for 6W1F-pep3_l13_s314295_mpnn33, skipping interface scoring
Base AF2 filters not passed for 6W1F-pep3_l13_s314295_mpnn34, skipping interface scoring
Base AF2 filters not passed for 6W1F-pep3_l13_s314295_mpnn35, skipping interface scoring
Base AF2 filters not passed for 6W1F-pep3_l13_s314295_mpnn36, skipping interface scoring
Base AF2 filters not passed for 6W1F-pep3_l13_s314295_mpnn37, skipping interface scoring
Base AF2 filters not passed for 6W1F-pep3_l13_s314295_mpnn38, skipping interface scoring
Base AF2 filters not passed for 6W1F-pep3_l13_s314295_mpnn39, skipping interface scoring
Base AF2 filters not passed for 6W1F-pep3_l13_s314295_mpnn40, skipping interface scoring
No accepted MPNN designs found for this trajectory.

Design and validation of trajectory 6W1F-pep3_l13_s314295 took: 0 hours, 12 minutes, 29 seconds

Processing trajectory 6W1F-pep3_l16_s302932
Base AF2 filters not passed for 6W1F-pep3_l16_s302932_mpnn1, skipping interface scoring
Base AF2 filters not passed for 6W1F-pep3_l16_s302932_mpnn2, skipping interface scoring
Base AF2 filters not passed for 6W1F-pep3_l16_s302932_mpnn3, skipping interface scoring
Base AF2 filters not passed for 6W1F-pep3_l16_s302932_mpnn4, skipping interface scoring
Base AF2 filters not passed for 6W1F-pep3_l16_s302932_mpnn5, skipping interface scoring
Base AF2 filters not passed for 6W1F-pep3_l16_s302932_mpnn6, skipping interface scoring
Base AF2 filters not passed for 6W1F-pep3_l16_s302932_mpnn7, skipping interface scoring
Base AF2 filters not passed for 6W1F-pep3_l16_s302932_mpnn8, skipping interface scoring
Base AF2 filters not passed for 6W1F-pep3_l16_s302932_mpnn9, skipping interface scoring
Base AF2 filters not passed for 6W1F-pep3_l16_s302932_mpnn10, skipping interface scoring
Base AF2 filters not passed for 6W1F-pep3_l16_s302932_mpnn11, skipping interface scoring
Base AF2 filters not passed for 6W1F-pep3_l16_s302932_mpnn12, skipping interface scoring
Base AF2 filters not passed for 6W1F-pep3_l16_s302932_mpnn13, skipping interface scoring
Base AF2 filters not passed for 6W1F-pep3_l16_s302932_mpnn14, skipping interface scoring
Base AF2 filters not passed for 6W1F-pep3_l16_s302932_mpnn15, skipping interface scoring
Base AF2 filters not passed for 6W1F-pep3_l16_s302932_mpnn16, skipping interface scoring
Base AF2 filters not passed for 6W1F-pep3_l16_s302932_mpnn17, skipping interface scoring
Base AF2 filters not passed for 6W1F-pep3_l16_s302932_mpnn18, skipping interface scoring
Base AF2 filters not passed for 6W1F-pep3_l16_s302932_mpnn19, skipping interface scoring
Base AF2 filters not passed for 6W1F-pep3_l16_s302932_mpnn20, skipping interface scoring
Base AF2 filters not passed for 6W1F-pep3_l16_s302932_mpnn21, skipping interface scoring
Base AF2 filters not passed for 6W1F-pep3_l16_s302932_mpnn22, skipping interface scoring
Base AF2 filters not passed for 6W1F-pep3_l16_s302932_mpnn23, skipping interface scoring
Base AF2 filters not passed for 6W1F-pep3_l16_s302932_mpnn24, skipping interface scoring
Base AF2 filters not passed for 6W1F-pep3_l16_s302932_mpnn25, skipping interface scoring
Base AF2 filters not passed for 6W1F-pep3_l16_s302932_mpnn26, skipping interface scoring
Base AF2 filters not passed for 6W1F-pep3_l16_s302932_mpnn27, skipping interface scoring
Base AF2 filters not passed for 6W1F-pep3_l16_s302932_mpnn28, skipping interface scoring
Base AF2 filters not passed for 6W1F-pep3_l16_s302932_mpnn29, skipping interface scoring
Base AF2 filters not passed for 6W1F-pep3_l16_s302932_mpnn30, skipping interface scoring
Base AF2 filters not passed for 6W1F-pep3_l16_s302932_mpnn31, skipping interface scoring
Base AF2 filters not passed for 6W1F-pep3_l16_s302932_mpnn32, skipping interface scoring
Base AF2 filters not passed for 6W1F-pep3_l16_s302932_mpnn33, skipping interface scoring
Base AF2 filters not passed for 6W1F-pep3_l16_s302932_mpnn34, skipping interface scoring
Base AF2 filters not passed for 6W1F-pep3_l16_s302932_mpnn35, skipping interface scoring
Base AF2 filters not passed for 6W1F-pep3_l16_s302932_mpnn36, skipping interface scoring
Base AF2 filters not passed for 6W1F-pep3_l16_s302932_mpnn37, skipping interface scoring
Base AF2 filters not passed for 6W1F-pep3_l16_s302932_mpnn38, skipping interface scoring
Base AF2 filters not passed for 6W1F-pep3_l16_s302932_mpnn39, skipping interface scoring
Base AF2 filters not passed for 6W1F-pep3_l16_s302932_mpnn40, skipping interface scoring
Base AF2 filters not passed for 6W1F-pep3_l16_s302932_mpnn41, skipping interface scoring
Base AF2 filters not passed for 6W1F-pep3_l16_s302932_mpnn42, skipping interface scoring
Base AF2 filters not passed for 6W1F-pep3_l16_s302932_mpnn43, skipping interface scoring
Base AF2 filters not passed for 6W1F-pep3_l16_s302932_mpnn44, skipping interface scoring
Base AF2 filters not passed for 6W1F-pep3_l16_s302932_mpnn45, skipping interface scoring
Base AF2 filters not passed for 6W1F-pep3_l16_s302932_mpnn46, skipping interface scoring
No accepted MPNN designs found for this trajectory.

Design and validation of trajectory 6W1F-pep3_l16_s302932 took: 0 hours, 13 minutes, 38 seconds

Processing trajectory 6W1F-pep3_l14_s53117
Base AF2 filters not passed for 6W1F-pep3_l14_s53117_mpnn1, skipping interface scoring
Base AF2 filters not passed for 6W1F-pep3_l14_s53117_mpnn2, skipping interface scoring
Base AF2 filters not passed for 6W1F-pep3_l14_s53117_mpnn3, skipping interface scoring
Base AF2 filters not passed for 6W1F-pep3_l14_s53117_mpnn4, skipping interface scoring
Base AF2 filters not passed for 6W1F-pep3_l14_s53117_mpnn5, skipping interface scoring
Base AF2 filters not passed for 6W1F-pep3_l14_s53117_mpnn6, skipping interface scoring
Base AF2 filters not passed for 6W1F-pep3_l14_s53117_mpnn7, skipping interface scoring
Base AF2 filters not passed for 6W1F-pep3_l14_s53117_mpnn8, skipping interface scoring
Base AF2 filters not passed for 6W1F-pep3_l14_s53117_mpnn9, skipping interface scoring
Base AF2 filters not passed for 6W1F-pep3_l14_s53117_mpnn10, skipping interface scoring
Base AF2 filters not passed for 6W1F-pep3_l14_s53117_mpnn11, skipping interface scoring
Base AF2 filters not passed for 6W1F-pep3_l14_s53117_mpnn12, skipping interface scoring
Base AF2 filters not passed for 6W1F-pep3_l14_s53117_mpnn13, skipping interface scoring
Base AF2 filters not passed for 6W1F-pep3_l14_s53117_mpnn14, skipping interface scoring
Base AF2 filters not passed for 6W1F-pep3_l14_s53117_mpnn15, skipping interface scoring
Base AF2 filters not passed for 6W1F-pep3_l14_s53117_mpnn16, skipping interface scoring
Base AF2 filters not passed for 6W1F-pep3_l14_s53117_mpnn17, skipping interface scoring
Base AF2 filters not passed for 6W1F-pep3_l14_s53117_mpnn18, skipping interface scoring
Base AF2 filters not passed for 6W1F-pep3_l14_s53117_mpnn19, skipping interface scoring
Base AF2 filters not passed for 6W1F-pep3_l14_s53117_mpnn20, skipping interface scoring
Base AF2 filters not passed for 6W1F-pep3_l14_s53117_mpnn21, skipping interface scoring
Base AF2 filters not passed for 6W1F-pep3_l14_s53117_mpnn22, skipping interface scoring
Base AF2 filters not passed for 6W1F-pep3_l14_s53117_mpnn23, skipping interface scoring
Base AF2 filters not passed for 6W1F-pep3_l14_s53117_mpnn24, skipping interface scoring
Base AF2 filters not passed for 6W1F-pep3_l14_s53117_mpnn25, skipping interface scoring
Base AF2 filters not passed for 6W1F-pep3_l14_s53117_mpnn26, skipping interface scoring
Base AF2 filters not passed for 6W1F-pep3_l14_s53117_mpnn27, skipping interface scoring
Base AF2 filters not passed for 6W1F-pep3_l14_s53117_mpnn28, skipping interface scoring
Base AF2 filters not passed for 6W1F-pep3_l14_s53117_mpnn29, skipping interface scoring
Base AF2 filters not passed for 6W1F-pep3_l14_s53117_mpnn30, skipping interface scoring
Base AF2 filters not passed for 6W1F-pep3_l14_s53117_mpnn31, skipping interface scoring
Base AF2 filters not passed for 6W1F-pep3_l14_s53117_mpnn32, skipping interface scoring
Base AF2 filters not passed for 6W1F-pep3_l14_s53117_mpnn33, skipping interface scoring
Base AF2 filters not passed for 6W1F-pep3_l14_s53117_mpnn34, skipping interface scoring
Base AF2 filters not passed for 6W1F-pep3_l14_s53117_mpnn35, skipping interface scoring
Base AF2 filters not passed for 6W1F-pep3_l14_s53117_mpnn36, skipping interface scoring
Base AF2 filters not passed for 6W1F-pep3_l14_s53117_mpnn37, skipping interface scoring
Base AF2 filters not passed for 6W1F-pep3_l14_s53117_mpnn38, skipping interface scoring
Base AF2 filters not passed for 6W1F-pep3_l14_s53117_mpnn39, skipping interface scoring
Base AF2 filters not passed for 6W1F-pep3_l14_s53117_mpnn40, skipping interface scoring
Base AF2 filters not passed for 6W1F-pep3_l14_s53117_mpnn41, skipping interface scoring
Base AF2 filters not passed for 6W1F-pep3_l14_s53117_mpnn42, skipping interface scoring
Base AF2 filters not passed for 6W1F-pep3_l14_s53117_mpnn43, skipping interface scoring
Base AF2 filters not passed for 6W1F-pep3_l14_s53117_mpnn44, skipping interface scoring
Base AF2 filters not passed for 6W1F-pep3_l14_s53117_mpnn45, skipping interface scoring
Base AF2 filters not passed for 6W1F-pep3_l14_s53117_mpnn46, skipping interface scoring
Base AF2 filters not passed for 6W1F-pep3_l14_s53117_mpnn47, skipping interface scoring
Base AF2 filters not passed for 6W1F-pep3_l14_s53117_mpnn48, skipping interface scoring
No accepted MPNN designs found for this trajectory.

Design and validation of trajectory 6W1F-pep3_l14_s53117 took: 0 hours, 15 minutes, 0 seconds

Processing trajectory 6W1F-pep3_l17_s657682
Base AF2 filters not passed for 6W1F-pep3_l17_s657682_mpnn1, skipping interface scoring
Base AF2 filters not passed for 6W1F-pep3_l17_s657682_mpnn2, skipping interface scoring
Base AF2 filters not passed for 6W1F-pep3_l17_s657682_mpnn3, skipping interface scoring
Base AF2 filters not passed for 6W1F-pep3_l17_s657682_mpnn4, skipping interface scoring
Base AF2 filters not passed for 6W1F-pep3_l17_s657682_mpnn5, skipping interface scoring
Base AF2 filters not passed for 6W1F-pep3_l17_s657682_mpnn6, skipping interface scoring
Base AF2 filters not passed for 6W1F-pep3_l17_s657682_mpnn7, skipping interface scoring
Base AF2 filters not passed for 6W1F-pep3_l17_s657682_mpnn8, skipping interface scoring
Base AF2 filters not passed for 6W1F-pep3_l17_s657682_mpnn9, skipping interface scoring
Base AF2 filters not passed for 6W1F-pep3_l17_s657682_mpnn10, skipping interface scoring
Base AF2 filters not passed for 6W1F-pep3_l17_s657682_mpnn11, skipping interface scoring
Base AF2 filters not passed for 6W1F-pep3_l17_s657682_mpnn12, skipping interface scoring
Base AF2 filters not passed for 6W1F-pep3_l17_s657682_mpnn13, skipping interface scoring
Base AF2 filters not passed for 6W1F-pep3_l17_s657682_mpnn14, skipping interface scoring
Base AF2 filters not passed for 6W1F-pep3_l17_s657682_mpnn15, skipping interface scoring
Base AF2 filters not passed for 6W1F-pep3_l17_s657682_mpnn16, skipping interface scoring
Base AF2 filters not passed for 6W1F-pep3_l17_s657682_mpnn17, skipping interface scoring
Base AF2 filters not passed for 6W1F-pep3_l17_s657682_mpnn18, skipping interface scoring
Base AF2 filters not passed for 6W1F-pep3_l17_s657682_mpnn19, skipping interface scoring
Base AF2 filters not passed for 6W1F-pep3_l17_s657682_mpnn20, skipping interface scoring
Base AF2 filters not passed for 6W1F-pep3_l17_s657682_mpnn21, skipping interface scoring
Base AF2 filters not passed for 6W1F-pep3_l17_s657682_mpnn22, skipping interface scoring
Base AF2 filters not passed for 6W1F-pep3_l17_s657682_mpnn23, skipping interface scoring
Base AF2 filters not passed for 6W1F-pep3_l17_s657682_mpnn24, skipping interface scoring
Base AF2 filters not passed for 6W1F-pep3_l17_s657682_mpnn25, skipping interface scoring
Base AF2 filters not passed for 6W1F-pep3_l17_s657682_mpnn26, skipping interface scoring
Base AF2 filters not passed for 6W1F-pep3_l17_s657682_mpnn27, skipping interface scoring
Base AF2 filters not passed for 6W1F-pep3_l17_s657682_mpnn28, skipping interface scoring
Base AF2 filters not passed for 6W1F-pep3_l17_s657682_mpnn29, skipping interface scoring
Base AF2 filters not passed for 6W1F-pep3_l17_s657682_mpnn30, skipping interface scoring
Base AF2 filters not passed for 6W1F-pep3_l17_s657682_mpnn31, skipping interface scoring
Base AF2 filters not passed for 6W1F-pep3_l17_s657682_mpnn32, skipping interface scoring
Base AF2 filters not passed for 6W1F-pep3_l17_s657682_mpnn33, skipping interface scoring
Base AF2 filters not passed for 6W1F-pep3_l17_s657682_mpnn34, skipping interface scoring
Base AF2 filters not passed for 6W1F-pep3_l17_s657682_mpnn35, skipping interface scoring
Base AF2 filters not passed for 6W1F-pep3_l17_s657682_mpnn36, skipping interface scoring
Base AF2 filters not passed for 6W1F-pep3_l17_s657682_mpnn37, skipping interface scoring
Base AF2 filters not passed for 6W1F-pep3_l17_s657682_mpnn38, skipping interface scoring
Base AF2 filters not passed for 6W1F-pep3_l17_s657682_mpnn39, skipping interface scoring
No accepted MPNN designs found for this trajectory.

Design and validation of trajectory 6W1F-pep3_l17_s657682 took: 0 hours, 12 minutes, 28 seconds

Processing trajectory 6W1F-pep3_l14_s414679
Base AF2 filters not passed for 6W1F-pep3_l14_s414679_mpnn1, skipping interface scoring
Base AF2 filters not passed for 6W1F-pep3_l14_s414679_mpnn2, skipping interface scoring
6W1F-pep3_l14_s414679_mpnn3 passed all filters
Base AF2 filters not passed for 6W1F-pep3_l14_s414679_mpnn4, skipping interface scoring
Base AF2 filters not passed for 6W1F-pep3_l14_s414679_mpnn5, skipping interface scoring
Base AF2 filters not passed for 6W1F-pep3_l14_s414679_mpnn6, skipping interface scoring
6W1F-pep3_l14_s414679_mpnn7 passed all filters
Base AF2 filters not passed for 6W1F-pep3_l14_s414679_mpnn8, skipping interface scoring
6W1F-pep3_l14_s414679_mpnn9 passed all filters
6W1F-pep3_l14_s414679_mpnn10 passed all filters
Base AF2 filters not passed for 6W1F-pep3_l14_s414679_mpnn11, skipping interface scoring
Base AF2 filters not passed for 6W1F-pep3_l14_s414679_mpnn12, skipping interface scoring
Base AF2 filters not passed for 6W1F-pep3_l14_s414679_mpnn13, skipping interface scoring
6W1F-pep3_l14_s414679_mpnn14 passed all filters
Base AF2 filters not passed for 6W1F-pep3_l14_s414679_mpnn15, skipping interface scoring
6W1F-pep3_l14_s414679_mpnn16 passed all filters
Base AF2 filters not passed for 6W1F-pep3_l14_s414679_mpnn17, skipping interface scoring
Base AF2 filters not passed for 6W1F-pep3_l14_s414679_mpnn18, skipping interface scoring
Base AF2 filters not passed for 6W1F-pep3_l14_s414679_mpnn19, skipping interface scoring
Base AF2 filters not passed for 6W1F-pep3_l14_s414679_mpnn20, skipping interface scoring
Base AF2 filters not passed for 6W1F-pep3_l14_s414679_mpnn21, skipping interface scoring
Base AF2 filters not passed for 6W1F-pep3_l14_s414679_mpnn22, skipping interface scoring
Base AF2 filters not passed for 6W1F-pep3_l14_s414679_mpnn23, skipping interface scoring
Base AF2 filters not passed for 6W1F-pep3_l14_s414679_mpnn24, skipping interface scoring
Base AF2 filters not passed for 6W1F-pep3_l14_s414679_mpnn25, skipping interface scoring
Base AF2 filters not passed for 6W1F-pep3_l14_s414679_mpnn26, skipping interface scoring
Base AF2 filters not passed for 6W1F-pep3_l14_s414679_mpnn27, skipping interface scoring
Base AF2 filters not passed for 6W1F-pep3_l14_s414679_mpnn28, skipping interface scoring
Base AF2 filters not passed for 6W1F-pep3_l14_s414679_mpnn29, skipping interface scoring
Base AF2 filters not passed for 6W1F-pep3_l14_s414679_mpnn30, skipping interface scoring
Base AF2 filters not passed for 6W1F-pep3_l14_s414679_mpnn31, skipping interface scoring
Base AF2 filters not passed for 6W1F-pep3_l14_s414679_mpnn32, skipping interface scoring
Base AF2 filters not passed for 6W1F-pep3_l14_s414679_mpnn33, skipping interface scoring
Base AF2 filters not passed for 6W1F-pep3_l14_s414679_mpnn34, skipping interface scoring
Base AF2 filters not passed for 6W1F-pep3_l14_s414679_mpnn35, skipping interface scoring
Base AF2 filters not passed for 6W1F-pep3_l14_s414679_mpnn36, skipping interface scoring
Base AF2 filters not passed for 6W1F-pep3_l14_s414679_mpnn37, skipping interface scoring
Base AF2 filters not passed for 6W1F-pep3_l14_s414679_mpnn38, skipping interface scoring
Base AF2 filters not passed for 6W1F-pep3_l14_s414679_mpnn39, skipping interface scoring
Base AF2 filters not passed for 6W1F-pep3_l14_s414679_mpnn40, skipping interface scoring
Base AF2 filters not passed for 6W1F-pep3_l14_s414679_mpnn41, skipping interface scoring
Base AF2 filters not passed for 6W1F-pep3_l14_s414679_mpnn42, skipping interface scoring
Base AF2 filters not passed for 6W1F-pep3_l14_s414679_mpnn43, skipping interface scoring
Base AF2 filters not passed for 6W1F-pep3_l14_s414679_mpnn44, skipping interface scoring
Found 6 MPNN designs passing filters

Design and validation of trajectory 6W1F-pep3_l14_s414679 took: 0 hours, 52 minutes, 24 seconds

Processing trajectory 6W1F-pep3_l14_s66361
Base AF2 filters not passed for 6W1F-pep3_l14_s66361_mpnn1, skipping interface scoring
Base AF2 filters not passed for 6W1F-pep3_l14_s66361_mpnn2, skipping interface scoring
Base AF2 filters not passed for 6W1F-pep3_l14_s66361_mpnn3, skipping interface scoring
Base AF2 filters not passed for 6W1F-pep3_l14_s66361_mpnn4, skipping interface scoring
Base AF2 filters not passed for 6W1F-pep3_l14_s66361_mpnn5, skipping interface scoring
Base AF2 filters not passed for 6W1F-pep3_l14_s66361_mpnn6, skipping interface scoring
Base AF2 filters not passed for 6W1F-pep3_l14_s66361_mpnn7, skipping interface scoring
Base AF2 filters not passed for 6W1F-pep3_l14_s66361_mpnn8, skipping interface scoring
Base AF2 filters not passed for 6W1F-pep3_l14_s66361_mpnn9, skipping interface scoring
Base AF2 filters not passed for 6W1F-pep3_l14_s66361_mpnn10, skipping interface scoring
Base AF2 filters not passed for 6W1F-pep3_l14_s66361_mpnn11, skipping interface scoring
Base AF2 filters not passed for 6W1F-pep3_l14_s66361_mpnn12, skipping interface scoring
Base AF2 filters not passed for 6W1F-pep3_l14_s66361_mpnn13, skipping interface scoring
Base AF2 filters not passed for 6W1F-pep3_l14_s66361_mpnn14, skipping interface scoring
Base AF2 filters not passed for 6W1F-pep3_l14_s66361_mpnn15, skipping interface scoring
Base AF2 filters not passed for 6W1F-pep3_l14_s66361_mpnn16, skipping interface scoring
Base AF2 filters not passed for 6W1F-pep3_l14_s66361_mpnn17, skipping interface scoring
Base AF2 filters not passed for 6W1F-pep3_l14_s66361_mpnn18, skipping interface scoring
Base AF2 filters not passed for 6W1F-pep3_l14_s66361_mpnn19, skipping interface scoring
Base AF2 filters not passed for 6W1F-pep3_l14_s66361_mpnn20, skipping interface scoring
Base AF2 filters not passed for 6W1F-pep3_l14_s66361_mpnn21, skipping interface scoring
Base AF2 filters not passed for 6W1F-pep3_l14_s66361_mpnn22, skipping interface scoring
Base AF2 filters not passed for 6W1F-pep3_l14_s66361_mpnn23, skipping interface scoring
Base AF2 filters not passed for 6W1F-pep3_l14_s66361_mpnn24, skipping interface scoring
Base AF2 filters not passed for 6W1F-pep3_l14_s66361_mpnn25, skipping interface scoring
Base AF2 filters not passed for 6W1F-pep3_l14_s66361_mpnn26, skipping interface scoring
Base AF2 filters not passed for 6W1F-pep3_l14_s66361_mpnn27, skipping interface scoring
Base AF2 filters not passed for 6W1F-pep3_l14_s66361_mpnn28, skipping interface scoring
Base AF2 filters not passed for 6W1F-pep3_l14_s66361_mpnn29, skipping interface scoring
Base AF2 filters not passed for 6W1F-pep3_l14_s66361_mpnn30, skipping interface scoring
Base AF2 filters not passed for 6W1F-pep3_l14_s66361_mpnn31, skipping interface scoring
Base AF2 filters not passed for 6W1F-pep3_l14_s66361_mpnn32, skipping interface scoring
Base AF2 filters not passed for 6W1F-pep3_l14_s66361_mpnn33, skipping interface scoring
Base AF2 filters not passed for 6W1F-pep3_l14_s66361_mpnn34, skipping interface scoring
Base AF2 filters not passed for 6W1F-pep3_l14_s66361_mpnn35, skipping interface scoring
Base AF2 filters not passed for 6W1F-pep3_l14_s66361_mpnn36, skipping interface scoring
Base AF2 filters not passed for 6W1F-pep3_l14_s66361_mpnn37, skipping interface scoring
Base AF2 filters not passed for 6W1F-pep3_l14_s66361_mpnn38, skipping interface scoring
Base AF2 filters not passed for 6W1F-pep3_l14_s66361_mpnn39, skipping interface scoring
Base AF2 filters not passed for 6W1F-pep3_l14_s66361_mpnn40, skipping interface scoring
Base AF2 filters not passed for 6W1F-pep3_l14_s66361_mpnn41, skipping interface scoring
Base AF2 filters not passed for 6W1F-pep3_l14_s66361_mpnn42, skipping interface scoring
Base AF2 filters not passed for 6W1F-pep3_l14_s66361_mpnn43, skipping interface scoring
Base AF2 filters not passed for 6W1F-pep3_l14_s66361_mpnn44, skipping interface scoring
Base AF2 filters not passed for 6W1F-pep3_l14_s66361_mpnn45, skipping interface scoring
Base AF2 filters not passed for 6W1F-pep3_l14_s66361_mpnn46, skipping interface scoring
No accepted MPNN designs found for this trajectory.

Design and validation of trajectory 6W1F-pep3_l14_s66361 took: 0 hours, 14 minutes, 26 seconds

Processing trajectory 6W1F-pep3_l16_s262322
Base AF2 filters not passed for 6W1F-pep3_l16_s262322_mpnn1, skipping interface scoring
Base AF2 filters not passed for 6W1F-pep3_l16_s262322_mpnn2, skipping interface scoring
Base AF2 filters not passed for 6W1F-pep3_l16_s262322_mpnn3, skipping interface scoring
Base AF2 filters not passed for 6W1F-pep3_l16_s262322_mpnn4, skipping interface scoring
Base AF2 filters not passed for 6W1F-pep3_l16_s262322_mpnn5, skipping interface scoring
Base AF2 filters not passed for 6W1F-pep3_l16_s262322_mpnn6, skipping interface scoring
Base AF2 filters not passed for 6W1F-pep3_l16_s262322_mpnn7, skipping interface scoring
Base AF2 filters not passed for 6W1F-pep3_l16_s262322_mpnn8, skipping interface scoring
Base AF2 filters not passed for 6W1F-pep3_l16_s262322_mpnn9, skipping interface scoring
Base AF2 filters not passed for 6W1F-pep3_l16_s262322_mpnn10, skipping interface scoring
Base AF2 filters not passed for 6W1F-pep3_l16_s262322_mpnn11, skipping interface scoring
Base AF2 filters not passed for 6W1F-pep3_l16_s262322_mpnn12, skipping interface scoring
Base AF2 filters not passed for 6W1F-pep3_l16_s262322_mpnn13, skipping interface scoring
Base AF2 filters not passed for 6W1F-pep3_l16_s262322_mpnn14, skipping interface scoring
Base AF2 filters not passed for 6W1F-pep3_l16_s262322_mpnn15, skipping interface scoring
Base AF2 filters not passed for 6W1F-pep3_l16_s262322_mpnn16, skipping interface scoring
Base AF2 filters not passed for 6W1F-pep3_l16_s262322_mpnn17, skipping interface scoring
Base AF2 filters not passed for 6W1F-pep3_l16_s262322_mpnn18, skipping interface scoring
Base AF2 filters not passed for 6W1F-pep3_l16_s262322_mpnn19, skipping interface scoring
Base AF2 filters not passed for 6W1F-pep3_l16_s262322_mpnn20, skipping interface scoring
Base AF2 filters not passed for 6W1F-pep3_l16_s262322_mpnn21, skipping interface scoring
Base AF2 filters not passed for 6W1F-pep3_l16_s262322_mpnn22, skipping interface scoring
Base AF2 filters not passed for 6W1F-pep3_l16_s262322_mpnn23, skipping interface scoring
Base AF2 filters not passed for 6W1F-pep3_l16_s262322_mpnn24, skipping interface scoring
Base AF2 filters not passed for 6W1F-pep3_l16_s262322_mpnn25, skipping interface scoring
Base AF2 filters not passed for 6W1F-pep3_l16_s262322_mpnn26, skipping interface scoring
Base AF2 filters not passed for 6W1F-pep3_l16_s262322_mpnn27, skipping interface scoring
Base AF2 filters not passed for 6W1F-pep3_l16_s262322_mpnn28, skipping interface scoring
Base AF2 filters not passed for 6W1F-pep3_l16_s262322_mpnn29, skipping interface scoring
Base AF2 filters not passed for 6W1F-pep3_l16_s262322_mpnn30, skipping interface scoring
Base AF2 filters not passed for 6W1F-pep3_l16_s262322_mpnn31, skipping interface scoring
Base AF2 filters not passed for 6W1F-pep3_l16_s262322_mpnn32, skipping interface scoring
Base AF2 filters not passed for 6W1F-pep3_l16_s262322_mpnn33, skipping interface scoring
Base AF2 filters not passed for 6W1F-pep3_l16_s262322_mpnn34, skipping interface scoring
Base AF2 filters not passed for 6W1F-pep3_l16_s262322_mpnn35, skipping interface scoring
Base AF2 filters not passed for 6W1F-pep3_l16_s262322_mpnn36, skipping interface scoring
Base AF2 filters not passed for 6W1F-pep3_l16_s262322_mpnn37, skipping interface scoring
Base AF2 filters not passed for 6W1F-pep3_l16_s262322_mpnn38, skipping interface scoring
Base AF2 filters not passed for 6W1F-pep3_l16_s262322_mpnn39, skipping interface scoring
Base AF2 filters not passed for 6W1F-pep3_l16_s262322_mpnn40, skipping interface scoring
Base AF2 filters not passed for 6W1F-pep3_l16_s262322_mpnn41, skipping interface scoring
Base AF2 filters not passed for 6W1F-pep3_l16_s262322_mpnn42, skipping interface scoring
Base AF2 filters not passed for 6W1F-pep3_l16_s262322_mpnn43, skipping interface scoring
Base AF2 filters not passed for 6W1F-pep3_l16_s262322_mpnn44, skipping interface scoring
Base AF2 filters not passed for 6W1F-pep3_l16_s262322_mpnn45, skipping interface scoring
Base AF2 filters not passed for 6W1F-pep3_l16_s262322_mpnn46, skipping interface scoring
No accepted MPNN designs found for this trajectory.

Design and validation of trajectory 6W1F-pep3_l16_s262322 took: 0 hours, 13 minutes, 39 seconds

Processing trajectory 6W1F-pep3_l16_s323430
Base AF2 filters not passed for 6W1F-pep3_l16_s323430_mpnn1, skipping interface scoring
Base AF2 filters not passed for 6W1F-pep3_l16_s323430_mpnn2, skipping interface scoring
Base AF2 filters not passed for 6W1F-pep3_l16_s323430_mpnn3, skipping interface scoring
Base AF2 filters not passed for 6W1F-pep3_l16_s323430_mpnn4, skipping interface scoring
Base AF2 filters not passed for 6W1F-pep3_l16_s323430_mpnn5, skipping interface scoring
Base AF2 filters not passed for 6W1F-pep3_l16_s323430_mpnn6, skipping interface scoring
Base AF2 filters not passed for 6W1F-pep3_l16_s323430_mpnn7, skipping interface scoring
Base AF2 filters not passed for 6W1F-pep3_l16_s323430_mpnn8, skipping interface scoring
Base AF2 filters not passed for 6W1F-pep3_l16_s323430_mpnn9, skipping interface scoring
Base AF2 filters not passed for 6W1F-pep3_l16_s323430_mpnn10, skipping interface scoring
Base AF2 filters not passed for 6W1F-pep3_l16_s323430_mpnn11, skipping interface scoring
Base AF2 filters not passed for 6W1F-pep3_l16_s323430_mpnn12, skipping interface scoring
Base AF2 filters not passed for 6W1F-pep3_l16_s323430_mpnn13, skipping interface scoring
Base AF2 filters not passed for 6W1F-pep3_l16_s323430_mpnn14, skipping interface scoring
Base AF2 filters not passed for 6W1F-pep3_l16_s323430_mpnn15, skipping interface scoring
Base AF2 filters not passed for 6W1F-pep3_l16_s323430_mpnn16, skipping interface scoring
Base AF2 filters not passed for 6W1F-pep3_l16_s323430_mpnn17, skipping interface scoring
Base AF2 filters not passed for 6W1F-pep3_l16_s323430_mpnn18, skipping interface scoring
Base AF2 filters not passed for 6W1F-pep3_l16_s323430_mpnn19, skipping interface scoring
Base AF2 filters not passed for 6W1F-pep3_l16_s323430_mpnn20, skipping interface scoring
Base AF2 filters not passed for 6W1F-pep3_l16_s323430_mpnn21, skipping interface scoring
Base AF2 filters not passed for 6W1F-pep3_l16_s323430_mpnn22, skipping interface scoring
Base AF2 filters not passed for 6W1F-pep3_l16_s323430_mpnn23, skipping interface scoring
Base AF2 filters not passed for 6W1F-pep3_l16_s323430_mpnn24, skipping interface scoring
Base AF2 filters not passed for 6W1F-pep3_l16_s323430_mpnn25, skipping interface scoring
Base AF2 filters not passed for 6W1F-pep3_l16_s323430_mpnn26, skipping interface scoring
Base AF2 filters not passed for 6W1F-pep3_l16_s323430_mpnn27, skipping interface scoring
Base AF2 filters not passed for 6W1F-pep3_l16_s323430_mpnn28, skipping interface scoring
Base AF2 filters not passed for 6W1F-pep3_l16_s323430_mpnn29, skipping interface scoring
Base AF2 filters not passed for 6W1F-pep3_l16_s323430_mpnn30, skipping interface scoring
Base AF2 filters not passed for 6W1F-pep3_l16_s323430_mpnn31, skipping interface scoring
Base AF2 filters not passed for 6W1F-pep3_l16_s323430_mpnn32, skipping interface scoring
Base AF2 filters not passed for 6W1F-pep3_l16_s323430_mpnn33, skipping interface scoring
No accepted MPNN designs found for this trajectory.

Design and validation of trajectory 6W1F-pep3_l16_s323430 took: 0 hours, 10 minutes, 16 seconds

Processing trajectory 6W1F-pep3_l16_s194460
Base AF2 filters not passed for 6W1F-pep3_l16_s194460_mpnn1, skipping interface scoring
Base AF2 filters not passed for 6W1F-pep3_l16_s194460_mpnn2, skipping interface scoring
Base AF2 filters not passed for 6W1F-pep3_l16_s194460_mpnn3, skipping interface scoring
Base AF2 filters not passed for 6W1F-pep3_l16_s194460_mpnn4, skipping interface scoring
Base AF2 filters not passed for 6W1F-pep3_l16_s194460_mpnn5, skipping interface scoring
Base AF2 filters not passed for 6W1F-pep3_l16_s194460_mpnn6, skipping interface scoring
Base AF2 filters not passed for 6W1F-pep3_l16_s194460_mpnn7, skipping interface scoring
Base AF2 filters not passed for 6W1F-pep3_l16_s194460_mpnn8, skipping interface scoring
Base AF2 filters not passed for 6W1F-pep3_l16_s194460_mpnn9, skipping interface scoring
Base AF2 filters not passed for 6W1F-pep3_l16_s194460_mpnn10, skipping interface scoring
Base AF2 filters not passed for 6W1F-pep3_l16_s194460_mpnn11, skipping interface scoring
Base AF2 filters not passed for 6W1F-pep3_l16_s194460_mpnn12, skipping interface scoring
Base AF2 filters not passed for 6W1F-pep3_l16_s194460_mpnn13, skipping interface scoring
Base AF2 filters not passed for 6W1F-pep3_l16_s194460_mpnn14, skipping interface scoring
Base AF2 filters not passed for 6W1F-pep3_l16_s194460_mpnn15, skipping interface scoring
Base AF2 filters not passed for 6W1F-pep3_l16_s194460_mpnn16, skipping interface scoring
Base AF2 filters not passed for 6W1F-pep3_l16_s194460_mpnn17, skipping interface scoring
Base AF2 filters not passed for 6W1F-pep3_l16_s194460_mpnn18, skipping interface scoring
Base AF2 filters not passed for 6W1F-pep3_l16_s194460_mpnn19, skipping interface scoring
Base AF2 filters not passed for 6W1F-pep3_l16_s194460_mpnn20, skipping interface scoring
Base AF2 filters not passed for 6W1F-pep3_l16_s194460_mpnn21, skipping interface scoring
Base AF2 filters not passed for 6W1F-pep3_l16_s194460_mpnn22, skipping interface scoring
Base AF2 filters not passed for 6W1F-pep3_l16_s194460_mpnn23, skipping interface scoring
Base AF2 filters not passed for 6W1F-pep3_l16_s194460_mpnn24, skipping interface scoring
Base AF2 filters not passed for 6W1F-pep3_l16_s194460_mpnn25, skipping interface scoring
Base AF2 filters not passed for 6W1F-pep3_l16_s194460_mpnn26, skipping interface scoring
Base AF2 filters not passed for 6W1F-pep3_l16_s194460_mpnn27, skipping interface scoring
Base AF2 filters not passed for 6W1F-pep3_l16_s194460_mpnn28, skipping interface scoring
Base AF2 filters not passed for 6W1F-pep3_l16_s194460_mpnn29, skipping interface scoring
Base AF2 filters not passed for 6W1F-pep3_l16_s194460_mpnn30, skipping interface scoring
Base AF2 filters not passed for 6W1F-pep3_l16_s194460_mpnn31, skipping interface scoring
Base AF2 filters not passed for 6W1F-pep3_l16_s194460_mpnn32, skipping interface scoring
Base AF2 filters not passed for 6W1F-pep3_l16_s194460_mpnn33, skipping interface scoring
Base AF2 filters not passed for 6W1F-pep3_l16_s194460_mpnn34, skipping interface scoring
Base AF2 filters not passed for 6W1F-pep3_l16_s194460_mpnn35, skipping interface scoring
Base AF2 filters not passed for 6W1F-pep3_l16_s194460_mpnn36, skipping interface scoring
Base AF2 filters not passed for 6W1F-pep3_l16_s194460_mpnn37, skipping interface scoring
Base AF2 filters not passed for 6W1F-pep3_l16_s194460_mpnn38, skipping interface scoring
Base AF2 filters not passed for 6W1F-pep3_l16_s194460_mpnn39, skipping interface scoring
Base AF2 filters not passed for 6W1F-pep3_l16_s194460_mpnn40, skipping interface scoring
Base AF2 filters not passed for 6W1F-pep3_l16_s194460_mpnn41, skipping interface scoring
Base AF2 filters not passed for 6W1F-pep3_l16_s194460_mpnn42, skipping interface scoring
Base AF2 filters not passed for 6W1F-pep3_l16_s194460_mpnn43, skipping interface scoring
Base AF2 filters not passed for 6W1F-pep3_l16_s194460_mpnn44, skipping interface scoring
No accepted MPNN designs found for this trajectory.

Design and validation of trajectory 6W1F-pep3_l16_s194460 took: 0 hours, 13 minutes, 7 seconds

Processing trajectory 6W1F-pep3_l16_s288814
Base AF2 filters not passed for 6W1F-pep3_l16_s288814_mpnn1, skipping interface scoring
Base AF2 filters not passed for 6W1F-pep3_l16_s288814_mpnn2, skipping interface scoring
Base AF2 filters not passed for 6W1F-pep3_l16_s288814_mpnn3, skipping interface scoring
Base AF2 filters not passed for 6W1F-pep3_l16_s288814_mpnn4, skipping interface scoring
Base AF2 filters not passed for 6W1F-pep3_l16_s288814_mpnn5, skipping interface scoring
Base AF2 filters not passed for 6W1F-pep3_l16_s288814_mpnn6, skipping interface scoring
Base AF2 filters not passed for 6W1F-pep3_l16_s288814_mpnn7, skipping interface scoring
Base AF2 filters not passed for 6W1F-pep3_l16_s288814_mpnn8, skipping interface scoring
Base AF2 filters not passed for 6W1F-pep3_l16_s288814_mpnn9, skipping interface scoring
Base AF2 filters not passed for 6W1F-pep3_l16_s288814_mpnn10, skipping interface scoring
Base AF2 filters not passed for 6W1F-pep3_l16_s288814_mpnn11, skipping interface scoring
Base AF2 filters not passed for 6W1F-pep3_l16_s288814_mpnn12, skipping interface scoring
Base AF2 filters not passed for 6W1F-pep3_l16_s288814_mpnn13, skipping interface scoring
Base AF2 filters not passed for 6W1F-pep3_l16_s288814_mpnn14, skipping interface scoring
Base AF2 filters not passed for 6W1F-pep3_l16_s288814_mpnn15, skipping interface scoring
Base AF2 filters not passed for 6W1F-pep3_l16_s288814_mpnn16, skipping interface scoring
Base AF2 filters not passed for 6W1F-pep3_l16_s288814_mpnn17, skipping interface scoring
Base AF2 filters not passed for 6W1F-pep3_l16_s288814_mpnn18, skipping interface scoring
Base AF2 filters not passed for 6W1F-pep3_l16_s288814_mpnn19, skipping interface scoring
Base AF2 filters not passed for 6W1F-pep3_l16_s288814_mpnn20, skipping interface scoring
Base AF2 filters not passed for 6W1F-pep3_l16_s288814_mpnn21, skipping interface scoring
Base AF2 filters not passed for 6W1F-pep3_l16_s288814_mpnn22, skipping interface scoring
Base AF2 filters not passed for 6W1F-pep3_l16_s288814_mpnn23, skipping interface scoring
Base AF2 filters not passed for 6W1F-pep3_l16_s288814_mpnn24, skipping interface scoring
Base AF2 filters not passed for 6W1F-pep3_l16_s288814_mpnn25, skipping interface scoring
Base AF2 filters not passed for 6W1F-pep3_l16_s288814_mpnn26, skipping interface scoring
Base AF2 filters not passed for 6W1F-pep3_l16_s288814_mpnn27, skipping interface scoring
Base AF2 filters not passed for 6W1F-pep3_l16_s288814_mpnn28, skipping interface scoring
Base AF2 filters not passed for 6W1F-pep3_l16_s288814_mpnn29, skipping interface scoring
Base AF2 filters not passed for 6W1F-pep3_l16_s288814_mpnn30, skipping interface scoring
Base AF2 filters not passed for 6W1F-pep3_l16_s288814_mpnn31, skipping interface scoring
No accepted MPNN designs found for this trajectory.

Design and validation of trajectory 6W1F-pep3_l16_s288814 took: 0 hours, 9 minutes, 45 seconds

Processing trajectory 6W1F-pep3_l16_s872125
Base AF2 filters not passed for 6W1F-pep3_l16_s872125_mpnn1, skipping interface scoring
Base AF2 filters not passed for 6W1F-pep3_l16_s872125_mpnn2, skipping interface scoring
Base AF2 filters not passed for 6W1F-pep3_l16_s872125_mpnn3, skipping interface scoring
Base AF2 filters not passed for 6W1F-pep3_l16_s872125_mpnn4, skipping interface scoring
Base AF2 filters not passed for 6W1F-pep3_l16_s872125_mpnn5, skipping interface scoring
Base AF2 filters not passed for 6W1F-pep3_l16_s872125_mpnn6, skipping interface scoring
Base AF2 filters not passed for 6W1F-pep3_l16_s872125_mpnn7, skipping interface scoring
Base AF2 filters not passed for 6W1F-pep3_l16_s872125_mpnn8, skipping interface scoring
Base AF2 filters not passed for 6W1F-pep3_l16_s872125_mpnn9, skipping interface scoring
Base AF2 filters not passed for 6W1F-pep3_l16_s872125_mpnn10, skipping interface scoring
Base AF2 filters not passed for 6W1F-pep3_l16_s872125_mpnn11, skipping interface scoring
Base AF2 filters not passed for 6W1F-pep3_l16_s872125_mpnn12, skipping interface scoring
Base AF2 filters not passed for 6W1F-pep3_l16_s872125_mpnn13, skipping interface scoring
Base AF2 filters not passed for 6W1F-pep3_l16_s872125_mpnn14, skipping interface scoring
Base AF2 filters not passed for 6W1F-pep3_l16_s872125_mpnn15, skipping interface scoring
Base AF2 filters not passed for 6W1F-pep3_l16_s872125_mpnn16, skipping interface scoring
Base AF2 filters not passed for 6W1F-pep3_l16_s872125_mpnn17, skipping interface scoring
Base AF2 filters not passed for 6W1F-pep3_l16_s872125_mpnn18, skipping interface scoring
Base AF2 filters not passed for 6W1F-pep3_l16_s872125_mpnn19, skipping interface scoring
Base AF2 filters not passed for 6W1F-pep3_l16_s872125_mpnn20, skipping interface scoring
Base AF2 filters not passed for 6W1F-pep3_l16_s872125_mpnn21, skipping interface scoring
Base AF2 filters not passed for 6W1F-pep3_l16_s872125_mpnn22, skipping interface scoring
Base AF2 filters not passed for 6W1F-pep3_l16_s872125_mpnn23, skipping interface scoring
Base AF2 filters not passed for 6W1F-pep3_l16_s872125_mpnn24, skipping interface scoring
Base AF2 filters not passed for 6W1F-pep3_l16_s872125_mpnn25, skipping interface scoring
Base AF2 filters not passed for 6W1F-pep3_l16_s872125_mpnn26, skipping interface scoring
Base AF2 filters not passed for 6W1F-pep3_l16_s872125_mpnn27, skipping interface scoring
Base AF2 filters not passed for 6W1F-pep3_l16_s872125_mpnn28, skipping interface scoring
Base AF2 filters not passed for 6W1F-pep3_l16_s872125_mpnn29, skipping interface scoring
Base AF2 filters not passed for 6W1F-pep3_l16_s872125_mpnn30, skipping interface scoring
Base AF2 filters not passed for 6W1F-pep3_l16_s872125_mpnn31, skipping interface scoring
Base AF2 filters not passed for 6W1F-pep3_l16_s872125_mpnn32, skipping interface scoring
Base AF2 filters not passed for 6W1F-pep3_l16_s872125_mpnn33, skipping interface scoring
Base AF2 filters not passed for 6W1F-pep3_l16_s872125_mpnn34, skipping interface scoring
Base AF2 filters not passed for 6W1F-pep3_l16_s872125_mpnn35, skipping interface scoring
Base AF2 filters not passed for 6W1F-pep3_l16_s872125_mpnn36, skipping interface scoring
Base AF2 filters not passed for 6W1F-pep3_l16_s872125_mpnn37, skipping interface scoring
Base AF2 filters not passed for 6W1F-pep3_l16_s872125_mpnn38, skipping interface scoring
Base AF2 filters not passed for 6W1F-pep3_l16_s872125_mpnn39, skipping interface scoring
Base AF2 filters not passed for 6W1F-pep3_l16_s872125_mpnn40, skipping interface scoring
Base AF2 filters not passed for 6W1F-pep3_l16_s872125_mpnn41, skipping interface scoring
Base AF2 filters not passed for 6W1F-pep3_l16_s872125_mpnn42, skipping interface scoring
Base AF2 filters not passed for 6W1F-pep3_l16_s872125_mpnn43, skipping interface scoring
Base AF2 filters not passed for 6W1F-pep3_l16_s872125_mpnn44, skipping interface scoring
Base AF2 filters not passed for 6W1F-pep3_l16_s872125_mpnn45, skipping interface scoring
Base AF2 filters not passed for 6W1F-pep3_l16_s872125_mpnn46, skipping interface scoring
Base AF2 filters not passed for 6W1F-pep3_l16_s872125_mpnn47, skipping interface scoring
No accepted MPNN designs found for this trajectory.

Design and validation of trajectory 6W1F-pep3_l16_s872125 took: 0 hours, 13 minutes, 56 seconds

Processing trajectory 6W1F-pep3_l13_s787542
Base AF2 filters not passed for 6W1F-pep3_l13_s787542_mpnn1, skipping interface scoring
Base AF2 filters not passed for 6W1F-pep3_l13_s787542_mpnn2, skipping interface scoring
Base AF2 filters not passed for 6W1F-pep3_l13_s787542_mpnn3, skipping interface scoring
Base AF2 filters not passed for 6W1F-pep3_l13_s787542_mpnn4, skipping interface scoring
Base AF2 filters not passed for 6W1F-pep3_l13_s787542_mpnn5, skipping interface scoring
Base AF2 filters not passed for 6W1F-pep3_l13_s787542_mpnn6, skipping interface scoring
Base AF2 filters not passed for 6W1F-pep3_l13_s787542_mpnn7, skipping interface scoring
Base AF2 filters not passed for 6W1F-pep3_l13_s787542_mpnn8, skipping interface scoring
Base AF2 filters not passed for 6W1F-pep3_l13_s787542_mpnn9, skipping interface scoring
Base AF2 filters not passed for 6W1F-pep3_l13_s787542_mpnn10, skipping interface scoring
Base AF2 filters not passed for 6W1F-pep3_l13_s787542_mpnn11, skipping interface scoring
Base AF2 filters not passed for 6W1F-pep3_l13_s787542_mpnn12, skipping interface scoring
Base AF2 filters not passed for 6W1F-pep3_l13_s787542_mpnn13, skipping interface scoring
Base AF2 filters not passed for 6W1F-pep3_l13_s787542_mpnn14, skipping interface scoring
Base AF2 filters not passed for 6W1F-pep3_l13_s787542_mpnn15, skipping interface scoring
Base AF2 filters not passed for 6W1F-pep3_l13_s787542_mpnn16, skipping interface scoring
Base AF2 filters not passed for 6W1F-pep3_l13_s787542_mpnn17, skipping interface scoring
Base AF2 filters not passed for 6W1F-pep3_l13_s787542_mpnn18, skipping interface scoring
Base AF2 filters not passed for 6W1F-pep3_l13_s787542_mpnn19, skipping interface scoring
Base AF2 filters not passed for 6W1F-pep3_l13_s787542_mpnn20, skipping interface scoring
Base AF2 filters not passed for 6W1F-pep3_l13_s787542_mpnn21, skipping interface scoring
Base AF2 filters not passed for 6W1F-pep3_l13_s787542_mpnn22, skipping interface scoring
Base AF2 filters not passed for 6W1F-pep3_l13_s787542_mpnn23, skipping interface scoring
Base AF2 filters not passed for 6W1F-pep3_l13_s787542_mpnn24, skipping interface scoring
Base AF2 filters not passed for 6W1F-pep3_l13_s787542_mpnn25, skipping interface scoring
Base AF2 filters not passed for 6W1F-pep3_l13_s787542_mpnn26, skipping interface scoring
Base AF2 filters not passed for 6W1F-pep3_l13_s787542_mpnn27, skipping interface scoring
Base AF2 filters not passed for 6W1F-pep3_l13_s787542_mpnn28, skipping interface scoring
Base AF2 filters not passed for 6W1F-pep3_l13_s787542_mpnn29, skipping interface scoring
Base AF2 filters not passed for 6W1F-pep3_l13_s787542_mpnn30, skipping interface scoring
Base AF2 filters not passed for 6W1F-pep3_l13_s787542_mpnn31, skipping interface scoring
Base AF2 filters not passed for 6W1F-pep3_l13_s787542_mpnn32, skipping interface scoring
Base AF2 filters not passed for 6W1F-pep3_l13_s787542_mpnn33, skipping interface scoring
Base AF2 filters not passed for 6W1F-pep3_l13_s787542_mpnn34, skipping interface scoring
No accepted MPNN designs found for this trajectory.

Design and validation of trajectory 6W1F-pep3_l13_s787542 took: 0 hours, 11 minutes, 1 seconds

Processing trajectory 6W1F-pep3_l17_s645578
Base AF2 filters not passed for 6W1F-pep3_l17_s645578_mpnn1, skipping interface scoring
Base AF2 filters not passed for 6W1F-pep3_l17_s645578_mpnn2, skipping interface scoring
Base AF2 filters not passed for 6W1F-pep3_l17_s645578_mpnn3, skipping interface scoring
Base AF2 filters not passed for 6W1F-pep3_l17_s645578_mpnn4, skipping interface scoring
Base AF2 filters not passed for 6W1F-pep3_l17_s645578_mpnn5, skipping interface scoring
Base AF2 filters not passed for 6W1F-pep3_l17_s645578_mpnn6, skipping interface scoring
Base AF2 filters not passed for 6W1F-pep3_l17_s645578_mpnn7, skipping interface scoring
Base AF2 filters not passed for 6W1F-pep3_l17_s645578_mpnn8, skipping interface scoring
Base AF2 filters not passed for 6W1F-pep3_l17_s645578_mpnn9, skipping interface scoring
Base AF2 filters not passed for 6W1F-pep3_l17_s645578_mpnn10, skipping interface scoring
Base AF2 filters not passed for 6W1F-pep3_l17_s645578_mpnn11, skipping interface scoring
Base AF2 filters not passed for 6W1F-pep3_l17_s645578_mpnn12, skipping interface scoring
Base AF2 filters not passed for 6W1F-pep3_l17_s645578_mpnn13, skipping interface scoring
Base AF2 filters not passed for 6W1F-pep3_l17_s645578_mpnn14, skipping interface scoring
Base AF2 filters not passed for 6W1F-pep3_l17_s645578_mpnn15, skipping interface scoring
Base AF2 filters not passed for 6W1F-pep3_l17_s645578_mpnn16, skipping interface scoring
Base AF2 filters not passed for 6W1F-pep3_l17_s645578_mpnn17, skipping interface scoring
Base AF2 filters not passed for 6W1F-pep3_l17_s645578_mpnn18, skipping interface scoring
Base AF2 filters not passed for 6W1F-pep3_l17_s645578_mpnn19, skipping interface scoring
Base AF2 filters not passed for 6W1F-pep3_l17_s645578_mpnn20, skipping interface scoring
Base AF2 filters not passed for 6W1F-pep3_l17_s645578_mpnn21, skipping interface scoring
Base AF2 filters not passed for 6W1F-pep3_l17_s645578_mpnn22, skipping interface scoring
Base AF2 filters not passed for 6W1F-pep3_l17_s645578_mpnn23, skipping interface scoring
Base AF2 filters not passed for 6W1F-pep3_l17_s645578_mpnn24, skipping interface scoring
Base AF2 filters not passed for 6W1F-pep3_l17_s645578_mpnn25, skipping interface scoring
Base AF2 filters not passed for 6W1F-pep3_l17_s645578_mpnn26, skipping interface scoring
Base AF2 filters not passed for 6W1F-pep3_l17_s645578_mpnn27, skipping interface scoring
Base AF2 filters not passed for 6W1F-pep3_l17_s645578_mpnn28, skipping interface scoring
Base AF2 filters not passed for 6W1F-pep3_l17_s645578_mpnn29, skipping interface scoring
Base AF2 filters not passed for 6W1F-pep3_l17_s645578_mpnn30, skipping interface scoring
Base AF2 filters not passed for 6W1F-pep3_l17_s645578_mpnn31, skipping interface scoring
Base AF2 filters not passed for 6W1F-pep3_l17_s645578_mpnn32, skipping interface scoring
Base AF2 filters not passed for 6W1F-pep3_l17_s645578_mpnn33, skipping interface scoring
Base AF2 filters not passed for 6W1F-pep3_l17_s645578_mpnn34, skipping interface scoring
Base AF2 filters not passed for 6W1F-pep3_l17_s645578_mpnn35, skipping interface scoring
Base AF2 filters not passed for 6W1F-pep3_l17_s645578_mpnn36, skipping interface scoring
Base AF2 filters not passed for 6W1F-pep3_l17_s645578_mpnn37, skipping interface scoring
Base AF2 filters not passed for 6W1F-pep3_l17_s645578_mpnn38, skipping interface scoring
Base AF2 filters not passed for 6W1F-pep3_l17_s645578_mpnn39, skipping interface scoring
Base AF2 filters not passed for 6W1F-pep3_l17_s645578_mpnn40, skipping interface scoring
Base AF2 filters not passed for 6W1F-pep3_l17_s645578_mpnn41, skipping interface scoring
Base AF2 filters not passed for 6W1F-pep3_l17_s645578_mpnn42, skipping interface scoring
Base AF2 filters not passed for 6W1F-pep3_l17_s645578_mpnn43, skipping interface scoring
Base AF2 filters not passed for 6W1F-pep3_l17_s645578_mpnn44, skipping interface scoring
No accepted MPNN designs found for this trajectory.

Design and validation of trajectory 6W1F-pep3_l17_s645578 took: 0 hours, 14 minutes, 14 seconds

Processing trajectory 6W1F-pep3_l16_s837950
Base AF2 filters not passed for 6W1F-pep3_l16_s837950_mpnn1, skipping interface scoring
Base AF2 filters not passed for 6W1F-pep3_l16_s837950_mpnn2, skipping interface scoring
Base AF2 filters not passed for 6W1F-pep3_l16_s837950_mpnn3, skipping interface scoring
Base AF2 filters not passed for 6W1F-pep3_l16_s837950_mpnn4, skipping interface scoring
Base AF2 filters not passed for 6W1F-pep3_l16_s837950_mpnn5, skipping interface scoring
Base AF2 filters not passed for 6W1F-pep3_l16_s837950_mpnn6, skipping interface scoring
Base AF2 filters not passed for 6W1F-pep3_l16_s837950_mpnn7, skipping interface scoring
Base AF2 filters not passed for 6W1F-pep3_l16_s837950_mpnn8, skipping interface scoring
Base AF2 filters not passed for 6W1F-pep3_l16_s837950_mpnn9, skipping interface scoring
Base AF2 filters not passed for 6W1F-pep3_l16_s837950_mpnn10, skipping interface scoring
Base AF2 filters not passed for 6W1F-pep3_l16_s837950_mpnn11, skipping interface scoring
Base AF2 filters not passed for 6W1F-pep3_l16_s837950_mpnn12, skipping interface scoring
Base AF2 filters not passed for 6W1F-pep3_l16_s837950_mpnn13, skipping interface scoring
Base AF2 filters not passed for 6W1F-pep3_l16_s837950_mpnn14, skipping interface scoring
Base AF2 filters not passed for 6W1F-pep3_l16_s837950_mpnn15, skipping interface scoring
Base AF2 filters not passed for 6W1F-pep3_l16_s837950_mpnn16, skipping interface scoring
Base AF2 filters not passed for 6W1F-pep3_l16_s837950_mpnn17, skipping interface scoring
Base AF2 filters not passed for 6W1F-pep3_l16_s837950_mpnn18, skipping interface scoring
Base AF2 filters not passed for 6W1F-pep3_l16_s837950_mpnn19, skipping interface scoring
Base AF2 filters not passed for 6W1F-pep3_l16_s837950_mpnn20, skipping interface scoring
Base AF2 filters not passed for 6W1F-pep3_l16_s837950_mpnn21, skipping interface scoring
Base AF2 filters not passed for 6W1F-pep3_l16_s837950_mpnn22, skipping interface scoring
Base AF2 filters not passed for 6W1F-pep3_l16_s837950_mpnn23, skipping interface scoring
Base AF2 filters not passed for 6W1F-pep3_l16_s837950_mpnn24, skipping interface scoring
Base AF2 filters not passed for 6W1F-pep3_l16_s837950_mpnn25, skipping interface scoring
Base AF2 filters not passed for 6W1F-pep3_l16_s837950_mpnn26, skipping interface scoring
Base AF2 filters not passed for 6W1F-pep3_l16_s837950_mpnn27, skipping interface scoring
Base AF2 filters not passed for 6W1F-pep3_l16_s837950_mpnn28, skipping interface scoring
Base AF2 filters not passed for 6W1F-pep3_l16_s837950_mpnn29, skipping interface scoring
Base AF2 filters not passed for 6W1F-pep3_l16_s837950_mpnn30, skipping interface scoring
Base AF2 filters not passed for 6W1F-pep3_l16_s837950_mpnn31, skipping interface scoring
Base AF2 filters not passed for 6W1F-pep3_l16_s837950_mpnn32, skipping interface scoring
Base AF2 filters not passed for 6W1F-pep3_l16_s837950_mpnn33, skipping interface scoring
Base AF2 filters not passed for 6W1F-pep3_l16_s837950_mpnn34, skipping interface scoring
Base AF2 filters not passed for 6W1F-pep3_l16_s837950_mpnn35, skipping interface scoring
Base AF2 filters not passed for 6W1F-pep3_l16_s837950_mpnn36, skipping interface scoring
Base AF2 filters not passed for 6W1F-pep3_l16_s837950_mpnn37, skipping interface scoring
Base AF2 filters not passed for 6W1F-pep3_l16_s837950_mpnn38, skipping interface scoring
Base AF2 filters not passed for 6W1F-pep3_l16_s837950_mpnn39, skipping interface scoring
Base AF2 filters not passed for 6W1F-pep3_l16_s837950_mpnn40, skipping interface scoring
No accepted MPNN designs found for this trajectory.

Design and validation of trajectory 6W1F-pep3_l16_s837950 took: 0 hours, 12 minutes, 55 seconds

Processing trajectory 6W1F-pep3_l16_s662652
Base AF2 filters not passed for 6W1F-pep3_l16_s662652_mpnn1, skipping interface scoring
Base AF2 filters not passed for 6W1F-pep3_l16_s662652_mpnn2, skipping interface scoring
Base AF2 filters not passed for 6W1F-pep3_l16_s662652_mpnn3, skipping interface scoring
Base AF2 filters not passed for 6W1F-pep3_l16_s662652_mpnn4, skipping interface scoring
Base AF2 filters not passed for 6W1F-pep3_l16_s662652_mpnn5, skipping interface scoring
Base AF2 filters not passed for 6W1F-pep3_l16_s662652_mpnn6, skipping interface scoring
Base AF2 filters not passed for 6W1F-pep3_l16_s662652_mpnn7, skipping interface scoring
Base AF2 filters not passed for 6W1F-pep3_l16_s662652_mpnn8, skipping interface scoring
Base AF2 filters not passed for 6W1F-pep3_l16_s662652_mpnn9, skipping interface scoring
Base AF2 filters not passed for 6W1F-pep3_l16_s662652_mpnn10, skipping interface scoring
Base AF2 filters not passed for 6W1F-pep3_l16_s662652_mpnn11, skipping interface scoring
Base AF2 filters not passed for 6W1F-pep3_l16_s662652_mpnn12, skipping interface scoring
Base AF2 filters not passed for 6W1F-pep3_l16_s662652_mpnn13, skipping interface scoring
Base AF2 filters not passed for 6W1F-pep3_l16_s662652_mpnn14, skipping interface scoring
Base AF2 filters not passed for 6W1F-pep3_l16_s662652_mpnn15, skipping interface scoring
Base AF2 filters not passed for 6W1F-pep3_l16_s662652_mpnn16, skipping interface scoring
Base AF2 filters not passed for 6W1F-pep3_l16_s662652_mpnn17, skipping interface scoring
Base AF2 filters not passed for 6W1F-pep3_l16_s662652_mpnn18, skipping interface scoring
Base AF2 filters not passed for 6W1F-pep3_l16_s662652_mpnn19, skipping interface scoring
Base AF2 filters not passed for 6W1F-pep3_l16_s662652_mpnn20, skipping interface scoring
Base AF2 filters not passed for 6W1F-pep3_l16_s662652_mpnn21, skipping interface scoring
Base AF2 filters not passed for 6W1F-pep3_l16_s662652_mpnn22, skipping interface scoring
Base AF2 filters not passed for 6W1F-pep3_l16_s662652_mpnn23, skipping interface scoring
Base AF2 filters not passed for 6W1F-pep3_l16_s662652_mpnn24, skipping interface scoring
Base AF2 filters not passed for 6W1F-pep3_l16_s662652_mpnn25, skipping interface scoring
Base AF2 filters not passed for 6W1F-pep3_l16_s662652_mpnn26, skipping interface scoring
Base AF2 filters not passed for 6W1F-pep3_l16_s662652_mpnn27, skipping interface scoring
Base AF2 filters not passed for 6W1F-pep3_l16_s662652_mpnn28, skipping interface scoring
Base AF2 filters not passed for 6W1F-pep3_l16_s662652_mpnn29, skipping interface scoring
Base AF2 filters not passed for 6W1F-pep3_l16_s662652_mpnn30, skipping interface scoring
Base AF2 filters not passed for 6W1F-pep3_l16_s662652_mpnn31, skipping interface scoring
Base AF2 filters not passed for 6W1F-pep3_l16_s662652_mpnn32, skipping interface scoring
Base AF2 filters not passed for 6W1F-pep3_l16_s662652_mpnn33, skipping interface scoring
Base AF2 filters not passed for 6W1F-pep3_l16_s662652_mpnn34, skipping interface scoring
Base AF2 filters not passed for 6W1F-pep3_l16_s662652_mpnn35, skipping interface scoring
Base AF2 filters not passed for 6W1F-pep3_l16_s662652_mpnn36, skipping interface scoring
Base AF2 filters not passed for 6W1F-pep3_l16_s662652_mpnn37, skipping interface scoring
Base AF2 filters not passed for 6W1F-pep3_l16_s662652_mpnn38, skipping interface scoring
Base AF2 filters not passed for 6W1F-pep3_l16_s662652_mpnn39, skipping interface scoring
Base AF2 filters not passed for 6W1F-pep3_l16_s662652_mpnn40, skipping interface scoring
Base AF2 filters not passed for 6W1F-pep3_l16_s662652_mpnn41, skipping interface scoring
Base AF2 filters not passed for 6W1F-pep3_l16_s662652_mpnn42, skipping interface scoring
Base AF2 filters not passed for 6W1F-pep3_l16_s662652_mpnn43, skipping interface scoring
Base AF2 filters not passed for 6W1F-pep3_l16_s662652_mpnn44, skipping interface scoring
Base AF2 filters not passed for 6W1F-pep3_l16_s662652_mpnn45, skipping interface scoring
Base AF2 filters not passed for 6W1F-pep3_l16_s662652_mpnn46, skipping interface scoring
Base AF2 filters not passed for 6W1F-pep3_l16_s662652_mpnn47, skipping interface scoring
Base AF2 filters not passed for 6W1F-pep3_l16_s662652_mpnn48, skipping interface scoring
Base AF2 filters not passed for 6W1F-pep3_l16_s662652_mpnn49, skipping interface scoring
No accepted MPNN designs found for this trajectory.

Design and validation of trajectory 6W1F-pep3_l16_s662652 took: 0 hours, 14 minutes, 56 seconds

Processing trajectory 6W1F-pep3_l17_s557279
Base AF2 filters not passed for 6W1F-pep3_l17_s557279_mpnn1, skipping interface scoring
Base AF2 filters not passed for 6W1F-pep3_l17_s557279_mpnn2, skipping interface scoring
Base AF2 filters not passed for 6W1F-pep3_l17_s557279_mpnn3, skipping interface scoring
Base AF2 filters not passed for 6W1F-pep3_l17_s557279_mpnn4, skipping interface scoring
Base AF2 filters not passed for 6W1F-pep3_l17_s557279_mpnn5, skipping interface scoring
Base AF2 filters not passed for 6W1F-pep3_l17_s557279_mpnn6, skipping interface scoring
Base AF2 filters not passed for 6W1F-pep3_l17_s557279_mpnn7, skipping interface scoring
Base AF2 filters not passed for 6W1F-pep3_l17_s557279_mpnn8, skipping interface scoring
Base AF2 filters not passed for 6W1F-pep3_l17_s557279_mpnn9, skipping interface scoring
Base AF2 filters not passed for 6W1F-pep3_l17_s557279_mpnn10, skipping interface scoring
Base AF2 filters not passed for 6W1F-pep3_l17_s557279_mpnn11, skipping interface scoring
Base AF2 filters not passed for 6W1F-pep3_l17_s557279_mpnn12, skipping interface scoring
Base AF2 filters not passed for 6W1F-pep3_l17_s557279_mpnn13, skipping interface scoring
Base AF2 filters not passed for 6W1F-pep3_l17_s557279_mpnn14, skipping interface scoring
Base AF2 filters not passed for 6W1F-pep3_l17_s557279_mpnn15, skipping interface scoring
Base AF2 filters not passed for 6W1F-pep3_l17_s557279_mpnn16, skipping interface scoring
Base AF2 filters not passed for 6W1F-pep3_l17_s557279_mpnn17, skipping interface scoring
Base AF2 filters not passed for 6W1F-pep3_l17_s557279_mpnn18, skipping interface scoring
Base AF2 filters not passed for 6W1F-pep3_l17_s557279_mpnn19, skipping interface scoring
Base AF2 filters not passed for 6W1F-pep3_l17_s557279_mpnn20, skipping interface scoring
Base AF2 filters not passed for 6W1F-pep3_l17_s557279_mpnn21, skipping interface scoring
Base AF2 filters not passed for 6W1F-pep3_l17_s557279_mpnn22, skipping interface scoring
Base AF2 filters not passed for 6W1F-pep3_l17_s557279_mpnn23, skipping interface scoring
Base AF2 filters not passed for 6W1F-pep3_l17_s557279_mpnn24, skipping interface scoring
Base AF2 filters not passed for 6W1F-pep3_l17_s557279_mpnn25, skipping interface scoring
Base AF2 filters not passed for 6W1F-pep3_l17_s557279_mpnn26, skipping interface scoring
Base AF2 filters not passed for 6W1F-pep3_l17_s557279_mpnn27, skipping interface scoring
Base AF2 filters not passed for 6W1F-pep3_l17_s557279_mpnn28, skipping interface scoring
Base AF2 filters not passed for 6W1F-pep3_l17_s557279_mpnn29, skipping interface scoring
Base AF2 filters not passed for 6W1F-pep3_l17_s557279_mpnn30, skipping interface scoring
Base AF2 filters not passed for 6W1F-pep3_l17_s557279_mpnn31, skipping interface scoring
Base AF2 filters not passed for 6W1F-pep3_l17_s557279_mpnn32, skipping interface scoring
Base AF2 filters not passed for 6W1F-pep3_l17_s557279_mpnn33, skipping interface scoring
Base AF2 filters not passed for 6W1F-pep3_l17_s557279_mpnn34, skipping interface scoring
Base AF2 filters not passed for 6W1F-pep3_l17_s557279_mpnn35, skipping interface scoring
Base AF2 filters not passed for 6W1F-pep3_l17_s557279_mpnn36, skipping interface scoring
Base AF2 filters not passed for 6W1F-pep3_l17_s557279_mpnn37, skipping interface scoring
Base AF2 filters not passed for 6W1F-pep3_l17_s557279_mpnn38, skipping interface scoring
Base AF2 filters not passed for 6W1F-pep3_l17_s557279_mpnn39, skipping interface scoring
Base AF2 filters not passed for 6W1F-pep3_l17_s557279_mpnn40, skipping interface scoring
Base AF2 filters not passed for 6W1F-pep3_l17_s557279_mpnn41, skipping interface scoring
Base AF2 filters not passed for 6W1F-pep3_l17_s557279_mpnn42, skipping interface scoring
No accepted MPNN designs found for this trajectory.

Design and validation of trajectory 6W1F-pep3_l17_s557279 took: 0 hours, 17 minutes, 47 seconds

Processing trajectory 6W1F-pep3_l15_s477608
Base AF2 filters not passed for 6W1F-pep3_l15_s477608_mpnn1, skipping interface scoring
Base AF2 filters not passed for 6W1F-pep3_l15_s477608_mpnn2, skipping interface scoring
Base AF2 filters not passed for 6W1F-pep3_l15_s477608_mpnn3, skipping interface scoring
Base AF2 filters not passed for 6W1F-pep3_l15_s477608_mpnn4, skipping interface scoring
Base AF2 filters not passed for 6W1F-pep3_l15_s477608_mpnn5, skipping interface scoring
Base AF2 filters not passed for 6W1F-pep3_l15_s477608_mpnn6, skipping interface scoring
Base AF2 filters not passed for 6W1F-pep3_l15_s477608_mpnn7, skipping interface scoring
Base AF2 filters not passed for 6W1F-pep3_l15_s477608_mpnn8, skipping interface scoring
Base AF2 filters not passed for 6W1F-pep3_l15_s477608_mpnn9, skipping interface scoring
Base AF2 filters not passed for 6W1F-pep3_l15_s477608_mpnn10, skipping interface scoring
Base AF2 filters not passed for 6W1F-pep3_l15_s477608_mpnn11, skipping interface scoring
Base AF2 filters not passed for 6W1F-pep3_l15_s477608_mpnn12, skipping interface scoring
Base AF2 filters not passed for 6W1F-pep3_l15_s477608_mpnn13, skipping interface scoring
Base AF2 filters not passed for 6W1F-pep3_l15_s477608_mpnn14, skipping interface scoring
Base AF2 filters not passed for 6W1F-pep3_l15_s477608_mpnn15, skipping interface scoring
Base AF2 filters not passed for 6W1F-pep3_l15_s477608_mpnn16, skipping interface scoring
Base AF2 filters not passed for 6W1F-pep3_l15_s477608_mpnn17, skipping interface scoring
Base AF2 filters not passed for 6W1F-pep3_l15_s477608_mpnn18, skipping interface scoring
Base AF2 filters not passed for 6W1F-pep3_l15_s477608_mpnn19, skipping interface scoring
Base AF2 filters not passed for 6W1F-pep3_l15_s477608_mpnn20, skipping interface scoring
Base AF2 filters not passed for 6W1F-pep3_l15_s477608_mpnn21, skipping interface scoring
Base AF2 filters not passed for 6W1F-pep3_l15_s477608_mpnn22, skipping interface scoring
Base AF2 filters not passed for 6W1F-pep3_l15_s477608_mpnn23, skipping interface scoring
Base AF2 filters not passed for 6W1F-pep3_l15_s477608_mpnn24, skipping interface scoring
Base AF2 filters not passed for 6W1F-pep3_l15_s477608_mpnn25, skipping interface scoring
Base AF2 filters not passed for 6W1F-pep3_l15_s477608_mpnn26, skipping interface scoring
Base AF2 filters not passed for 6W1F-pep3_l15_s477608_mpnn27, skipping interface scoring
Base AF2 filters not passed for 6W1F-pep3_l15_s477608_mpnn28, skipping interface scoring
Base AF2 filters not passed for 6W1F-pep3_l15_s477608_mpnn29, skipping interface scoring
Base AF2 filters not passed for 6W1F-pep3_l15_s477608_mpnn30, skipping interface scoring
Base AF2 filters not passed for 6W1F-pep3_l15_s477608_mpnn31, skipping interface scoring
Base AF2 filters not passed for 6W1F-pep3_l15_s477608_mpnn32, skipping interface scoring
Base AF2 filters not passed for 6W1F-pep3_l15_s477608_mpnn33, skipping interface scoring
Base AF2 filters not passed for 6W1F-pep3_l15_s477608_mpnn34, skipping interface scoring
No accepted MPNN designs found for this trajectory.

Design and validation of trajectory 6W1F-pep3_l15_s477608 took: 0 hours, 11 minutes, 10 seconds

Processing trajectory 6W1F-pep3_l16_s59948
Base AF2 filters not passed for 6W1F-pep3_l16_s59948_mpnn1, skipping interface scoring
Base AF2 filters not passed for 6W1F-pep3_l16_s59948_mpnn2, skipping interface scoring
Base AF2 filters not passed for 6W1F-pep3_l16_s59948_mpnn3, skipping interface scoring
Base AF2 filters not passed for 6W1F-pep3_l16_s59948_mpnn4, skipping interface scoring
Base AF2 filters not passed for 6W1F-pep3_l16_s59948_mpnn5, skipping interface scoring
Base AF2 filters not passed for 6W1F-pep3_l16_s59948_mpnn6, skipping interface scoring
Base AF2 filters not passed for 6W1F-pep3_l16_s59948_mpnn7, skipping interface scoring
Base AF2 filters not passed for 6W1F-pep3_l16_s59948_mpnn8, skipping interface scoring
Base AF2 filters not passed for 6W1F-pep3_l16_s59948_mpnn9, skipping interface scoring
Base AF2 filters not passed for 6W1F-pep3_l16_s59948_mpnn10, skipping interface scoring
Base AF2 filters not passed for 6W1F-pep3_l16_s59948_mpnn11, skipping interface scoring
Base AF2 filters not passed for 6W1F-pep3_l16_s59948_mpnn12, skipping interface scoring
Base AF2 filters not passed for 6W1F-pep3_l16_s59948_mpnn13, skipping interface scoring
Base AF2 filters not passed for 6W1F-pep3_l16_s59948_mpnn14, skipping interface scoring
Base AF2 filters not passed for 6W1F-pep3_l16_s59948_mpnn15, skipping interface scoring
Base AF2 filters not passed for 6W1F-pep3_l16_s59948_mpnn16, skipping interface scoring
Base AF2 filters not passed for 6W1F-pep3_l16_s59948_mpnn17, skipping interface scoring
Base AF2 filters not passed for 6W1F-pep3_l16_s59948_mpnn18, skipping interface scoring
Base AF2 filters not passed for 6W1F-pep3_l16_s59948_mpnn19, skipping interface scoring
Base AF2 filters not passed for 6W1F-pep3_l16_s59948_mpnn20, skipping interface scoring
Base AF2 filters not passed for 6W1F-pep3_l16_s59948_mpnn21, skipping interface scoring
Base AF2 filters not passed for 6W1F-pep3_l16_s59948_mpnn22, skipping interface scoring
Base AF2 filters not passed for 6W1F-pep3_l16_s59948_mpnn23, skipping interface scoring
Base AF2 filters not passed for 6W1F-pep3_l16_s59948_mpnn24, skipping interface scoring
Base AF2 filters not passed for 6W1F-pep3_l16_s59948_mpnn25, skipping interface scoring
Base AF2 filters not passed for 6W1F-pep3_l16_s59948_mpnn26, skipping interface scoring
Base AF2 filters not passed for 6W1F-pep3_l16_s59948_mpnn27, skipping interface scoring
Base AF2 filters not passed for 6W1F-pep3_l16_s59948_mpnn28, skipping interface scoring
Base AF2 filters not passed for 6W1F-pep3_l16_s59948_mpnn29, skipping interface scoring
Base AF2 filters not passed for 6W1F-pep3_l16_s59948_mpnn30, skipping interface scoring
Base AF2 filters not passed for 6W1F-pep3_l16_s59948_mpnn31, skipping interface scoring
Base AF2 filters not passed for 6W1F-pep3_l16_s59948_mpnn32, skipping interface scoring
Base AF2 filters not passed for 6W1F-pep3_l16_s59948_mpnn33, skipping interface scoring
Base AF2 filters not passed for 6W1F-pep3_l16_s59948_mpnn34, skipping interface scoring
Base AF2 filters not passed for 6W1F-pep3_l16_s59948_mpnn35, skipping interface scoring
Base AF2 filters not passed for 6W1F-pep3_l16_s59948_mpnn36, skipping interface scoring
Base AF2 filters not passed for 6W1F-pep3_l16_s59948_mpnn37, skipping interface scoring
Base AF2 filters not passed for 6W1F-pep3_l16_s59948_mpnn38, skipping interface scoring
Base AF2 filters not passed for 6W1F-pep3_l16_s59948_mpnn39, skipping interface scoring
Base AF2 filters not passed for 6W1F-pep3_l16_s59948_mpnn40, skipping interface scoring
Base AF2 filters not passed for 6W1F-pep3_l16_s59948_mpnn41, skipping interface scoring
Base AF2 filters not passed for 6W1F-pep3_l16_s59948_mpnn42, skipping interface scoring
Base AF2 filters not passed for 6W1F-pep3_l16_s59948_mpnn43, skipping interface scoring
No accepted MPNN designs found for this trajectory.

Design and validation of trajectory 6W1F-pep3_l16_s59948 took: 0 hours, 13 minutes, 15 seconds

Processing trajectory 6W1F-pep3_l14_s527566
Base AF2 filters not passed for 6W1F-pep3_l14_s527566_mpnn1, skipping interface scoring
Base AF2 filters not passed for 6W1F-pep3_l14_s527566_mpnn2, skipping interface scoring
Base AF2 filters not passed for 6W1F-pep3_l14_s527566_mpnn3, skipping interface scoring
Base AF2 filters not passed for 6W1F-pep3_l14_s527566_mpnn4, skipping interface scoring
Base AF2 filters not passed for 6W1F-pep3_l14_s527566_mpnn5, skipping interface scoring
Base AF2 filters not passed for 6W1F-pep3_l14_s527566_mpnn6, skipping interface scoring
Base AF2 filters not passed for 6W1F-pep3_l14_s527566_mpnn7, skipping interface scoring
Base AF2 filters not passed for 6W1F-pep3_l14_s527566_mpnn8, skipping interface scoring
Base AF2 filters not passed for 6W1F-pep3_l14_s527566_mpnn9, skipping interface scoring
Base AF2 filters not passed for 6W1F-pep3_l14_s527566_mpnn10, skipping interface scoring
Base AF2 filters not passed for 6W1F-pep3_l14_s527566_mpnn11, skipping interface scoring
Base AF2 filters not passed for 6W1F-pep3_l14_s527566_mpnn12, skipping interface scoring
Base AF2 filters not passed for 6W1F-pep3_l14_s527566_mpnn13, skipping interface scoring
Base AF2 filters not passed for 6W1F-pep3_l14_s527566_mpnn14, skipping interface scoring
Base AF2 filters not passed for 6W1F-pep3_l14_s527566_mpnn15, skipping interface scoring
Base AF2 filters not passed for 6W1F-pep3_l14_s527566_mpnn16, skipping interface scoring
Base AF2 filters not passed for 6W1F-pep3_l14_s527566_mpnn17, skipping interface scoring
Base AF2 filters not passed for 6W1F-pep3_l14_s527566_mpnn18, skipping interface scoring
Base AF2 filters not passed for 6W1F-pep3_l14_s527566_mpnn19, skipping interface scoring
Base AF2 filters not passed for 6W1F-pep3_l14_s527566_mpnn20, skipping interface scoring
Base AF2 filters not passed for 6W1F-pep3_l14_s527566_mpnn21, skipping interface scoring
Base AF2 filters not passed for 6W1F-pep3_l14_s527566_mpnn22, skipping interface scoring
Base AF2 filters not passed for 6W1F-pep3_l14_s527566_mpnn23, skipping interface scoring
Base AF2 filters not passed for 6W1F-pep3_l14_s527566_mpnn24, skipping interface scoring
Base AF2 filters not passed for 6W1F-pep3_l14_s527566_mpnn25, skipping interface scoring
Base AF2 filters not passed for 6W1F-pep3_l14_s527566_mpnn26, skipping interface scoring
Base AF2 filters not passed for 6W1F-pep3_l14_s527566_mpnn27, skipping interface scoring
Base AF2 filters not passed for 6W1F-pep3_l14_s527566_mpnn28, skipping interface scoring
Base AF2 filters not passed for 6W1F-pep3_l14_s527566_mpnn29, skipping interface scoring
Base AF2 filters not passed for 6W1F-pep3_l14_s527566_mpnn30, skipping interface scoring
Base AF2 filters not passed for 6W1F-pep3_l14_s527566_mpnn31, skipping interface scoring
Base AF2 filters not passed for 6W1F-pep3_l14_s527566_mpnn32, skipping interface scoring
Base AF2 filters not passed for 6W1F-pep3_l14_s527566_mpnn33, skipping interface scoring
Base AF2 filters not passed for 6W1F-pep3_l14_s527566_mpnn34, skipping interface scoring
Base AF2 filters not passed for 6W1F-pep3_l14_s527566_mpnn35, skipping interface scoring
Base AF2 filters not passed for 6W1F-pep3_l14_s527566_mpnn36, skipping interface scoring
Base AF2 filters not passed for 6W1F-pep3_l14_s527566_mpnn37, skipping interface scoring
Base AF2 filters not passed for 6W1F-pep3_l14_s527566_mpnn38, skipping interface scoring
Base AF2 filters not passed for 6W1F-pep3_l14_s527566_mpnn39, skipping interface scoring
Base AF2 filters not passed for 6W1F-pep3_l14_s527566_mpnn40, skipping interface scoring
Base AF2 filters not passed for 6W1F-pep3_l14_s527566_mpnn41, skipping interface scoring
Base AF2 filters not passed for 6W1F-pep3_l14_s527566_mpnn42, skipping interface scoring
Base AF2 filters not passed for 6W1F-pep3_l14_s527566_mpnn43, skipping interface scoring
Base AF2 filters not passed for 6W1F-pep3_l14_s527566_mpnn44, skipping interface scoring
No accepted MPNN designs found for this trajectory.

Design and validation of trajectory 6W1F-pep3_l14_s527566 took: 0 hours, 14 minutes, 33 seconds

Processing trajectory 6W1F-pep3_l14_s254981
Base AF2 filters not passed for 6W1F-pep3_l14_s254981_mpnn1, skipping interface scoring
Base AF2 filters not passed for 6W1F-pep3_l14_s254981_mpnn2, skipping interface scoring
Base AF2 filters not passed for 6W1F-pep3_l14_s254981_mpnn3, skipping interface scoring
Base AF2 filters not passed for 6W1F-pep3_l14_s254981_mpnn4, skipping interface scoring
Base AF2 filters not passed for 6W1F-pep3_l14_s254981_mpnn5, skipping interface scoring
Base AF2 filters not passed for 6W1F-pep3_l14_s254981_mpnn6, skipping interface scoring
Base AF2 filters not passed for 6W1F-pep3_l14_s254981_mpnn7, skipping interface scoring
Base AF2 filters not passed for 6W1F-pep3_l14_s254981_mpnn8, skipping interface scoring
Base AF2 filters not passed for 6W1F-pep3_l14_s254981_mpnn9, skipping interface scoring
Base AF2 filters not passed for 6W1F-pep3_l14_s254981_mpnn10, skipping interface scoring
Base AF2 filters not passed for 6W1F-pep3_l14_s254981_mpnn11, skipping interface scoring
Base AF2 filters not passed for 6W1F-pep3_l14_s254981_mpnn12, skipping interface scoring
Base AF2 filters not passed for 6W1F-pep3_l14_s254981_mpnn13, skipping interface scoring
Unmet filter conditions for 6W1F-pep3_l14_s254981_mpnn14
Base AF2 filters not passed for 6W1F-pep3_l14_s254981_mpnn15, skipping interface scoring
Base AF2 filters not passed for 6W1F-pep3_l14_s254981_mpnn16, skipping interface scoring
Base AF2 filters not passed for 6W1F-pep3_l14_s254981_mpnn17, skipping interface scoring
Base AF2 filters not passed for 6W1F-pep3_l14_s254981_mpnn18, skipping interface scoring
Base AF2 filters not passed for 6W1F-pep3_l14_s254981_mpnn19, skipping interface scoring
Base AF2 filters not passed for 6W1F-pep3_l14_s254981_mpnn20, skipping interface scoring
Base AF2 filters not passed for 6W1F-pep3_l14_s254981_mpnn21, skipping interface scoring
Base AF2 filters not passed for 6W1F-pep3_l14_s254981_mpnn22, skipping interface scoring
Base AF2 filters not passed for 6W1F-pep3_l14_s254981_mpnn23, skipping interface scoring
Base AF2 filters not passed for 6W1F-pep3_l14_s254981_mpnn24, skipping interface scoring
Base AF2 filters not passed for 6W1F-pep3_l14_s254981_mpnn25, skipping interface scoring
Base AF2 filters not passed for 6W1F-pep3_l14_s254981_mpnn26, skipping interface scoring
Base AF2 filters not passed for 6W1F-pep3_l14_s254981_mpnn27, skipping interface scoring
Base AF2 filters not passed for 6W1F-pep3_l14_s254981_mpnn28, skipping interface scoring
Base AF2 filters not passed for 6W1F-pep3_l14_s254981_mpnn29, skipping interface scoring
Base AF2 filters not passed for 6W1F-pep3_l14_s254981_mpnn30, skipping interface scoring
Base AF2 filters not passed for 6W1F-pep3_l14_s254981_mpnn31, skipping interface scoring
Base AF2 filters not passed for 6W1F-pep3_l14_s254981_mpnn32, skipping interface scoring
Base AF2 filters not passed for 6W1F-pep3_l14_s254981_mpnn33, skipping interface scoring
Base AF2 filters not passed for 6W1F-pep3_l14_s254981_mpnn34, skipping interface scoring
Base AF2 filters not passed for 6W1F-pep3_l14_s254981_mpnn35, skipping interface scoring
Base AF2 filters not passed for 6W1F-pep3_l14_s254981_mpnn36, skipping interface scoring
Base AF2 filters not passed for 6W1F-pep3_l14_s254981_mpnn37, skipping interface scoring
Base AF2 filters not passed for 6W1F-pep3_l14_s254981_mpnn38, skipping interface scoring
Base AF2 filters not passed for 6W1F-pep3_l14_s254981_mpnn39, skipping interface scoring
Base AF2 filters not passed for 6W1F-pep3_l14_s254981_mpnn40, skipping interface scoring
Base AF2 filters not passed for 6W1F-pep3_l14_s254981_mpnn41, skipping interface scoring
No accepted MPNN designs found for this trajectory.

Design and validation of trajectory 6W1F-pep3_l14_s254981 took: 0 hours, 20 minutes, 6 seconds

Processing trajectory 6W1F-pep3_l15_s520383
Base AF2 filters not passed for 6W1F-pep3_l15_s520383_mpnn1, skipping interface scoring
Base AF2 filters not passed for 6W1F-pep3_l15_s520383_mpnn2, skipping interface scoring
Base AF2 filters not passed for 6W1F-pep3_l15_s520383_mpnn3, skipping interface scoring
Base AF2 filters not passed for 6W1F-pep3_l15_s520383_mpnn4, skipping interface scoring
Base AF2 filters not passed for 6W1F-pep3_l15_s520383_mpnn5, skipping interface scoring
Base AF2 filters not passed for 6W1F-pep3_l15_s520383_mpnn6, skipping interface scoring
Base AF2 filters not passed for 6W1F-pep3_l15_s520383_mpnn7, skipping interface scoring
Base AF2 filters not passed for 6W1F-pep3_l15_s520383_mpnn8, skipping interface scoring
Base AF2 filters not passed for 6W1F-pep3_l15_s520383_mpnn9, skipping interface scoring
Base AF2 filters not passed for 6W1F-pep3_l15_s520383_mpnn10, skipping interface scoring
Base AF2 filters not passed for 6W1F-pep3_l15_s520383_mpnn11, skipping interface scoring
Base AF2 filters not passed for 6W1F-pep3_l15_s520383_mpnn12, skipping interface scoring
Base AF2 filters not passed for 6W1F-pep3_l15_s520383_mpnn13, skipping interface scoring
Base AF2 filters not passed for 6W1F-pep3_l15_s520383_mpnn14, skipping interface scoring
Base AF2 filters not passed for 6W1F-pep3_l15_s520383_mpnn15, skipping interface scoring
Base AF2 filters not passed for 6W1F-pep3_l15_s520383_mpnn16, skipping interface scoring
Base AF2 filters not passed for 6W1F-pep3_l15_s520383_mpnn17, skipping interface scoring
Base AF2 filters not passed for 6W1F-pep3_l15_s520383_mpnn18, skipping interface scoring
Base AF2 filters not passed for 6W1F-pep3_l15_s520383_mpnn19, skipping interface scoring
Base AF2 filters not passed for 6W1F-pep3_l15_s520383_mpnn20, skipping interface scoring
Base AF2 filters not passed for 6W1F-pep3_l15_s520383_mpnn21, skipping interface scoring
Base AF2 filters not passed for 6W1F-pep3_l15_s520383_mpnn22, skipping interface scoring
Base AF2 filters not passed for 6W1F-pep3_l15_s520383_mpnn23, skipping interface scoring
Base AF2 filters not passed for 6W1F-pep3_l15_s520383_mpnn24, skipping interface scoring
Base AF2 filters not passed for 6W1F-pep3_l15_s520383_mpnn25, skipping interface scoring
Base AF2 filters not passed for 6W1F-pep3_l15_s520383_mpnn26, skipping interface scoring
Base AF2 filters not passed for 6W1F-pep3_l15_s520383_mpnn27, skipping interface scoring
Base AF2 filters not passed for 6W1F-pep3_l15_s520383_mpnn28, skipping interface scoring
Base AF2 filters not passed for 6W1F-pep3_l15_s520383_mpnn29, skipping interface scoring
Base AF2 filters not passed for 6W1F-pep3_l15_s520383_mpnn30, skipping interface scoring
Base AF2 filters not passed for 6W1F-pep3_l15_s520383_mpnn31, skipping interface scoring
Base AF2 filters not passed for 6W1F-pep3_l15_s520383_mpnn32, skipping interface scoring
Base AF2 filters not passed for 6W1F-pep3_l15_s520383_mpnn33, skipping interface scoring
Base AF2 filters not passed for 6W1F-pep3_l15_s520383_mpnn34, skipping interface scoring
Base AF2 filters not passed for 6W1F-pep3_l15_s520383_mpnn35, skipping interface scoring
Base AF2 filters not passed for 6W1F-pep3_l15_s520383_mpnn36, skipping interface scoring
Base AF2 filters not passed for 6W1F-pep3_l15_s520383_mpnn37, skipping interface scoring
Base AF2 filters not passed for 6W1F-pep3_l15_s520383_mpnn38, skipping interface scoring
Base AF2 filters not passed for 6W1F-pep3_l15_s520383_mpnn39, skipping interface scoring
Base AF2 filters not passed for 6W1F-pep3_l15_s520383_mpnn40, skipping interface scoring
Base AF2 filters not passed for 6W1F-pep3_l15_s520383_mpnn41, skipping interface scoring
Base AF2 filters not passed for 6W1F-pep3_l15_s520383_mpnn42, skipping interface scoring
Base AF2 filters not passed for 6W1F-pep3_l15_s520383_mpnn43, skipping interface scoring
Base AF2 filters not passed for 6W1F-pep3_l15_s520383_mpnn44, skipping interface scoring
Base AF2 filters not passed for 6W1F-pep3_l15_s520383_mpnn45, skipping interface scoring
Base AF2 filters not passed for 6W1F-pep3_l15_s520383_mpnn46, skipping interface scoring
Base AF2 filters not passed for 6W1F-pep3_l15_s520383_mpnn47, skipping interface scoring
Base AF2 filters not passed for 6W1F-pep3_l15_s520383_mpnn48, skipping interface scoring
No accepted MPNN designs found for this trajectory.

Design and validation of trajectory 6W1F-pep3_l15_s520383 took: 0 hours, 14 minutes, 59 seconds

Processing trajectory 6W1F-pep3_l17_s535722
Base AF2 filters not passed for 6W1F-pep3_l17_s535722_mpnn1, skipping interface scoring
Base AF2 filters not passed for 6W1F-pep3_l17_s535722_mpnn2, skipping interface scoring
Base AF2 filters not passed for 6W1F-pep3_l17_s535722_mpnn3, skipping interface scoring
Base AF2 filters not passed for 6W1F-pep3_l17_s535722_mpnn4, skipping interface scoring
Base AF2 filters not passed for 6W1F-pep3_l17_s535722_mpnn5, skipping interface scoring
Base AF2 filters not passed for 6W1F-pep3_l17_s535722_mpnn6, skipping interface scoring
Base AF2 filters not passed for 6W1F-pep3_l17_s535722_mpnn7, skipping interface scoring
Base AF2 filters not passed for 6W1F-pep3_l17_s535722_mpnn8, skipping interface scoring
Base AF2 filters not passed for 6W1F-pep3_l17_s535722_mpnn9, skipping interface scoring
Base AF2 filters not passed for 6W1F-pep3_l17_s535722_mpnn10, skipping interface scoring
Base AF2 filters not passed for 6W1F-pep3_l17_s535722_mpnn11, skipping interface scoring
Base AF2 filters not passed for 6W1F-pep3_l17_s535722_mpnn12, skipping interface scoring
Base AF2 filters not passed for 6W1F-pep3_l17_s535722_mpnn13, skipping interface scoring
Base AF2 filters not passed for 6W1F-pep3_l17_s535722_mpnn14, skipping interface scoring
Base AF2 filters not passed for 6W1F-pep3_l17_s535722_mpnn15, skipping interface scoring
Base AF2 filters not passed for 6W1F-pep3_l17_s535722_mpnn16, skipping interface scoring
Base AF2 filters not passed for 6W1F-pep3_l17_s535722_mpnn17, skipping interface scoring
Base AF2 filters not passed for 6W1F-pep3_l17_s535722_mpnn18, skipping interface scoring
Base AF2 filters not passed for 6W1F-pep3_l17_s535722_mpnn19, skipping interface scoring
Base AF2 filters not passed for 6W1F-pep3_l17_s535722_mpnn20, skipping interface scoring
Base AF2 filters not passed for 6W1F-pep3_l17_s535722_mpnn21, skipping interface scoring
Base AF2 filters not passed for 6W1F-pep3_l17_s535722_mpnn22, skipping interface scoring
Base AF2 filters not passed for 6W1F-pep3_l17_s535722_mpnn23, skipping interface scoring
Base AF2 filters not passed for 6W1F-pep3_l17_s535722_mpnn24, skipping interface scoring
Base AF2 filters not passed for 6W1F-pep3_l17_s535722_mpnn25, skipping interface scoring
Base AF2 filters not passed for 6W1F-pep3_l17_s535722_mpnn26, skipping interface scoring
Base AF2 filters not passed for 6W1F-pep3_l17_s535722_mpnn27, skipping interface scoring
Base AF2 filters not passed for 6W1F-pep3_l17_s535722_mpnn28, skipping interface scoring
Base AF2 filters not passed for 6W1F-pep3_l17_s535722_mpnn29, skipping interface scoring
Base AF2 filters not passed for 6W1F-pep3_l17_s535722_mpnn30, skipping interface scoring
Base AF2 filters not passed for 6W1F-pep3_l17_s535722_mpnn31, skipping interface scoring
Base AF2 filters not passed for 6W1F-pep3_l17_s535722_mpnn32, skipping interface scoring
Base AF2 filters not passed for 6W1F-pep3_l17_s535722_mpnn33, skipping interface scoring
Base AF2 filters not passed for 6W1F-pep3_l17_s535722_mpnn34, skipping interface scoring
Base AF2 filters not passed for 6W1F-pep3_l17_s535722_mpnn35, skipping interface scoring
Base AF2 filters not passed for 6W1F-pep3_l17_s535722_mpnn36, skipping interface scoring
Base AF2 filters not passed for 6W1F-pep3_l17_s535722_mpnn37, skipping interface scoring
Base AF2 filters not passed for 6W1F-pep3_l17_s535722_mpnn38, skipping interface scoring
Base AF2 filters not passed for 6W1F-pep3_l17_s535722_mpnn39, skipping interface scoring
Base AF2 filters not passed for 6W1F-pep3_l17_s535722_mpnn40, skipping interface scoring
Base AF2 filters not passed for 6W1F-pep3_l17_s535722_mpnn41, skipping interface scoring
Base AF2 filters not passed for 6W1F-pep3_l17_s535722_mpnn42, skipping interface scoring
Base AF2 filters not passed for 6W1F-pep3_l17_s535722_mpnn43, skipping interface scoring
No accepted MPNN designs found for this trajectory.

Design and validation of trajectory 6W1F-pep3_l17_s535722 took: 0 hours, 14 minutes, 5 seconds

Processing trajectory 6W1F-pep3_l14_s169367
Base AF2 filters not passed for 6W1F-pep3_l14_s169367_mpnn1, skipping interface scoring
Base AF2 filters not passed for 6W1F-pep3_l14_s169367_mpnn2, skipping interface scoring
Base AF2 filters not passed for 6W1F-pep3_l14_s169367_mpnn3, skipping interface scoring
Base AF2 filters not passed for 6W1F-pep3_l14_s169367_mpnn4, skipping interface scoring
Base AF2 filters not passed for 6W1F-pep3_l14_s169367_mpnn5, skipping interface scoring
Base AF2 filters not passed for 6W1F-pep3_l14_s169367_mpnn6, skipping interface scoring
Base AF2 filters not passed for 6W1F-pep3_l14_s169367_mpnn7, skipping interface scoring
No accepted MPNN designs found for this trajectory.

Design and validation of trajectory 6W1F-pep3_l14_s169367 took: 0 hours, 4 minutes, 55 seconds

Processing trajectory 6W1F-pep3_l15_s144248
Base AF2 filters not passed for 6W1F-pep3_l15_s144248_mpnn1, skipping interface scoring
Base AF2 filters not passed for 6W1F-pep3_l15_s144248_mpnn2, skipping interface scoring
Base AF2 filters not passed for 6W1F-pep3_l15_s144248_mpnn3, skipping interface scoring
Base AF2 filters not passed for 6W1F-pep3_l15_s144248_mpnn4, skipping interface scoring
Base AF2 filters not passed for 6W1F-pep3_l15_s144248_mpnn5, skipping interface scoring
Base AF2 filters not passed for 6W1F-pep3_l15_s144248_mpnn6, skipping interface scoring
Base AF2 filters not passed for 6W1F-pep3_l15_s144248_mpnn7, skipping interface scoring
Base AF2 filters not passed for 6W1F-pep3_l15_s144248_mpnn8, skipping interface scoring
Base AF2 filters not passed for 6W1F-pep3_l15_s144248_mpnn9, skipping interface scoring
Base AF2 filters not passed for 6W1F-pep3_l15_s144248_mpnn10, skipping interface scoring
Base AF2 filters not passed for 6W1F-pep3_l15_s144248_mpnn11, skipping interface scoring
Base AF2 filters not passed for 6W1F-pep3_l15_s144248_mpnn12, skipping interface scoring
Base AF2 filters not passed for 6W1F-pep3_l15_s144248_mpnn13, skipping interface scoring
Base AF2 filters not passed for 6W1F-pep3_l15_s144248_mpnn14, skipping interface scoring
Base AF2 filters not passed for 6W1F-pep3_l15_s144248_mpnn15, skipping interface scoring
Base AF2 filters not passed for 6W1F-pep3_l15_s144248_mpnn16, skipping interface scoring
Base AF2 filters not passed for 6W1F-pep3_l15_s144248_mpnn17, skipping interface scoring
Base AF2 filters not passed for 6W1F-pep3_l15_s144248_mpnn18, skipping interface scoring
Base AF2 filters not passed for 6W1F-pep3_l15_s144248_mpnn19, skipping interface scoring
Base AF2 filters not passed for 6W1F-pep3_l15_s144248_mpnn20, skipping interface scoring
Base AF2 filters not passed for 6W1F-pep3_l15_s144248_mpnn21, skipping interface scoring
Base AF2 filters not passed for 6W1F-pep3_l15_s144248_mpnn22, skipping interface scoring
Base AF2 filters not passed for 6W1F-pep3_l15_s144248_mpnn23, skipping interface scoring
Base AF2 filters not passed for 6W1F-pep3_l15_s144248_mpnn24, skipping interface scoring
Base AF2 filters not passed for 6W1F-pep3_l15_s144248_mpnn25, skipping interface scoring
Base AF2 filters not passed for 6W1F-pep3_l15_s144248_mpnn26, skipping interface scoring
Base AF2 filters not passed for 6W1F-pep3_l15_s144248_mpnn27, skipping interface scoring
Base AF2 filters not passed for 6W1F-pep3_l15_s144248_mpnn28, skipping interface scoring
Base AF2 filters not passed for 6W1F-pep3_l15_s144248_mpnn29, skipping interface scoring
Base AF2 filters not passed for 6W1F-pep3_l15_s144248_mpnn30, skipping interface scoring
Base AF2 filters not passed for 6W1F-pep3_l15_s144248_mpnn31, skipping interface scoring
Base AF2 filters not passed for 6W1F-pep3_l15_s144248_mpnn32, skipping interface scoring
Base AF2 filters not passed for 6W1F-pep3_l15_s144248_mpnn33, skipping interface scoring
Base AF2 filters not passed for 6W1F-pep3_l15_s144248_mpnn34, skipping interface scoring
Base AF2 filters not passed for 6W1F-pep3_l15_s144248_mpnn35, skipping interface scoring
Base AF2 filters not passed for 6W1F-pep3_l15_s144248_mpnn36, skipping interface scoring
Base AF2 filters not passed for 6W1F-pep3_l15_s144248_mpnn37, skipping interface scoring
Base AF2 filters not passed for 6W1F-pep3_l15_s144248_mpnn38, skipping interface scoring
Base AF2 filters not passed for 6W1F-pep3_l15_s144248_mpnn39, skipping interface scoring
Base AF2 filters not passed for 6W1F-pep3_l15_s144248_mpnn40, skipping interface scoring
Base AF2 filters not passed for 6W1F-pep3_l15_s144248_mpnn41, skipping interface scoring
No accepted MPNN designs found for this trajectory.

Design and validation of trajectory 6W1F-pep3_l15_s144248 took: 0 hours, 13 minutes, 18 seconds

Processing trajectory 6W1F-pep3_l16_s446445
Base AF2 filters not passed for 6W1F-pep3_l16_s446445_mpnn1, skipping interface scoring
Base AF2 filters not passed for 6W1F-pep3_l16_s446445_mpnn2, skipping interface scoring
Base AF2 filters not passed for 6W1F-pep3_l16_s446445_mpnn3, skipping interface scoring
Base AF2 filters not passed for 6W1F-pep3_l16_s446445_mpnn4, skipping interface scoring
Base AF2 filters not passed for 6W1F-pep3_l16_s446445_mpnn5, skipping interface scoring
Base AF2 filters not passed for 6W1F-pep3_l16_s446445_mpnn6, skipping interface scoring
Base AF2 filters not passed for 6W1F-pep3_l16_s446445_mpnn7, skipping interface scoring
Base AF2 filters not passed for 6W1F-pep3_l16_s446445_mpnn8, skipping interface scoring
Base AF2 filters not passed for 6W1F-pep3_l16_s446445_mpnn9, skipping interface scoring
Base AF2 filters not passed for 6W1F-pep3_l16_s446445_mpnn10, skipping interface scoring
Base AF2 filters not passed for 6W1F-pep3_l16_s446445_mpnn11, skipping interface scoring
Base AF2 filters not passed for 6W1F-pep3_l16_s446445_mpnn12, skipping interface scoring
Base AF2 filters not passed for 6W1F-pep3_l16_s446445_mpnn13, skipping interface scoring
Base AF2 filters not passed for 6W1F-pep3_l16_s446445_mpnn14, skipping interface scoring
Base AF2 filters not passed for 6W1F-pep3_l16_s446445_mpnn15, skipping interface scoring
Base AF2 filters not passed for 6W1F-pep3_l16_s446445_mpnn16, skipping interface scoring
Base AF2 filters not passed for 6W1F-pep3_l16_s446445_mpnn17, skipping interface scoring
Base AF2 filters not passed for 6W1F-pep3_l16_s446445_mpnn18, skipping interface scoring
Base AF2 filters not passed for 6W1F-pep3_l16_s446445_mpnn19, skipping interface scoring
Base AF2 filters not passed for 6W1F-pep3_l16_s446445_mpnn20, skipping interface scoring
Base AF2 filters not passed for 6W1F-pep3_l16_s446445_mpnn21, skipping interface scoring
Base AF2 filters not passed for 6W1F-pep3_l16_s446445_mpnn22, skipping interface scoring
Base AF2 filters not passed for 6W1F-pep3_l16_s446445_mpnn23, skipping interface scoring
Base AF2 filters not passed for 6W1F-pep3_l16_s446445_mpnn24, skipping interface scoring
Base AF2 filters not passed for 6W1F-pep3_l16_s446445_mpnn25, skipping interface scoring
Base AF2 filters not passed for 6W1F-pep3_l16_s446445_mpnn26, skipping interface scoring
Base AF2 filters not passed for 6W1F-pep3_l16_s446445_mpnn27, skipping interface scoring
Base AF2 filters not passed for 6W1F-pep3_l16_s446445_mpnn28, skipping interface scoring
Base AF2 filters not passed for 6W1F-pep3_l16_s446445_mpnn29, skipping interface scoring
Base AF2 filters not passed for 6W1F-pep3_l16_s446445_mpnn30, skipping interface scoring
Base AF2 filters not passed for 6W1F-pep3_l16_s446445_mpnn31, skipping interface scoring
Base AF2 filters not passed for 6W1F-pep3_l16_s446445_mpnn32, skipping interface scoring
Base AF2 filters not passed for 6W1F-pep3_l16_s446445_mpnn33, skipping interface scoring
Base AF2 filters not passed for 6W1F-pep3_l16_s446445_mpnn34, skipping interface scoring
Base AF2 filters not passed for 6W1F-pep3_l16_s446445_mpnn35, skipping interface scoring
Base AF2 filters not passed for 6W1F-pep3_l16_s446445_mpnn36, skipping interface scoring
Base AF2 filters not passed for 6W1F-pep3_l16_s446445_mpnn37, skipping interface scoring
Base AF2 filters not passed for 6W1F-pep3_l16_s446445_mpnn38, skipping interface scoring
Base AF2 filters not passed for 6W1F-pep3_l16_s446445_mpnn39, skipping interface scoring
Base AF2 filters not passed for 6W1F-pep3_l16_s446445_mpnn40, skipping interface scoring
Base AF2 filters not passed for 6W1F-pep3_l16_s446445_mpnn41, skipping interface scoring
No accepted MPNN designs found for this trajectory.

Design and validation of trajectory 6W1F-pep3_l16_s446445 took: 0 hours, 12 minutes, 22 seconds

Processing trajectory 6W1F-pep3_l17_s879708
Base AF2 filters not passed for 6W1F-pep3_l17_s879708_mpnn1, skipping interface scoring
Base AF2 filters not passed for 6W1F-pep3_l17_s879708_mpnn2, skipping interface scoring
6W1F-pep3_l17_s879708_mpnn3 passed all filters
6W1F-pep3_l17_s879708_mpnn4 passed all filters
Base AF2 filters not passed for 6W1F-pep3_l17_s879708_mpnn5, skipping interface scoring
Base AF2 filters not passed for 6W1F-pep3_l17_s879708_mpnn6, skipping interface scoring
Base AF2 filters not passed for 6W1F-pep3_l17_s879708_mpnn7, skipping interface scoring
6W1F-pep3_l17_s879708_mpnn8 passed all filters
Base AF2 filters not passed for 6W1F-pep3_l17_s879708_mpnn9, skipping interface scoring
Base AF2 filters not passed for 6W1F-pep3_l17_s879708_mpnn10, skipping interface scoring
6W1F-pep3_l17_s879708_mpnn11 passed all filters
Base AF2 filters not passed for 6W1F-pep3_l17_s879708_mpnn12, skipping interface scoring
Base AF2 filters not passed for 6W1F-pep3_l17_s879708_mpnn13, skipping interface scoring
Base AF2 filters not passed for 6W1F-pep3_l17_s879708_mpnn14, skipping interface scoring
Base AF2 filters not passed for 6W1F-pep3_l17_s879708_mpnn15, skipping interface scoring
Base AF2 filters not passed for 6W1F-pep3_l17_s879708_mpnn16, skipping interface scoring
Base AF2 filters not passed for 6W1F-pep3_l17_s879708_mpnn17, skipping interface scoring
Base AF2 filters not passed for 6W1F-pep3_l17_s879708_mpnn18, skipping interface scoring
Base AF2 filters not passed for 6W1F-pep3_l17_s879708_mpnn19, skipping interface scoring
Base AF2 filters not passed for 6W1F-pep3_l17_s879708_mpnn20, skipping interface scoring
Unmet filter conditions for 6W1F-pep3_l17_s879708_mpnn21
Base AF2 filters not passed for 6W1F-pep3_l17_s879708_mpnn22, skipping interface scoring
Base AF2 filters not passed for 6W1F-pep3_l17_s879708_mpnn23, skipping interface scoring
Base AF2 filters not passed for 6W1F-pep3_l17_s879708_mpnn24, skipping interface scoring
Base AF2 filters not passed for 6W1F-pep3_l17_s879708_mpnn25, skipping interface scoring
Base AF2 filters not passed for 6W1F-pep3_l17_s879708_mpnn26, skipping interface scoring
Base AF2 filters not passed for 6W1F-pep3_l17_s879708_mpnn27, skipping interface scoring
Unmet filter conditions for 6W1F-pep3_l17_s879708_mpnn28
Base AF2 filters not passed for 6W1F-pep3_l17_s879708_mpnn29, skipping interface scoring
Base AF2 filters not passed for 6W1F-pep3_l17_s879708_mpnn30, skipping interface scoring
Base AF2 filters not passed for 6W1F-pep3_l17_s879708_mpnn31, skipping interface scoring
Base AF2 filters not passed for 6W1F-pep3_l17_s879708_mpnn32, skipping interface scoring
6W1F-pep3_l17_s879708_mpnn33 passed all filters
6W1F-pep3_l17_s879708_mpnn34 passed all filters
Base AF2 filters not passed for 6W1F-pep3_l17_s879708_mpnn35, skipping interface scoring
Base AF2 filters not passed for 6W1F-pep3_l17_s879708_mpnn36, skipping interface scoring
Base AF2 filters not passed for 6W1F-pep3_l17_s879708_mpnn37, skipping interface scoring
Base AF2 filters not passed for 6W1F-pep3_l17_s879708_mpnn38, skipping interface scoring
Found 6 MPNN designs passing filters

Design and validation of trajectory 6W1F-pep3_l17_s879708 took: 1 hours, 1 minutes, 25 seconds

Processing trajectory 6W1F-pep3_l17_s579518
Base AF2 filters not passed for 6W1F-pep3_l17_s579518_mpnn1, skipping interface scoring
Base AF2 filters not passed for 6W1F-pep3_l17_s579518_mpnn2, skipping interface scoring
Base AF2 filters not passed for 6W1F-pep3_l17_s579518_mpnn3, skipping interface scoring
Base AF2 filters not passed for 6W1F-pep3_l17_s579518_mpnn4, skipping interface scoring
Base AF2 filters not passed for 6W1F-pep3_l17_s579518_mpnn5, skipping interface scoring
Base AF2 filters not passed for 6W1F-pep3_l17_s579518_mpnn6, skipping interface scoring
Base AF2 filters not passed for 6W1F-pep3_l17_s579518_mpnn7, skipping interface scoring
Base AF2 filters not passed for 6W1F-pep3_l17_s579518_mpnn8, skipping interface scoring
Base AF2 filters not passed for 6W1F-pep3_l17_s579518_mpnn9, skipping interface scoring
Base AF2 filters not passed for 6W1F-pep3_l17_s579518_mpnn10, skipping interface scoring
Base AF2 filters not passed for 6W1F-pep3_l17_s579518_mpnn11, skipping interface scoring
Base AF2 filters not passed for 6W1F-pep3_l17_s579518_mpnn12, skipping interface scoring
Base AF2 filters not passed for 6W1F-pep3_l17_s579518_mpnn13, skipping interface scoring
Base AF2 filters not passed for 6W1F-pep3_l17_s579518_mpnn14, skipping interface scoring
Base AF2 filters not passed for 6W1F-pep3_l17_s579518_mpnn15, skipping interface scoring
Base AF2 filters not passed for 6W1F-pep3_l17_s579518_mpnn16, skipping interface scoring
Base AF2 filters not passed for 6W1F-pep3_l17_s579518_mpnn17, skipping interface scoring
Base AF2 filters not passed for 6W1F-pep3_l17_s579518_mpnn18, skipping interface scoring
Base AF2 filters not passed for 6W1F-pep3_l17_s579518_mpnn19, skipping interface scoring
Base AF2 filters not passed for 6W1F-pep3_l17_s579518_mpnn20, skipping interface scoring
Base AF2 filters not passed for 6W1F-pep3_l17_s579518_mpnn21, skipping interface scoring
Base AF2 filters not passed for 6W1F-pep3_l17_s579518_mpnn22, skipping interface scoring
Base AF2 filters not passed for 6W1F-pep3_l17_s579518_mpnn23, skipping interface scoring
Base AF2 filters not passed for 6W1F-pep3_l17_s579518_mpnn24, skipping interface scoring
Base AF2 filters not passed for 6W1F-pep3_l17_s579518_mpnn25, skipping interface scoring
Base AF2 filters not passed for 6W1F-pep3_l17_s579518_mpnn26, skipping interface scoring
Base AF2 filters not passed for 6W1F-pep3_l17_s579518_mpnn27, skipping interface scoring
Base AF2 filters not passed for 6W1F-pep3_l17_s579518_mpnn28, skipping interface scoring
Base AF2 filters not passed for 6W1F-pep3_l17_s579518_mpnn29, skipping interface scoring
Base AF2 filters not passed for 6W1F-pep3_l17_s579518_mpnn30, skipping interface scoring
Base AF2 filters not passed for 6W1F-pep3_l17_s579518_mpnn31, skipping interface scoring
Base AF2 filters not passed for 6W1F-pep3_l17_s579518_mpnn32, skipping interface scoring
Base AF2 filters not passed for 6W1F-pep3_l17_s579518_mpnn33, skipping interface scoring
Base AF2 filters not passed for 6W1F-pep3_l17_s579518_mpnn34, skipping interface scoring
Base AF2 filters not passed for 6W1F-pep3_l17_s579518_mpnn35, skipping interface scoring
Base AF2 filters not passed for 6W1F-pep3_l17_s579518_mpnn36, skipping interface scoring
Base AF2 filters not passed for 6W1F-pep3_l17_s579518_mpnn37, skipping interface scoring
Base AF2 filters not passed for 6W1F-pep3_l17_s579518_mpnn38, skipping interface scoring
Base AF2 filters not passed for 6W1F-pep3_l17_s579518_mpnn39, skipping interface scoring
Base AF2 filters not passed for 6W1F-pep3_l17_s579518_mpnn40, skipping interface scoring
Base AF2 filters not passed for 6W1F-pep3_l17_s579518_mpnn41, skipping interface scoring
Base AF2 filters not passed for 6W1F-pep3_l17_s579518_mpnn42, skipping interface scoring
Base AF2 filters not passed for 6W1F-pep3_l17_s579518_mpnn43, skipping interface scoring
Base AF2 filters not passed for 6W1F-pep3_l17_s579518_mpnn44, skipping interface scoring
Base AF2 filters not passed for 6W1F-pep3_l17_s579518_mpnn45, skipping interface scoring
Base AF2 filters not passed for 6W1F-pep3_l17_s579518_mpnn46, skipping interface scoring
Base AF2 filters not passed for 6W1F-pep3_l17_s579518_mpnn47, skipping interface scoring
No accepted MPNN designs found for this trajectory.

Design and validation of trajectory 6W1F-pep3_l17_s579518 took: 0 hours, 14 minutes, 54 seconds

Processing trajectory 6W1F-pep3_l17_s912368
Base AF2 filters not passed for 6W1F-pep3_l17_s912368_mpnn1, skipping interface scoring
Base AF2 filters not passed for 6W1F-pep3_l17_s912368_mpnn2, skipping interface scoring
Base AF2 filters not passed for 6W1F-pep3_l17_s912368_mpnn3, skipping interface scoring
Base AF2 filters not passed for 6W1F-pep3_l17_s912368_mpnn4, skipping interface scoring
Base AF2 filters not passed for 6W1F-pep3_l17_s912368_mpnn5, skipping interface scoring
Base AF2 filters not passed for 6W1F-pep3_l17_s912368_mpnn6, skipping interface scoring
Base AF2 filters not passed for 6W1F-pep3_l17_s912368_mpnn7, skipping interface scoring
Base AF2 filters not passed for 6W1F-pep3_l17_s912368_mpnn8, skipping interface scoring
Base AF2 filters not passed for 6W1F-pep3_l17_s912368_mpnn9, skipping interface scoring
Base AF2 filters not passed for 6W1F-pep3_l17_s912368_mpnn10, skipping interface scoring
Base AF2 filters not passed for 6W1F-pep3_l17_s912368_mpnn11, skipping interface scoring
Base AF2 filters not passed for 6W1F-pep3_l17_s912368_mpnn12, skipping interface scoring
Base AF2 filters not passed for 6W1F-pep3_l17_s912368_mpnn13, skipping interface scoring
Base AF2 filters not passed for 6W1F-pep3_l17_s912368_mpnn14, skipping interface scoring
Base AF2 filters not passed for 6W1F-pep3_l17_s912368_mpnn15, skipping interface scoring
Base AF2 filters not passed for 6W1F-pep3_l17_s912368_mpnn16, skipping interface scoring
Base AF2 filters not passed for 6W1F-pep3_l17_s912368_mpnn17, skipping interface scoring
Base AF2 filters not passed for 6W1F-pep3_l17_s912368_mpnn18, skipping interface scoring
Base AF2 filters not passed for 6W1F-pep3_l17_s912368_mpnn19, skipping interface scoring
Base AF2 filters not passed for 6W1F-pep3_l17_s912368_mpnn20, skipping interface scoring
Base AF2 filters not passed for 6W1F-pep3_l17_s912368_mpnn21, skipping interface scoring
Base AF2 filters not passed for 6W1F-pep3_l17_s912368_mpnn22, skipping interface scoring
Base AF2 filters not passed for 6W1F-pep3_l17_s912368_mpnn23, skipping interface scoring
Base AF2 filters not passed for 6W1F-pep3_l17_s912368_mpnn24, skipping interface scoring
Base AF2 filters not passed for 6W1F-pep3_l17_s912368_mpnn25, skipping interface scoring
Base AF2 filters not passed for 6W1F-pep3_l17_s912368_mpnn26, skipping interface scoring
Base AF2 filters not passed for 6W1F-pep3_l17_s912368_mpnn27, skipping interface scoring
Base AF2 filters not passed for 6W1F-pep3_l17_s912368_mpnn28, skipping interface scoring
Base AF2 filters not passed for 6W1F-pep3_l17_s912368_mpnn29, skipping interface scoring
Base AF2 filters not passed for 6W1F-pep3_l17_s912368_mpnn30, skipping interface scoring
Base AF2 filters not passed for 6W1F-pep3_l17_s912368_mpnn31, skipping interface scoring
Base AF2 filters not passed for 6W1F-pep3_l17_s912368_mpnn32, skipping interface scoring
Base AF2 filters not passed for 6W1F-pep3_l17_s912368_mpnn33, skipping interface scoring
Base AF2 filters not passed for 6W1F-pep3_l17_s912368_mpnn34, skipping interface scoring
Base AF2 filters not passed for 6W1F-pep3_l17_s912368_mpnn35, skipping interface scoring
Base AF2 filters not passed for 6W1F-pep3_l17_s912368_mpnn36, skipping interface scoring
Base AF2 filters not passed for 6W1F-pep3_l17_s912368_mpnn37, skipping interface scoring
Base AF2 filters not passed for 6W1F-pep3_l17_s912368_mpnn38, skipping interface scoring
Base AF2 filters not passed for 6W1F-pep3_l17_s912368_mpnn39, skipping interface scoring
Base AF2 filters not passed for 6W1F-pep3_l17_s912368_mpnn40, skipping interface scoring
Base AF2 filters not passed for 6W1F-pep3_l17_s912368_mpnn41, skipping interface scoring
Base AF2 filters not passed for 6W1F-pep3_l17_s912368_mpnn42, skipping interface scoring
Base AF2 filters not passed for 6W1F-pep3_l17_s912368_mpnn43, skipping interface scoring
Base AF2 filters not passed for 6W1F-pep3_l17_s912368_mpnn44, skipping interface scoring
Base AF2 filters not passed for 6W1F-pep3_l17_s912368_mpnn45, skipping interface scoring
Base AF2 filters not passed for 6W1F-pep3_l17_s912368_mpnn46, skipping interface scoring
Base AF2 filters not passed for 6W1F-pep3_l17_s912368_mpnn47, skipping interface scoring
Base AF2 filters not passed for 6W1F-pep3_l17_s912368_mpnn48, skipping interface scoring
Base AF2 filters not passed for 6W1F-pep3_l17_s912368_mpnn49, skipping interface scoring
No accepted MPNN designs found for this trajectory.

Design and validation of trajectory 6W1F-pep3_l17_s912368 took: 0 hours, 15 minutes, 30 seconds

Processing trajectory 6W1F-pep3_l15_s274809
Base AF2 filters not passed for 6W1F-pep3_l15_s274809_mpnn1, skipping interface scoring
Base AF2 filters not passed for 6W1F-pep3_l15_s274809_mpnn2, skipping interface scoring
Base AF2 filters not passed for 6W1F-pep3_l15_s274809_mpnn3, skipping interface scoring
Base AF2 filters not passed for 6W1F-pep3_l15_s274809_mpnn4, skipping interface scoring
Base AF2 filters not passed for 6W1F-pep3_l15_s274809_mpnn5, skipping interface scoring
Base AF2 filters not passed for 6W1F-pep3_l15_s274809_mpnn6, skipping interface scoring
Base AF2 filters not passed for 6W1F-pep3_l15_s274809_mpnn7, skipping interface scoring
Base AF2 filters not passed for 6W1F-pep3_l15_s274809_mpnn8, skipping interface scoring
Base AF2 filters not passed for 6W1F-pep3_l15_s274809_mpnn9, skipping interface scoring
Base AF2 filters not passed for 6W1F-pep3_l15_s274809_mpnn10, skipping interface scoring
Base AF2 filters not passed for 6W1F-pep3_l15_s274809_mpnn11, skipping interface scoring
Base AF2 filters not passed for 6W1F-pep3_l15_s274809_mpnn12, skipping interface scoring
Base AF2 filters not passed for 6W1F-pep3_l15_s274809_mpnn13, skipping interface scoring
Base AF2 filters not passed for 6W1F-pep3_l15_s274809_mpnn14, skipping interface scoring
Base AF2 filters not passed for 6W1F-pep3_l15_s274809_mpnn15, skipping interface scoring
Base AF2 filters not passed for 6W1F-pep3_l15_s274809_mpnn16, skipping interface scoring
Base AF2 filters not passed for 6W1F-pep3_l15_s274809_mpnn17, skipping interface scoring
Base AF2 filters not passed for 6W1F-pep3_l15_s274809_mpnn18, skipping interface scoring
Base AF2 filters not passed for 6W1F-pep3_l15_s274809_mpnn19, skipping interface scoring
Base AF2 filters not passed for 6W1F-pep3_l15_s274809_mpnn20, skipping interface scoring
Base AF2 filters not passed for 6W1F-pep3_l15_s274809_mpnn21, skipping interface scoring
Base AF2 filters not passed for 6W1F-pep3_l15_s274809_mpnn22, skipping interface scoring
Base AF2 filters not passed for 6W1F-pep3_l15_s274809_mpnn23, skipping interface scoring
Base AF2 filters not passed for 6W1F-pep3_l15_s274809_mpnn24, skipping interface scoring
Base AF2 filters not passed for 6W1F-pep3_l15_s274809_mpnn25, skipping interface scoring
Base AF2 filters not passed for 6W1F-pep3_l15_s274809_mpnn26, skipping interface scoring
Base AF2 filters not passed for 6W1F-pep3_l15_s274809_mpnn27, skipping interface scoring
Base AF2 filters not passed for 6W1F-pep3_l15_s274809_mpnn28, skipping interface scoring
Base AF2 filters not passed for 6W1F-pep3_l15_s274809_mpnn29, skipping interface scoring
Base AF2 filters not passed for 6W1F-pep3_l15_s274809_mpnn30, skipping interface scoring
Base AF2 filters not passed for 6W1F-pep3_l15_s274809_mpnn31, skipping interface scoring
No accepted MPNN designs found for this trajectory.

Design and validation of trajectory 6W1F-pep3_l15_s274809 took: 0 hours, 9 minutes, 54 seconds

Processing trajectory 6W1F-pep3_l14_s723628
Base AF2 filters not passed for 6W1F-pep3_l14_s723628_mpnn1, skipping interface scoring
Base AF2 filters not passed for 6W1F-pep3_l14_s723628_mpnn2, skipping interface scoring
Base AF2 filters not passed for 6W1F-pep3_l14_s723628_mpnn3, skipping interface scoring
Base AF2 filters not passed for 6W1F-pep3_l14_s723628_mpnn4, skipping interface scoring
Base AF2 filters not passed for 6W1F-pep3_l14_s723628_mpnn5, skipping interface scoring
Base AF2 filters not passed for 6W1F-pep3_l14_s723628_mpnn6, skipping interface scoring
Base AF2 filters not passed for 6W1F-pep3_l14_s723628_mpnn7, skipping interface scoring
Base AF2 filters not passed for 6W1F-pep3_l14_s723628_mpnn8, skipping interface scoring
Base AF2 filters not passed for 6W1F-pep3_l14_s723628_mpnn9, skipping interface scoring
Base AF2 filters not passed for 6W1F-pep3_l14_s723628_mpnn10, skipping interface scoring
Base AF2 filters not passed for 6W1F-pep3_l14_s723628_mpnn11, skipping interface scoring
No accepted MPNN designs found for this trajectory.

Design and validation of trajectory 6W1F-pep3_l14_s723628 took: 0 hours, 3 minutes, 59 seconds

Processing trajectory 6W1F-pep3_l14_s34115
Base AF2 filters not passed for 6W1F-pep3_l14_s34115_mpnn1, skipping interface scoring
Base AF2 filters not passed for 6W1F-pep3_l14_s34115_mpnn2, skipping interface scoring
Base AF2 filters not passed for 6W1F-pep3_l14_s34115_mpnn3, skipping interface scoring
Base AF2 filters not passed for 6W1F-pep3_l14_s34115_mpnn4, skipping interface scoring
Base AF2 filters not passed for 6W1F-pep3_l14_s34115_mpnn5, skipping interface scoring
Base AF2 filters not passed for 6W1F-pep3_l14_s34115_mpnn6, skipping interface scoring
Base AF2 filters not passed for 6W1F-pep3_l14_s34115_mpnn7, skipping interface scoring
Base AF2 filters not passed for 6W1F-pep3_l14_s34115_mpnn8, skipping interface scoring
Base AF2 filters not passed for 6W1F-pep3_l14_s34115_mpnn9, skipping interface scoring
Base AF2 filters not passed for 6W1F-pep3_l14_s34115_mpnn10, skipping interface scoring
Base AF2 filters not passed for 6W1F-pep3_l14_s34115_mpnn11, skipping interface scoring
Base AF2 filters not passed for 6W1F-pep3_l14_s34115_mpnn12, skipping interface scoring
Base AF2 filters not passed for 6W1F-pep3_l14_s34115_mpnn13, skipping interface scoring
Base AF2 filters not passed for 6W1F-pep3_l14_s34115_mpnn14, skipping interface scoring
Base AF2 filters not passed for 6W1F-pep3_l14_s34115_mpnn15, skipping interface scoring
Base AF2 filters not passed for 6W1F-pep3_l14_s34115_mpnn16, skipping interface scoring
Base AF2 filters not passed for 6W1F-pep3_l14_s34115_mpnn17, skipping interface scoring
Base AF2 filters not passed for 6W1F-pep3_l14_s34115_mpnn18, skipping interface scoring
Base AF2 filters not passed for 6W1F-pep3_l14_s34115_mpnn19, skipping interface scoring
Base AF2 filters not passed for 6W1F-pep3_l14_s34115_mpnn20, skipping interface scoring
Base AF2 filters not passed for 6W1F-pep3_l14_s34115_mpnn21, skipping interface scoring
Base AF2 filters not passed for 6W1F-pep3_l14_s34115_mpnn22, skipping interface scoring
Base AF2 filters not passed for 6W1F-pep3_l14_s34115_mpnn23, skipping interface scoring
Base AF2 filters not passed for 6W1F-pep3_l14_s34115_mpnn24, skipping interface scoring
Base AF2 filters not passed for 6W1F-pep3_l14_s34115_mpnn25, skipping interface scoring
Base AF2 filters not passed for 6W1F-pep3_l14_s34115_mpnn26, skipping interface scoring
Base AF2 filters not passed for 6W1F-pep3_l14_s34115_mpnn27, skipping interface scoring
Base AF2 filters not passed for 6W1F-pep3_l14_s34115_mpnn28, skipping interface scoring
Base AF2 filters not passed for 6W1F-pep3_l14_s34115_mpnn29, skipping interface scoring
Base AF2 filters not passed for 6W1F-pep3_l14_s34115_mpnn30, skipping interface scoring
Base AF2 filters not passed for 6W1F-pep3_l14_s34115_mpnn31, skipping interface scoring
Base AF2 filters not passed for 6W1F-pep3_l14_s34115_mpnn32, skipping interface scoring
Base AF2 filters not passed for 6W1F-pep3_l14_s34115_mpnn33, skipping interface scoring
Base AF2 filters not passed for 6W1F-pep3_l14_s34115_mpnn34, skipping interface scoring
Base AF2 filters not passed for 6W1F-pep3_l14_s34115_mpnn35, skipping interface scoring
Base AF2 filters not passed for 6W1F-pep3_l14_s34115_mpnn36, skipping interface scoring
Base AF2 filters not passed for 6W1F-pep3_l14_s34115_mpnn37, skipping interface scoring
Base AF2 filters not passed for 6W1F-pep3_l14_s34115_mpnn38, skipping interface scoring
Base AF2 filters not passed for 6W1F-pep3_l14_s34115_mpnn39, skipping interface scoring
Base AF2 filters not passed for 6W1F-pep3_l14_s34115_mpnn40, skipping interface scoring
No accepted MPNN designs found for this trajectory.

Design and validation of trajectory 6W1F-pep3_l14_s34115 took: 0 hours, 12 minutes, 55 seconds

Processing trajectory 6W1F-pep3_l14_s114916
Base AF2 filters not passed for 6W1F-pep3_l14_s114916_mpnn1, skipping interface scoring
Base AF2 filters not passed for 6W1F-pep3_l14_s114916_mpnn2, skipping interface scoring
Base AF2 filters not passed for 6W1F-pep3_l14_s114916_mpnn3, skipping interface scoring
Base AF2 filters not passed for 6W1F-pep3_l14_s114916_mpnn4, skipping interface scoring
Base AF2 filters not passed for 6W1F-pep3_l14_s114916_mpnn5, skipping interface scoring
Base AF2 filters not passed for 6W1F-pep3_l14_s114916_mpnn6, skipping interface scoring
Base AF2 filters not passed for 6W1F-pep3_l14_s114916_mpnn7, skipping interface scoring
Base AF2 filters not passed for 6W1F-pep3_l14_s114916_mpnn8, skipping interface scoring
Base AF2 filters not passed for 6W1F-pep3_l14_s114916_mpnn9, skipping interface scoring
Base AF2 filters not passed for 6W1F-pep3_l14_s114916_mpnn10, skipping interface scoring
Base AF2 filters not passed for 6W1F-pep3_l14_s114916_mpnn11, skipping interface scoring
Base AF2 filters not passed for 6W1F-pep3_l14_s114916_mpnn12, skipping interface scoring
Base AF2 filters not passed for 6W1F-pep3_l14_s114916_mpnn13, skipping interface scoring
Base AF2 filters not passed for 6W1F-pep3_l14_s114916_mpnn14, skipping interface scoring
Base AF2 filters not passed for 6W1F-pep3_l14_s114916_mpnn15, skipping interface scoring
Base AF2 filters not passed for 6W1F-pep3_l14_s114916_mpnn16, skipping interface scoring
Base AF2 filters not passed for 6W1F-pep3_l14_s114916_mpnn17, skipping interface scoring
Base AF2 filters not passed for 6W1F-pep3_l14_s114916_mpnn18, skipping interface scoring
Base AF2 filters not passed for 6W1F-pep3_l14_s114916_mpnn19, skipping interface scoring
Base AF2 filters not passed for 6W1F-pep3_l14_s114916_mpnn20, skipping interface scoring
Base AF2 filters not passed for 6W1F-pep3_l14_s114916_mpnn21, skipping interface scoring
Base AF2 filters not passed for 6W1F-pep3_l14_s114916_mpnn22, skipping interface scoring
Base AF2 filters not passed for 6W1F-pep3_l14_s114916_mpnn23, skipping interface scoring
Base AF2 filters not passed for 6W1F-pep3_l14_s114916_mpnn24, skipping interface scoring
Base AF2 filters not passed for 6W1F-pep3_l14_s114916_mpnn25, skipping interface scoring
Base AF2 filters not passed for 6W1F-pep3_l14_s114916_mpnn26, skipping interface scoring
Base AF2 filters not passed for 6W1F-pep3_l14_s114916_mpnn27, skipping interface scoring
Base AF2 filters not passed for 6W1F-pep3_l14_s114916_mpnn28, skipping interface scoring
Base AF2 filters not passed for 6W1F-pep3_l14_s114916_mpnn29, skipping interface scoring
Base AF2 filters not passed for 6W1F-pep3_l14_s114916_mpnn30, skipping interface scoring
No accepted MPNN designs found for this trajectory.

Design and validation of trajectory 6W1F-pep3_l14_s114916 took: 0 hours, 9 minutes, 56 seconds

Processing trajectory 6W1F-pep3_l13_s842578
Base AF2 filters not passed for 6W1F-pep3_l13_s842578_mpnn1, skipping interface scoring
Base AF2 filters not passed for 6W1F-pep3_l13_s842578_mpnn2, skipping interface scoring
Base AF2 filters not passed for 6W1F-pep3_l13_s842578_mpnn3, skipping interface scoring
Base AF2 filters not passed for 6W1F-pep3_l13_s842578_mpnn4, skipping interface scoring
Base AF2 filters not passed for 6W1F-pep3_l13_s842578_mpnn5, skipping interface scoring
Base AF2 filters not passed for 6W1F-pep3_l13_s842578_mpnn6, skipping interface scoring
Base AF2 filters not passed for 6W1F-pep3_l13_s842578_mpnn7, skipping interface scoring
Base AF2 filters not passed for 6W1F-pep3_l13_s842578_mpnn8, skipping interface scoring
Base AF2 filters not passed for 6W1F-pep3_l13_s842578_mpnn9, skipping interface scoring
Base AF2 filters not passed for 6W1F-pep3_l13_s842578_mpnn10, skipping interface scoring
Base AF2 filters not passed for 6W1F-pep3_l13_s842578_mpnn11, skipping interface scoring
No accepted MPNN designs found for this trajectory.

Design and validation of trajectory 6W1F-pep3_l13_s842578 took: 0 hours, 3 minutes, 56 seconds

Processing trajectory 6W1F-pep3_l16_s939332
Base AF2 filters not passed for 6W1F-pep3_l16_s939332_mpnn1, skipping interface scoring
Base AF2 filters not passed for 6W1F-pep3_l16_s939332_mpnn2, skipping interface scoring
Base AF2 filters not passed for 6W1F-pep3_l16_s939332_mpnn3, skipping interface scoring
Base AF2 filters not passed for 6W1F-pep3_l16_s939332_mpnn4, skipping interface scoring
Base AF2 filters not passed for 6W1F-pep3_l16_s939332_mpnn5, skipping interface scoring
Base AF2 filters not passed for 6W1F-pep3_l16_s939332_mpnn6, skipping interface scoring
Base AF2 filters not passed for 6W1F-pep3_l16_s939332_mpnn7, skipping interface scoring
Base AF2 filters not passed for 6W1F-pep3_l16_s939332_mpnn8, skipping interface scoring
Base AF2 filters not passed for 6W1F-pep3_l16_s939332_mpnn9, skipping interface scoring
Base AF2 filters not passed for 6W1F-pep3_l16_s939332_mpnn10, skipping interface scoring
Base AF2 filters not passed for 6W1F-pep3_l16_s939332_mpnn11, skipping interface scoring
Base AF2 filters not passed for 6W1F-pep3_l16_s939332_mpnn12, skipping interface scoring
Base AF2 filters not passed for 6W1F-pep3_l16_s939332_mpnn13, skipping interface scoring
Base AF2 filters not passed for 6W1F-pep3_l16_s939332_mpnn14, skipping interface scoring
Base AF2 filters not passed for 6W1F-pep3_l16_s939332_mpnn15, skipping interface scoring
Base AF2 filters not passed for 6W1F-pep3_l16_s939332_mpnn16, skipping interface scoring
Base AF2 filters not passed for 6W1F-pep3_l16_s939332_mpnn17, skipping interface scoring
Base AF2 filters not passed for 6W1F-pep3_l16_s939332_mpnn18, skipping interface scoring
Base AF2 filters not passed for 6W1F-pep3_l16_s939332_mpnn19, skipping interface scoring
Base AF2 filters not passed for 6W1F-pep3_l16_s939332_mpnn20, skipping interface scoring
Base AF2 filters not passed for 6W1F-pep3_l16_s939332_mpnn21, skipping interface scoring
Base AF2 filters not passed for 6W1F-pep3_l16_s939332_mpnn22, skipping interface scoring
Base AF2 filters not passed for 6W1F-pep3_l16_s939332_mpnn23, skipping interface scoring
Base AF2 filters not passed for 6W1F-pep3_l16_s939332_mpnn24, skipping interface scoring
Base AF2 filters not passed for 6W1F-pep3_l16_s939332_mpnn25, skipping interface scoring
Base AF2 filters not passed for 6W1F-pep3_l16_s939332_mpnn26, skipping interface scoring
Base AF2 filters not passed for 6W1F-pep3_l16_s939332_mpnn27, skipping interface scoring
Base AF2 filters not passed for 6W1F-pep3_l16_s939332_mpnn28, skipping interface scoring
Base AF2 filters not passed for 6W1F-pep3_l16_s939332_mpnn29, skipping interface scoring
Base AF2 filters not passed for 6W1F-pep3_l16_s939332_mpnn30, skipping interface scoring
Base AF2 filters not passed for 6W1F-pep3_l16_s939332_mpnn31, skipping interface scoring
Base AF2 filters not passed for 6W1F-pep3_l16_s939332_mpnn32, skipping interface scoring
Base AF2 filters not passed for 6W1F-pep3_l16_s939332_mpnn33, skipping interface scoring
Base AF2 filters not passed for 6W1F-pep3_l16_s939332_mpnn34, skipping interface scoring
Base AF2 filters not passed for 6W1F-pep3_l16_s939332_mpnn35, skipping interface scoring
Base AF2 filters not passed for 6W1F-pep3_l16_s939332_mpnn36, skipping interface scoring
Base AF2 filters not passed for 6W1F-pep3_l16_s939332_mpnn37, skipping interface scoring
No accepted MPNN designs found for this trajectory.

Design and validation of trajectory 6W1F-pep3_l16_s939332 took: 0 hours, 11 minutes, 6 seconds

Processing trajectory 6W1F-pep3_l13_s312552
Base AF2 filters not passed for 6W1F-pep3_l13_s312552_mpnn1, skipping interface scoring
Base AF2 filters not passed for 6W1F-pep3_l13_s312552_mpnn2, skipping interface scoring
Base AF2 filters not passed for 6W1F-pep3_l13_s312552_mpnn3, skipping interface scoring
Base AF2 filters not passed for 6W1F-pep3_l13_s312552_mpnn4, skipping interface scoring
Base AF2 filters not passed for 6W1F-pep3_l13_s312552_mpnn5, skipping interface scoring
Base AF2 filters not passed for 6W1F-pep3_l13_s312552_mpnn6, skipping interface scoring
Base AF2 filters not passed for 6W1F-pep3_l13_s312552_mpnn7, skipping interface scoring
Base AF2 filters not passed for 6W1F-pep3_l13_s312552_mpnn8, skipping interface scoring
Base AF2 filters not passed for 6W1F-pep3_l13_s312552_mpnn9, skipping interface scoring
Base AF2 filters not passed for 6W1F-pep3_l13_s312552_mpnn10, skipping interface scoring
Base AF2 filters not passed for 6W1F-pep3_l13_s312552_mpnn11, skipping interface scoring
Base AF2 filters not passed for 6W1F-pep3_l13_s312552_mpnn12, skipping interface scoring
Base AF2 filters not passed for 6W1F-pep3_l13_s312552_mpnn13, skipping interface scoring
Base AF2 filters not passed for 6W1F-pep3_l13_s312552_mpnn14, skipping interface scoring
Base AF2 filters not passed for 6W1F-pep3_l13_s312552_mpnn15, skipping interface scoring
Base AF2 filters not passed for 6W1F-pep3_l13_s312552_mpnn16, skipping interface scoring
Base AF2 filters not passed for 6W1F-pep3_l13_s312552_mpnn17, skipping interface scoring
Base AF2 filters not passed for 6W1F-pep3_l13_s312552_mpnn18, skipping interface scoring
Base AF2 filters not passed for 6W1F-pep3_l13_s312552_mpnn19, skipping interface scoring
Base AF2 filters not passed for 6W1F-pep3_l13_s312552_mpnn20, skipping interface scoring
Base AF2 filters not passed for 6W1F-pep3_l13_s312552_mpnn21, skipping interface scoring
Base AF2 filters not passed for 6W1F-pep3_l13_s312552_mpnn22, skipping interface scoring
Base AF2 filters not passed for 6W1F-pep3_l13_s312552_mpnn23, skipping interface scoring
Base AF2 filters not passed for 6W1F-pep3_l13_s312552_mpnn24, skipping interface scoring
Base AF2 filters not passed for 6W1F-pep3_l13_s312552_mpnn25, skipping interface scoring
Base AF2 filters not passed for 6W1F-pep3_l13_s312552_mpnn26, skipping interface scoring
Base AF2 filters not passed for 6W1F-pep3_l13_s312552_mpnn27, skipping interface scoring
Base AF2 filters not passed for 6W1F-pep3_l13_s312552_mpnn28, skipping interface scoring
Base AF2 filters not passed for 6W1F-pep3_l13_s312552_mpnn29, skipping interface scoring
Base AF2 filters not passed for 6W1F-pep3_l13_s312552_mpnn30, skipping interface scoring
Base AF2 filters not passed for 6W1F-pep3_l13_s312552_mpnn31, skipping interface scoring
Base AF2 filters not passed for 6W1F-pep3_l13_s312552_mpnn32, skipping interface scoring
Base AF2 filters not passed for 6W1F-pep3_l13_s312552_mpnn33, skipping interface scoring
Base AF2 filters not passed for 6W1F-pep3_l13_s312552_mpnn34, skipping interface scoring
Base AF2 filters not passed for 6W1F-pep3_l13_s312552_mpnn35, skipping interface scoring
Base AF2 filters not passed for 6W1F-pep3_l13_s312552_mpnn36, skipping interface scoring
Base AF2 filters not passed for 6W1F-pep3_l13_s312552_mpnn37, skipping interface scoring
Base AF2 filters not passed for 6W1F-pep3_l13_s312552_mpnn38, skipping interface scoring
Base AF2 filters not passed for 6W1F-pep3_l13_s312552_mpnn39, skipping interface scoring
Base AF2 filters not passed for 6W1F-pep3_l13_s312552_mpnn40, skipping interface scoring
Base AF2 filters not passed for 6W1F-pep3_l13_s312552_mpnn41, skipping interface scoring
Base AF2 filters not passed for 6W1F-pep3_l13_s312552_mpnn42, skipping interface scoring
Base AF2 filters not passed for 6W1F-pep3_l13_s312552_mpnn43, skipping interface scoring
Base AF2 filters not passed for 6W1F-pep3_l13_s312552_mpnn44, skipping interface scoring
Base AF2 filters not passed for 6W1F-pep3_l13_s312552_mpnn45, skipping interface scoring
Base AF2 filters not passed for 6W1F-pep3_l13_s312552_mpnn46, skipping interface scoring
No accepted MPNN designs found for this trajectory.

Design and validation of trajectory 6W1F-pep3_l13_s312552 took: 0 hours, 14 minutes, 15 seconds

Processing trajectory 6W1F-pep3_l13_s647993
Base AF2 filters not passed for 6W1F-pep3_l13_s647993_mpnn1, skipping interface scoring
Base AF2 filters not passed for 6W1F-pep3_l13_s647993_mpnn2, skipping interface scoring
Base AF2 filters not passed for 6W1F-pep3_l13_s647993_mpnn3, skipping interface scoring
Base AF2 filters not passed for 6W1F-pep3_l13_s647993_mpnn4, skipping interface scoring
Base AF2 filters not passed for 6W1F-pep3_l13_s647993_mpnn5, skipping interface scoring
Base AF2 filters not passed for 6W1F-pep3_l13_s647993_mpnn6, skipping interface scoring
Base AF2 filters not passed for 6W1F-pep3_l13_s647993_mpnn7, skipping interface scoring
Base AF2 filters not passed for 6W1F-pep3_l13_s647993_mpnn8, skipping interface scoring
Base AF2 filters not passed for 6W1F-pep3_l13_s647993_mpnn9, skipping interface scoring
Base AF2 filters not passed for 6W1F-pep3_l13_s647993_mpnn10, skipping interface scoring
Base AF2 filters not passed for 6W1F-pep3_l13_s647993_mpnn11, skipping interface scoring
Base AF2 filters not passed for 6W1F-pep3_l13_s647993_mpnn12, skipping interface scoring
Base AF2 filters not passed for 6W1F-pep3_l13_s647993_mpnn13, skipping interface scoring
Base AF2 filters not passed for 6W1F-pep3_l13_s647993_mpnn14, skipping interface scoring
Base AF2 filters not passed for 6W1F-pep3_l13_s647993_mpnn15, skipping interface scoring
Base AF2 filters not passed for 6W1F-pep3_l13_s647993_mpnn16, skipping interface scoring
Base AF2 filters not passed for 6W1F-pep3_l13_s647993_mpnn17, skipping interface scoring
Base AF2 filters not passed for 6W1F-pep3_l13_s647993_mpnn18, skipping interface scoring
Base AF2 filters not passed for 6W1F-pep3_l13_s647993_mpnn19, skipping interface scoring
Base AF2 filters not passed for 6W1F-pep3_l13_s647993_mpnn20, skipping interface scoring
Base AF2 filters not passed for 6W1F-pep3_l13_s647993_mpnn21, skipping interface scoring
Base AF2 filters not passed for 6W1F-pep3_l13_s647993_mpnn22, skipping interface scoring
Base AF2 filters not passed for 6W1F-pep3_l13_s647993_mpnn23, skipping interface scoring
Base AF2 filters not passed for 6W1F-pep3_l13_s647993_mpnn24, skipping interface scoring
Base AF2 filters not passed for 6W1F-pep3_l13_s647993_mpnn25, skipping interface scoring
Base AF2 filters not passed for 6W1F-pep3_l13_s647993_mpnn26, skipping interface scoring
Base AF2 filters not passed for 6W1F-pep3_l13_s647993_mpnn27, skipping interface scoring
Base AF2 filters not passed for 6W1F-pep3_l13_s647993_mpnn28, skipping interface scoring
Base AF2 filters not passed for 6W1F-pep3_l13_s647993_mpnn29, skipping interface scoring
Base AF2 filters not passed for 6W1F-pep3_l13_s647993_mpnn30, skipping interface scoring
Base AF2 filters not passed for 6W1F-pep3_l13_s647993_mpnn31, skipping interface scoring
Base AF2 filters not passed for 6W1F-pep3_l13_s647993_mpnn32, skipping interface scoring
Base AF2 filters not passed for 6W1F-pep3_l13_s647993_mpnn33, skipping interface scoring
Base AF2 filters not passed for 6W1F-pep3_l13_s647993_mpnn34, skipping interface scoring
Base AF2 filters not passed for 6W1F-pep3_l13_s647993_mpnn35, skipping interface scoring
Base AF2 filters not passed for 6W1F-pep3_l13_s647993_mpnn36, skipping interface scoring
Base AF2 filters not passed for 6W1F-pep3_l13_s647993_mpnn37, skipping interface scoring
Base AF2 filters not passed for 6W1F-pep3_l13_s647993_mpnn38, skipping interface scoring
Base AF2 filters not passed for 6W1F-pep3_l13_s647993_mpnn39, skipping interface scoring
Base AF2 filters not passed for 6W1F-pep3_l13_s647993_mpnn40, skipping interface scoring
Base AF2 filters not passed for 6W1F-pep3_l13_s647993_mpnn41, skipping interface scoring
Base AF2 filters not passed for 6W1F-pep3_l13_s647993_mpnn42, skipping interface scoring
Base AF2 filters not passed for 6W1F-pep3_l13_s647993_mpnn43, skipping interface scoring
Base AF2 filters not passed for 6W1F-pep3_l13_s647993_mpnn44, skipping interface scoring
No accepted MPNN designs found for this trajectory.

Design and validation of trajectory 6W1F-pep3_l13_s647993 took: 0 hours, 13 minutes, 40 seconds

Processing trajectory 6W1F-pep3_l14_s464139
Base AF2 filters not passed for 6W1F-pep3_l14_s464139_mpnn1, skipping interface scoring
Base AF2 filters not passed for 6W1F-pep3_l14_s464139_mpnn2, skipping interface scoring
Base AF2 filters not passed for 6W1F-pep3_l14_s464139_mpnn3, skipping interface scoring
Base AF2 filters not passed for 6W1F-pep3_l14_s464139_mpnn4, skipping interface scoring
Base AF2 filters not passed for 6W1F-pep3_l14_s464139_mpnn5, skipping interface scoring
Base AF2 filters not passed for 6W1F-pep3_l14_s464139_mpnn6, skipping interface scoring
Base AF2 filters not passed for 6W1F-pep3_l14_s464139_mpnn7, skipping interface scoring
Base AF2 filters not passed for 6W1F-pep3_l14_s464139_mpnn8, skipping interface scoring
Base AF2 filters not passed for 6W1F-pep3_l14_s464139_mpnn9, skipping interface scoring
Base AF2 filters not passed for 6W1F-pep3_l14_s464139_mpnn10, skipping interface scoring
Base AF2 filters not passed for 6W1F-pep3_l14_s464139_mpnn11, skipping interface scoring
Base AF2 filters not passed for 6W1F-pep3_l14_s464139_mpnn12, skipping interface scoring
Base AF2 filters not passed for 6W1F-pep3_l14_s464139_mpnn13, skipping interface scoring
Base AF2 filters not passed for 6W1F-pep3_l14_s464139_mpnn14, skipping interface scoring
Base AF2 filters not passed for 6W1F-pep3_l14_s464139_mpnn15, skipping interface scoring
Base AF2 filters not passed for 6W1F-pep3_l14_s464139_mpnn16, skipping interface scoring
Base AF2 filters not passed for 6W1F-pep3_l14_s464139_mpnn17, skipping interface scoring
Base AF2 filters not passed for 6W1F-pep3_l14_s464139_mpnn18, skipping interface scoring
Base AF2 filters not passed for 6W1F-pep3_l14_s464139_mpnn19, skipping interface scoring
Base AF2 filters not passed for 6W1F-pep3_l14_s464139_mpnn20, skipping interface scoring
Base AF2 filters not passed for 6W1F-pep3_l14_s464139_mpnn21, skipping interface scoring
Base AF2 filters not passed for 6W1F-pep3_l14_s464139_mpnn22, skipping interface scoring
Base AF2 filters not passed for 6W1F-pep3_l14_s464139_mpnn23, skipping interface scoring
Base AF2 filters not passed for 6W1F-pep3_l14_s464139_mpnn24, skipping interface scoring
Base AF2 filters not passed for 6W1F-pep3_l14_s464139_mpnn25, skipping interface scoring
Base AF2 filters not passed for 6W1F-pep3_l14_s464139_mpnn26, skipping interface scoring
Base AF2 filters not passed for 6W1F-pep3_l14_s464139_mpnn27, skipping interface scoring
Base AF2 filters not passed for 6W1F-pep3_l14_s464139_mpnn28, skipping interface scoring
Base AF2 filters not passed for 6W1F-pep3_l14_s464139_mpnn29, skipping interface scoring
Base AF2 filters not passed for 6W1F-pep3_l14_s464139_mpnn30, skipping interface scoring
Base AF2 filters not passed for 6W1F-pep3_l14_s464139_mpnn31, skipping interface scoring
Base AF2 filters not passed for 6W1F-pep3_l14_s464139_mpnn32, skipping interface scoring
Base AF2 filters not passed for 6W1F-pep3_l14_s464139_mpnn33, skipping interface scoring
Base AF2 filters not passed for 6W1F-pep3_l14_s464139_mpnn34, skipping interface scoring
Base AF2 filters not passed for 6W1F-pep3_l14_s464139_mpnn35, skipping interface scoring
Base AF2 filters not passed for 6W1F-pep3_l14_s464139_mpnn36, skipping interface scoring
Base AF2 filters not passed for 6W1F-pep3_l14_s464139_mpnn37, skipping interface scoring
Base AF2 filters not passed for 6W1F-pep3_l14_s464139_mpnn38, skipping interface scoring
Base AF2 filters not passed for 6W1F-pep3_l14_s464139_mpnn39, skipping interface scoring
Base AF2 filters not passed for 6W1F-pep3_l14_s464139_mpnn40, skipping interface scoring
Base AF2 filters not passed for 6W1F-pep3_l14_s464139_mpnn41, skipping interface scoring
Base AF2 filters not passed for 6W1F-pep3_l14_s464139_mpnn42, skipping interface scoring
Base AF2 filters not passed for 6W1F-pep3_l14_s464139_mpnn43, skipping interface scoring
Base AF2 filters not passed for 6W1F-pep3_l14_s464139_mpnn44, skipping interface scoring
Base AF2 filters not passed for 6W1F-pep3_l14_s464139_mpnn45, skipping interface scoring
Base AF2 filters not passed for 6W1F-pep3_l14_s464139_mpnn46, skipping interface scoring
Base AF2 filters not passed for 6W1F-pep3_l14_s464139_mpnn47, skipping interface scoring
Base AF2 filters not passed for 6W1F-pep3_l14_s464139_mpnn48, skipping interface scoring
No accepted MPNN designs found for this trajectory.

Design and validation of trajectory 6W1F-pep3_l14_s464139 took: 0 hours, 15 minutes, 1 seconds

Processing trajectory 6W1F-pep3_l14_s170026
Base AF2 filters not passed for 6W1F-pep3_l14_s170026_mpnn1, skipping interface scoring
Base AF2 filters not passed for 6W1F-pep3_l14_s170026_mpnn2, skipping interface scoring
Base AF2 filters not passed for 6W1F-pep3_l14_s170026_mpnn3, skipping interface scoring
Base AF2 filters not passed for 6W1F-pep3_l14_s170026_mpnn4, skipping interface scoring
Base AF2 filters not passed for 6W1F-pep3_l14_s170026_mpnn5, skipping interface scoring
Base AF2 filters not passed for 6W1F-pep3_l14_s170026_mpnn6, skipping interface scoring
Base AF2 filters not passed for 6W1F-pep3_l14_s170026_mpnn7, skipping interface scoring
Base AF2 filters not passed for 6W1F-pep3_l14_s170026_mpnn8, skipping interface scoring
Base AF2 filters not passed for 6W1F-pep3_l14_s170026_mpnn9, skipping interface scoring
Base AF2 filters not passed for 6W1F-pep3_l14_s170026_mpnn10, skipping interface scoring
Base AF2 filters not passed for 6W1F-pep3_l14_s170026_mpnn11, skipping interface scoring
Base AF2 filters not passed for 6W1F-pep3_l14_s170026_mpnn12, skipping interface scoring
Base AF2 filters not passed for 6W1F-pep3_l14_s170026_mpnn13, skipping interface scoring
Base AF2 filters not passed for 6W1F-pep3_l14_s170026_mpnn14, skipping interface scoring
Base AF2 filters not passed for 6W1F-pep3_l14_s170026_mpnn15, skipping interface scoring
Base AF2 filters not passed for 6W1F-pep3_l14_s170026_mpnn16, skipping interface scoring
Base AF2 filters not passed for 6W1F-pep3_l14_s170026_mpnn17, skipping interface scoring
Base AF2 filters not passed for 6W1F-pep3_l14_s170026_mpnn18, skipping interface scoring
Base AF2 filters not passed for 6W1F-pep3_l14_s170026_mpnn19, skipping interface scoring
Base AF2 filters not passed for 6W1F-pep3_l14_s170026_mpnn20, skipping interface scoring
Base AF2 filters not passed for 6W1F-pep3_l14_s170026_mpnn21, skipping interface scoring
Base AF2 filters not passed for 6W1F-pep3_l14_s170026_mpnn22, skipping interface scoring
Base AF2 filters not passed for 6W1F-pep3_l14_s170026_mpnn23, skipping interface scoring
Base AF2 filters not passed for 6W1F-pep3_l14_s170026_mpnn24, skipping interface scoring
Base AF2 filters not passed for 6W1F-pep3_l14_s170026_mpnn25, skipping interface scoring
Base AF2 filters not passed for 6W1F-pep3_l14_s170026_mpnn26, skipping interface scoring
Base AF2 filters not passed for 6W1F-pep3_l14_s170026_mpnn27, skipping interface scoring
Base AF2 filters not passed for 6W1F-pep3_l14_s170026_mpnn28, skipping interface scoring
Base AF2 filters not passed for 6W1F-pep3_l14_s170026_mpnn29, skipping interface scoring
Base AF2 filters not passed for 6W1F-pep3_l14_s170026_mpnn30, skipping interface scoring
Base AF2 filters not passed for 6W1F-pep3_l14_s170026_mpnn31, skipping interface scoring
Base AF2 filters not passed for 6W1F-pep3_l14_s170026_mpnn32, skipping interface scoring
Base AF2 filters not passed for 6W1F-pep3_l14_s170026_mpnn33, skipping interface scoring
No accepted MPNN designs found for this trajectory.

Design and validation of trajectory 6W1F-pep3_l14_s170026 took: 0 hours, 10 minutes, 33 seconds

Processing trajectory 6W1F-pep3_l15_s198383
Base AF2 filters not passed for 6W1F-pep3_l15_s198383_mpnn1, skipping interface scoring
Base AF2 filters not passed for 6W1F-pep3_l15_s198383_mpnn2, skipping interface scoring
Base AF2 filters not passed for 6W1F-pep3_l15_s198383_mpnn3, skipping interface scoring
Base AF2 filters not passed for 6W1F-pep3_l15_s198383_mpnn4, skipping interface scoring
Base AF2 filters not passed for 6W1F-pep3_l15_s198383_mpnn5, skipping interface scoring
Base AF2 filters not passed for 6W1F-pep3_l15_s198383_mpnn6, skipping interface scoring
Base AF2 filters not passed for 6W1F-pep3_l15_s198383_mpnn7, skipping interface scoring
Base AF2 filters not passed for 6W1F-pep3_l15_s198383_mpnn8, skipping interface scoring
Base AF2 filters not passed for 6W1F-pep3_l15_s198383_mpnn9, skipping interface scoring
Base AF2 filters not passed for 6W1F-pep3_l15_s198383_mpnn10, skipping interface scoring
Base AF2 filters not passed for 6W1F-pep3_l15_s198383_mpnn11, skipping interface scoring
Base AF2 filters not passed for 6W1F-pep3_l15_s198383_mpnn12, skipping interface scoring
Base AF2 filters not passed for 6W1F-pep3_l15_s198383_mpnn13, skipping interface scoring
Base AF2 filters not passed for 6W1F-pep3_l15_s198383_mpnn14, skipping interface scoring
Base AF2 filters not passed for 6W1F-pep3_l15_s198383_mpnn15, skipping interface scoring
Unmet filter conditions for 6W1F-pep3_l15_s198383_mpnn16
Base AF2 filters not passed for 6W1F-pep3_l15_s198383_mpnn17, skipping interface scoring
Base AF2 filters not passed for 6W1F-pep3_l15_s198383_mpnn18, skipping interface scoring
Base AF2 filters not passed for 6W1F-pep3_l15_s198383_mpnn19, skipping interface scoring
Base AF2 filters not passed for 6W1F-pep3_l15_s198383_mpnn20, skipping interface scoring
Base AF2 filters not passed for 6W1F-pep3_l15_s198383_mpnn21, skipping interface scoring
Base AF2 filters not passed for 6W1F-pep3_l15_s198383_mpnn22, skipping interface scoring
Base AF2 filters not passed for 6W1F-pep3_l15_s198383_mpnn23, skipping interface scoring
Base AF2 filters not passed for 6W1F-pep3_l15_s198383_mpnn24, skipping interface scoring
Base AF2 filters not passed for 6W1F-pep3_l15_s198383_mpnn25, skipping interface scoring
Base AF2 filters not passed for 6W1F-pep3_l15_s198383_mpnn26, skipping interface scoring
Base AF2 filters not passed for 6W1F-pep3_l15_s198383_mpnn27, skipping interface scoring
Base AF2 filters not passed for 6W1F-pep3_l15_s198383_mpnn28, skipping interface scoring
Base AF2 filters not passed for 6W1F-pep3_l15_s198383_mpnn29, skipping interface scoring
Base AF2 filters not passed for 6W1F-pep3_l15_s198383_mpnn30, skipping interface scoring
No accepted MPNN designs found for this trajectory.

Design and validation of trajectory 6W1F-pep3_l15_s198383 took: 0 hours, 16 minutes, 2 seconds

Processing trajectory 6W1F-pep3_l14_s565555
Base AF2 filters not passed for 6W1F-pep3_l14_s565555_mpnn1, skipping interface scoring
Base AF2 filters not passed for 6W1F-pep3_l14_s565555_mpnn2, skipping interface scoring
Base AF2 filters not passed for 6W1F-pep3_l14_s565555_mpnn3, skipping interface scoring
Base AF2 filters not passed for 6W1F-pep3_l14_s565555_mpnn4, skipping interface scoring
Base AF2 filters not passed for 6W1F-pep3_l14_s565555_mpnn5, skipping interface scoring
Base AF2 filters not passed for 6W1F-pep3_l14_s565555_mpnn6, skipping interface scoring
Base AF2 filters not passed for 6W1F-pep3_l14_s565555_mpnn7, skipping interface scoring
Base AF2 filters not passed for 6W1F-pep3_l14_s565555_mpnn8, skipping interface scoring
Base AF2 filters not passed for 6W1F-pep3_l14_s565555_mpnn9, skipping interface scoring
Base AF2 filters not passed for 6W1F-pep3_l14_s565555_mpnn10, skipping interface scoring
Base AF2 filters not passed for 6W1F-pep3_l14_s565555_mpnn11, skipping interface scoring
Base AF2 filters not passed for 6W1F-pep3_l14_s565555_mpnn12, skipping interface scoring
Unmet filter conditions for 6W1F-pep3_l14_s565555_mpnn13
Base AF2 filters not passed for 6W1F-pep3_l14_s565555_mpnn14, skipping interface scoring
Base AF2 filters not passed for 6W1F-pep3_l14_s565555_mpnn15, skipping interface scoring
Base AF2 filters not passed for 6W1F-pep3_l14_s565555_mpnn16, skipping interface scoring
Base AF2 filters not passed for 6W1F-pep3_l14_s565555_mpnn17, skipping interface scoring
Base AF2 filters not passed for 6W1F-pep3_l14_s565555_mpnn18, skipping interface scoring
Base AF2 filters not passed for 6W1F-pep3_l14_s565555_mpnn19, skipping interface scoring
Base AF2 filters not passed for 6W1F-pep3_l14_s565555_mpnn20, skipping interface scoring
Base AF2 filters not passed for 6W1F-pep3_l14_s565555_mpnn21, skipping interface scoring
Base AF2 filters not passed for 6W1F-pep3_l14_s565555_mpnn22, skipping interface scoring
Base AF2 filters not passed for 6W1F-pep3_l14_s565555_mpnn23, skipping interface scoring
Base AF2 filters not passed for 6W1F-pep3_l14_s565555_mpnn24, skipping interface scoring
Base AF2 filters not passed for 6W1F-pep3_l14_s565555_mpnn25, skipping interface scoring
Unmet filter conditions for 6W1F-pep3_l14_s565555_mpnn26
Base AF2 filters not passed for 6W1F-pep3_l14_s565555_mpnn27, skipping interface scoring
Unmet filter conditions for 6W1F-pep3_l14_s565555_mpnn28
Base AF2 filters not passed for 6W1F-pep3_l14_s565555_mpnn29, skipping interface scoring
Base AF2 filters not passed for 6W1F-pep3_l14_s565555_mpnn30, skipping interface scoring
Base AF2 filters not passed for 6W1F-pep3_l14_s565555_mpnn31, skipping interface scoring
Base AF2 filters not passed for 6W1F-pep3_l14_s565555_mpnn32, skipping interface scoring
Base AF2 filters not passed for 6W1F-pep3_l14_s565555_mpnn33, skipping interface scoring
Base AF2 filters not passed for 6W1F-pep3_l14_s565555_mpnn34, skipping interface scoring
Base AF2 filters not passed for 6W1F-pep3_l14_s565555_mpnn35, skipping interface scoring
Base AF2 filters not passed for 6W1F-pep3_l14_s565555_mpnn36, skipping interface scoring
Base AF2 filters not passed for 6W1F-pep3_l14_s565555_mpnn37, skipping interface scoring
Base AF2 filters not passed for 6W1F-pep3_l14_s565555_mpnn38, skipping interface scoring
Base AF2 filters not passed for 6W1F-pep3_l14_s565555_mpnn39, skipping interface scoring
Base AF2 filters not passed for 6W1F-pep3_l14_s565555_mpnn40, skipping interface scoring
Base AF2 filters not passed for 6W1F-pep3_l14_s565555_mpnn41, skipping interface scoring
Base AF2 filters not passed for 6W1F-pep3_l14_s565555_mpnn42, skipping interface scoring
Base AF2 filters not passed for 6W1F-pep3_l14_s565555_mpnn43, skipping interface scoring
No accepted MPNN designs found for this trajectory.

Design and validation of trajectory 6W1F-pep3_l14_s565555 took: 0 hours, 33 minutes, 8 seconds

Processing trajectory 6W1F-pep3_l13_s6770
Base AF2 filters not passed for 6W1F-pep3_l13_s6770_mpnn1, skipping interface scoring
Base AF2 filters not passed for 6W1F-pep3_l13_s6770_mpnn2, skipping interface scoring
Base AF2 filters not passed for 6W1F-pep3_l13_s6770_mpnn3, skipping interface scoring
Base AF2 filters not passed for 6W1F-pep3_l13_s6770_mpnn4, skipping interface scoring
Base AF2 filters not passed for 6W1F-pep3_l13_s6770_mpnn5, skipping interface scoring
Base AF2 filters not passed for 6W1F-pep3_l13_s6770_mpnn6, skipping interface scoring
Base AF2 filters not passed for 6W1F-pep3_l13_s6770_mpnn7, skipping interface scoring
Base AF2 filters not passed for 6W1F-pep3_l13_s6770_mpnn8, skipping interface scoring
Base AF2 filters not passed for 6W1F-pep3_l13_s6770_mpnn9, skipping interface scoring
Base AF2 filters not passed for 6W1F-pep3_l13_s6770_mpnn10, skipping interface scoring
Base AF2 filters not passed for 6W1F-pep3_l13_s6770_mpnn11, skipping interface scoring
Base AF2 filters not passed for 6W1F-pep3_l13_s6770_mpnn12, skipping interface scoring
Base AF2 filters not passed for 6W1F-pep3_l13_s6770_mpnn13, skipping interface scoring
Base AF2 filters not passed for 6W1F-pep3_l13_s6770_mpnn14, skipping interface scoring
Base AF2 filters not passed for 6W1F-pep3_l13_s6770_mpnn15, skipping interface scoring
Base AF2 filters not passed for 6W1F-pep3_l13_s6770_mpnn16, skipping interface scoring
Base AF2 filters not passed for 6W1F-pep3_l13_s6770_mpnn17, skipping interface scoring
Base AF2 filters not passed for 6W1F-pep3_l13_s6770_mpnn18, skipping interface scoring
Base AF2 filters not passed for 6W1F-pep3_l13_s6770_mpnn19, skipping interface scoring
Base AF2 filters not passed for 6W1F-pep3_l13_s6770_mpnn20, skipping interface scoring
Base AF2 filters not passed for 6W1F-pep3_l13_s6770_mpnn21, skipping interface scoring
Base AF2 filters not passed for 6W1F-pep3_l13_s6770_mpnn22, skipping interface scoring
Base AF2 filters not passed for 6W1F-pep3_l13_s6770_mpnn23, skipping interface scoring
Base AF2 filters not passed for 6W1F-pep3_l13_s6770_mpnn24, skipping interface scoring
Base AF2 filters not passed for 6W1F-pep3_l13_s6770_mpnn25, skipping interface scoring
Base AF2 filters not passed for 6W1F-pep3_l13_s6770_mpnn26, skipping interface scoring
Base AF2 filters not passed for 6W1F-pep3_l13_s6770_mpnn27, skipping interface scoring
Base AF2 filters not passed for 6W1F-pep3_l13_s6770_mpnn28, skipping interface scoring
Base AF2 filters not passed for 6W1F-pep3_l13_s6770_mpnn29, skipping interface scoring
Base AF2 filters not passed for 6W1F-pep3_l13_s6770_mpnn30, skipping interface scoring
Base AF2 filters not passed for 6W1F-pep3_l13_s6770_mpnn31, skipping interface scoring
Base AF2 filters not passed for 6W1F-pep3_l13_s6770_mpnn32, skipping interface scoring
Base AF2 filters not passed for 6W1F-pep3_l13_s6770_mpnn33, skipping interface scoring
Base AF2 filters not passed for 6W1F-pep3_l13_s6770_mpnn34, skipping interface scoring
Base AF2 filters not passed for 6W1F-pep3_l13_s6770_mpnn35, skipping interface scoring
Base AF2 filters not passed for 6W1F-pep3_l13_s6770_mpnn36, skipping interface scoring
Base AF2 filters not passed for 6W1F-pep3_l13_s6770_mpnn37, skipping interface scoring
Base AF2 filters not passed for 6W1F-pep3_l13_s6770_mpnn38, skipping interface scoring
Base AF2 filters not passed for 6W1F-pep3_l13_s6770_mpnn39, skipping interface scoring
Base AF2 filters not passed for 6W1F-pep3_l13_s6770_mpnn40, skipping interface scoring
Base AF2 filters not passed for 6W1F-pep3_l13_s6770_mpnn41, skipping interface scoring
Base AF2 filters not passed for 6W1F-pep3_l13_s6770_mpnn42, skipping interface scoring
Base AF2 filters not passed for 6W1F-pep3_l13_s6770_mpnn43, skipping interface scoring
Base AF2 filters not passed for 6W1F-pep3_l13_s6770_mpnn44, skipping interface scoring
Base AF2 filters not passed for 6W1F-pep3_l13_s6770_mpnn45, skipping interface scoring
No accepted MPNN designs found for this trajectory.

Design and validation of trajectory 6W1F-pep3_l13_s6770 took: 0 hours, 14 minutes, 27 seconds

Processing trajectory 6W1F-pep3_l14_s290263
Base AF2 filters not passed for 6W1F-pep3_l14_s290263_mpnn1, skipping interface scoring
Base AF2 filters not passed for 6W1F-pep3_l14_s290263_mpnn2, skipping interface scoring
Base AF2 filters not passed for 6W1F-pep3_l14_s290263_mpnn3, skipping interface scoring
Base AF2 filters not passed for 6W1F-pep3_l14_s290263_mpnn4, skipping interface scoring
Base AF2 filters not passed for 6W1F-pep3_l14_s290263_mpnn5, skipping interface scoring
Base AF2 filters not passed for 6W1F-pep3_l14_s290263_mpnn6, skipping interface scoring
Base AF2 filters not passed for 6W1F-pep3_l14_s290263_mpnn7, skipping interface scoring
Base AF2 filters not passed for 6W1F-pep3_l14_s290263_mpnn8, skipping interface scoring
Base AF2 filters not passed for 6W1F-pep3_l14_s290263_mpnn9, skipping interface scoring
Base AF2 filters not passed for 6W1F-pep3_l14_s290263_mpnn10, skipping interface scoring
Base AF2 filters not passed for 6W1F-pep3_l14_s290263_mpnn11, skipping interface scoring
Base AF2 filters not passed for 6W1F-pep3_l14_s290263_mpnn12, skipping interface scoring
Base AF2 filters not passed for 6W1F-pep3_l14_s290263_mpnn13, skipping interface scoring
Base AF2 filters not passed for 6W1F-pep3_l14_s290263_mpnn14, skipping interface scoring
Base AF2 filters not passed for 6W1F-pep3_l14_s290263_mpnn15, skipping interface scoring
Base AF2 filters not passed for 6W1F-pep3_l14_s290263_mpnn16, skipping interface scoring
Base AF2 filters not passed for 6W1F-pep3_l14_s290263_mpnn17, skipping interface scoring
Base AF2 filters not passed for 6W1F-pep3_l14_s290263_mpnn18, skipping interface scoring
Base AF2 filters not passed for 6W1F-pep3_l14_s290263_mpnn19, skipping interface scoring
Base AF2 filters not passed for 6W1F-pep3_l14_s290263_mpnn20, skipping interface scoring
Base AF2 filters not passed for 6W1F-pep3_l14_s290263_mpnn21, skipping interface scoring
Base AF2 filters not passed for 6W1F-pep3_l14_s290263_mpnn22, skipping interface scoring
Base AF2 filters not passed for 6W1F-pep3_l14_s290263_mpnn23, skipping interface scoring
Base AF2 filters not passed for 6W1F-pep3_l14_s290263_mpnn24, skipping interface scoring
Base AF2 filters not passed for 6W1F-pep3_l14_s290263_mpnn25, skipping interface scoring
Base AF2 filters not passed for 6W1F-pep3_l14_s290263_mpnn26, skipping interface scoring
Base AF2 filters not passed for 6W1F-pep3_l14_s290263_mpnn27, skipping interface scoring
Base AF2 filters not passed for 6W1F-pep3_l14_s290263_mpnn28, skipping interface scoring
Base AF2 filters not passed for 6W1F-pep3_l14_s290263_mpnn29, skipping interface scoring
Base AF2 filters not passed for 6W1F-pep3_l14_s290263_mpnn30, skipping interface scoring
Base AF2 filters not passed for 6W1F-pep3_l14_s290263_mpnn31, skipping interface scoring
Base AF2 filters not passed for 6W1F-pep3_l14_s290263_mpnn32, skipping interface scoring
Base AF2 filters not passed for 6W1F-pep3_l14_s290263_mpnn33, skipping interface scoring
Base AF2 filters not passed for 6W1F-pep3_l14_s290263_mpnn34, skipping interface scoring
Base AF2 filters not passed for 6W1F-pep3_l14_s290263_mpnn35, skipping interface scoring
Base AF2 filters not passed for 6W1F-pep3_l14_s290263_mpnn36, skipping interface scoring
Base AF2 filters not passed for 6W1F-pep3_l14_s290263_mpnn37, skipping interface scoring
Base AF2 filters not passed for 6W1F-pep3_l14_s290263_mpnn38, skipping interface scoring
Base AF2 filters not passed for 6W1F-pep3_l14_s290263_mpnn39, skipping interface scoring
Base AF2 filters not passed for 6W1F-pep3_l14_s290263_mpnn40, skipping interface scoring
Base AF2 filters not passed for 6W1F-pep3_l14_s290263_mpnn41, skipping interface scoring
Base AF2 filters not passed for 6W1F-pep3_l14_s290263_mpnn42, skipping interface scoring
Base AF2 filters not passed for 6W1F-pep3_l14_s290263_mpnn43, skipping interface scoring
Base AF2 filters not passed for 6W1F-pep3_l14_s290263_mpnn44, skipping interface scoring
No accepted MPNN designs found for this trajectory.

Design and validation of trajectory 6W1F-pep3_l14_s290263 took: 0 hours, 14 minutes, 29 seconds

Processing trajectory 6W1F-pep3_l13_s276758
Base AF2 filters not passed for 6W1F-pep3_l13_s276758_mpnn1, skipping interface scoring
Base AF2 filters not passed for 6W1F-pep3_l13_s276758_mpnn2, skipping interface scoring
Base AF2 filters not passed for 6W1F-pep3_l13_s276758_mpnn3, skipping interface scoring
Base AF2 filters not passed for 6W1F-pep3_l13_s276758_mpnn4, skipping interface scoring
Base AF2 filters not passed for 6W1F-pep3_l13_s276758_mpnn5, skipping interface scoring
Base AF2 filters not passed for 6W1F-pep3_l13_s276758_mpnn6, skipping interface scoring
Base AF2 filters not passed for 6W1F-pep3_l13_s276758_mpnn7, skipping interface scoring
Base AF2 filters not passed for 6W1F-pep3_l13_s276758_mpnn8, skipping interface scoring
Base AF2 filters not passed for 6W1F-pep3_l13_s276758_mpnn9, skipping interface scoring
Base AF2 filters not passed for 6W1F-pep3_l13_s276758_mpnn10, skipping interface scoring
Base AF2 filters not passed for 6W1F-pep3_l13_s276758_mpnn11, skipping interface scoring
Base AF2 filters not passed for 6W1F-pep3_l13_s276758_mpnn12, skipping interface scoring
Base AF2 filters not passed for 6W1F-pep3_l13_s276758_mpnn13, skipping interface scoring
Base AF2 filters not passed for 6W1F-pep3_l13_s276758_mpnn14, skipping interface scoring
Base AF2 filters not passed for 6W1F-pep3_l13_s276758_mpnn15, skipping interface scoring
Base AF2 filters not passed for 6W1F-pep3_l13_s276758_mpnn16, skipping interface scoring
6W1F-pep3_l13_s276758_mpnn17 passed all filters
Base AF2 filters not passed for 6W1F-pep3_l13_s276758_mpnn18, skipping interface scoring
Base AF2 filters not passed for 6W1F-pep3_l13_s276758_mpnn19, skipping interface scoring
Base AF2 filters not passed for 6W1F-pep3_l13_s276758_mpnn20, skipping interface scoring
Base AF2 filters not passed for 6W1F-pep3_l13_s276758_mpnn21, skipping interface scoring
Base AF2 filters not passed for 6W1F-pep3_l13_s276758_mpnn22, skipping interface scoring
Base AF2 filters not passed for 6W1F-pep3_l13_s276758_mpnn23, skipping interface scoring
6W1F-pep3_l13_s276758_mpnn24 passed all filters
Base AF2 filters not passed for 6W1F-pep3_l13_s276758_mpnn25, skipping interface scoring
Base AF2 filters not passed for 6W1F-pep3_l13_s276758_mpnn26, skipping interface scoring
Base AF2 filters not passed for 6W1F-pep3_l13_s276758_mpnn27, skipping interface scoring
Base AF2 filters not passed for 6W1F-pep3_l13_s276758_mpnn28, skipping interface scoring
Found 2 MPNN designs passing filters

Design and validation of trajectory 6W1F-pep3_l13_s276758 took: 0 hours, 28 minutes, 10 seconds

Processing trajectory 6W1F-pep3_l17_s636227
Base AF2 filters not passed for 6W1F-pep3_l17_s636227_mpnn1, skipping interface scoring
Base AF2 filters not passed for 6W1F-pep3_l17_s636227_mpnn2, skipping interface scoring
Base AF2 filters not passed for 6W1F-pep3_l17_s636227_mpnn3, skipping interface scoring
Base AF2 filters not passed for 6W1F-pep3_l17_s636227_mpnn4, skipping interface scoring
Base AF2 filters not passed for 6W1F-pep3_l17_s636227_mpnn5, skipping interface scoring
Base AF2 filters not passed for 6W1F-pep3_l17_s636227_mpnn6, skipping interface scoring
Base AF2 filters not passed for 6W1F-pep3_l17_s636227_mpnn7, skipping interface scoring
Base AF2 filters not passed for 6W1F-pep3_l17_s636227_mpnn8, skipping interface scoring
Base AF2 filters not passed for 6W1F-pep3_l17_s636227_mpnn9, skipping interface scoring
Base AF2 filters not passed for 6W1F-pep3_l17_s636227_mpnn10, skipping interface scoring
Base AF2 filters not passed for 6W1F-pep3_l17_s636227_mpnn11, skipping interface scoring
Base AF2 filters not passed for 6W1F-pep3_l17_s636227_mpnn12, skipping interface scoring
Base AF2 filters not passed for 6W1F-pep3_l17_s636227_mpnn13, skipping interface scoring
Base AF2 filters not passed for 6W1F-pep3_l17_s636227_mpnn14, skipping interface scoring
Base AF2 filters not passed for 6W1F-pep3_l17_s636227_mpnn15, skipping interface scoring
Base AF2 filters not passed for 6W1F-pep3_l17_s636227_mpnn16, skipping interface scoring
Base AF2 filters not passed for 6W1F-pep3_l17_s636227_mpnn17, skipping interface scoring
Base AF2 filters not passed for 6W1F-pep3_l17_s636227_mpnn18, skipping interface scoring
Base AF2 filters not passed for 6W1F-pep3_l17_s636227_mpnn19, skipping interface scoring
Unmet filter conditions for 6W1F-pep3_l17_s636227_mpnn20
Base AF2 filters not passed for 6W1F-pep3_l17_s636227_mpnn21, skipping interface scoring
Base AF2 filters not passed for 6W1F-pep3_l17_s636227_mpnn22, skipping interface scoring
Base AF2 filters not passed for 6W1F-pep3_l17_s636227_mpnn23, skipping interface scoring
Base AF2 filters not passed for 6W1F-pep3_l17_s636227_mpnn24, skipping interface scoring
Base AF2 filters not passed for 6W1F-pep3_l17_s636227_mpnn25, skipping interface scoring
Base AF2 filters not passed for 6W1F-pep3_l17_s636227_mpnn26, skipping interface scoring
Base AF2 filters not passed for 6W1F-pep3_l17_s636227_mpnn27, skipping interface scoring
Base AF2 filters not passed for 6W1F-pep3_l17_s636227_mpnn28, skipping interface scoring
Base AF2 filters not passed for 6W1F-pep3_l17_s636227_mpnn29, skipping interface scoring
Base AF2 filters not passed for 6W1F-pep3_l17_s636227_mpnn30, skipping interface scoring
Base AF2 filters not passed for 6W1F-pep3_l17_s636227_mpnn31, skipping interface scoring
Base AF2 filters not passed for 6W1F-pep3_l17_s636227_mpnn32, skipping interface scoring
Base AF2 filters not passed for 6W1F-pep3_l17_s636227_mpnn33, skipping interface scoring
6W1F-pep3_l17_s636227_mpnn34 passed all filters
Base AF2 filters not passed for 6W1F-pep3_l17_s636227_mpnn35, skipping interface scoring
Base AF2 filters not passed for 6W1F-pep3_l17_s636227_mpnn36, skipping interface scoring
Base AF2 filters not passed for 6W1F-pep3_l17_s636227_mpnn37, skipping interface scoring
Base AF2 filters not passed for 6W1F-pep3_l17_s636227_mpnn38, skipping interface scoring
Base AF2 filters not passed for 6W1F-pep3_l17_s636227_mpnn39, skipping interface scoring
Base AF2 filters not passed for 6W1F-pep3_l17_s636227_mpnn40, skipping interface scoring
Base AF2 filters not passed for 6W1F-pep3_l17_s636227_mpnn41, skipping interface scoring
Found 1 MPNN designs passing filters

Design and validation of trajectory 6W1F-pep3_l17_s636227 took: 0 hours, 32 minutes, 17 seconds

Processing trajectory 6W1F-pep3_l17_s888134
Base AF2 filters not passed for 6W1F-pep3_l17_s888134_mpnn1, skipping interface scoring
Base AF2 filters not passed for 6W1F-pep3_l17_s888134_mpnn2, skipping interface scoring
Base AF2 filters not passed for 6W1F-pep3_l17_s888134_mpnn3, skipping interface scoring
Base AF2 filters not passed for 6W1F-pep3_l17_s888134_mpnn4, skipping interface scoring
Unmet filter conditions for 6W1F-pep3_l17_s888134_mpnn5
Base AF2 filters not passed for 6W1F-pep3_l17_s888134_mpnn6, skipping interface scoring
Base AF2 filters not passed for 6W1F-pep3_l17_s888134_mpnn7, skipping interface scoring
Base AF2 filters not passed for 6W1F-pep3_l17_s888134_mpnn8, skipping interface scoring
Base AF2 filters not passed for 6W1F-pep3_l17_s888134_mpnn9, skipping interface scoring
Base AF2 filters not passed for 6W1F-pep3_l17_s888134_mpnn10, skipping interface scoring
Base AF2 filters not passed for 6W1F-pep3_l17_s888134_mpnn11, skipping interface scoring
Base AF2 filters not passed for 6W1F-pep3_l17_s888134_mpnn12, skipping interface scoring
Unmet filter conditions for 6W1F-pep3_l17_s888134_mpnn13
Base AF2 filters not passed for 6W1F-pep3_l17_s888134_mpnn14, skipping interface scoring
Base AF2 filters not passed for 6W1F-pep3_l17_s888134_mpnn15, skipping interface scoring
Base AF2 filters not passed for 6W1F-pep3_l17_s888134_mpnn16, skipping interface scoring
Base AF2 filters not passed for 6W1F-pep3_l17_s888134_mpnn17, skipping interface scoring
Base AF2 filters not passed for 6W1F-pep3_l17_s888134_mpnn18, skipping interface scoring
Unmet filter conditions for 6W1F-pep3_l17_s888134_mpnn19
Base AF2 filters not passed for 6W1F-pep3_l17_s888134_mpnn20, skipping interface scoring
Base AF2 filters not passed for 6W1F-pep3_l17_s888134_mpnn21, skipping interface scoring
Base AF2 filters not passed for 6W1F-pep3_l17_s888134_mpnn22, skipping interface scoring
Base AF2 filters not passed for 6W1F-pep3_l17_s888134_mpnn23, skipping interface scoring
Base AF2 filters not passed for 6W1F-pep3_l17_s888134_mpnn24, skipping interface scoring
Base AF2 filters not passed for 6W1F-pep3_l17_s888134_mpnn25, skipping interface scoring
Base AF2 filters not passed for 6W1F-pep3_l17_s888134_mpnn26, skipping interface scoring
Base AF2 filters not passed for 6W1F-pep3_l17_s888134_mpnn27, skipping interface scoring
Base AF2 filters not passed for 6W1F-pep3_l17_s888134_mpnn28, skipping interface scoring
Base AF2 filters not passed for 6W1F-pep3_l17_s888134_mpnn29, skipping interface scoring
Base AF2 filters not passed for 6W1F-pep3_l17_s888134_mpnn30, skipping interface scoring
Base AF2 filters not passed for 6W1F-pep3_l17_s888134_mpnn31, skipping interface scoring
Base AF2 filters not passed for 6W1F-pep3_l17_s888134_mpnn32, skipping interface scoring
Base AF2 filters not passed for 6W1F-pep3_l17_s888134_mpnn33, skipping interface scoring
Base AF2 filters not passed for 6W1F-pep3_l17_s888134_mpnn34, skipping interface scoring
Base AF2 filters not passed for 6W1F-pep3_l17_s888134_mpnn35, skipping interface scoring
Base AF2 filters not passed for 6W1F-pep3_l17_s888134_mpnn36, skipping interface scoring
Base AF2 filters not passed for 6W1F-pep3_l17_s888134_mpnn37, skipping interface scoring
Base AF2 filters not passed for 6W1F-pep3_l17_s888134_mpnn38, skipping interface scoring
Base AF2 filters not passed for 6W1F-pep3_l17_s888134_mpnn39, skipping interface scoring
Base AF2 filters not passed for 6W1F-pep3_l17_s888134_mpnn40, skipping interface scoring
Base AF2 filters not passed for 6W1F-pep3_l17_s888134_mpnn41, skipping interface scoring
Base AF2 filters not passed for 6W1F-pep3_l17_s888134_mpnn42, skipping interface scoring
Base AF2 filters not passed for 6W1F-pep3_l17_s888134_mpnn43, skipping interface scoring
Base AF2 filters not passed for 6W1F-pep3_l17_s888134_mpnn44, skipping interface scoring
Base AF2 filters not passed for 6W1F-pep3_l17_s888134_mpnn45, skipping interface scoring
No accepted MPNN designs found for this trajectory.

Design and validation of trajectory 6W1F-pep3_l17_s888134 took: 0 hours, 40 minutes, 50 seconds

Processing trajectory 6W1F-pep3_l16_s678029
Base AF2 filters not passed for 6W1F-pep3_l16_s678029_mpnn1, skipping interface scoring
Base AF2 filters not passed for 6W1F-pep3_l16_s678029_mpnn2, skipping interface scoring
Base AF2 filters not passed for 6W1F-pep3_l16_s678029_mpnn3, skipping interface scoring
Base AF2 filters not passed for 6W1F-pep3_l16_s678029_mpnn4, skipping interface scoring
Base AF2 filters not passed for 6W1F-pep3_l16_s678029_mpnn5, skipping interface scoring
Base AF2 filters not passed for 6W1F-pep3_l16_s678029_mpnn6, skipping interface scoring
Base AF2 filters not passed for 6W1F-pep3_l16_s678029_mpnn7, skipping interface scoring
Base AF2 filters not passed for 6W1F-pep3_l16_s678029_mpnn8, skipping interface scoring
Base AF2 filters not passed for 6W1F-pep3_l16_s678029_mpnn9, skipping interface scoring
Base AF2 filters not passed for 6W1F-pep3_l16_s678029_mpnn10, skipping interface scoring
Base AF2 filters not passed for 6W1F-pep3_l16_s678029_mpnn11, skipping interface scoring
Base AF2 filters not passed for 6W1F-pep3_l16_s678029_mpnn12, skipping interface scoring
Base AF2 filters not passed for 6W1F-pep3_l16_s678029_mpnn13, skipping interface scoring
Base AF2 filters not passed for 6W1F-pep3_l16_s678029_mpnn14, skipping interface scoring
Base AF2 filters not passed for 6W1F-pep3_l16_s678029_mpnn15, skipping interface scoring
Base AF2 filters not passed for 6W1F-pep3_l16_s678029_mpnn16, skipping interface scoring
Base AF2 filters not passed for 6W1F-pep3_l16_s678029_mpnn17, skipping interface scoring
Base AF2 filters not passed for 6W1F-pep3_l16_s678029_mpnn18, skipping interface scoring
Base AF2 filters not passed for 6W1F-pep3_l16_s678029_mpnn19, skipping interface scoring
Base AF2 filters not passed for 6W1F-pep3_l16_s678029_mpnn20, skipping interface scoring
Base AF2 filters not passed for 6W1F-pep3_l16_s678029_mpnn21, skipping interface scoring
Base AF2 filters not passed for 6W1F-pep3_l16_s678029_mpnn22, skipping interface scoring
Base AF2 filters not passed for 6W1F-pep3_l16_s678029_mpnn23, skipping interface scoring
Base AF2 filters not passed for 6W1F-pep3_l16_s678029_mpnn24, skipping interface scoring
Base AF2 filters not passed for 6W1F-pep3_l16_s678029_mpnn25, skipping interface scoring
Base AF2 filters not passed for 6W1F-pep3_l16_s678029_mpnn26, skipping interface scoring
Base AF2 filters not passed for 6W1F-pep3_l16_s678029_mpnn27, skipping interface scoring
Base AF2 filters not passed for 6W1F-pep3_l16_s678029_mpnn28, skipping interface scoring
Base AF2 filters not passed for 6W1F-pep3_l16_s678029_mpnn29, skipping interface scoring
Base AF2 filters not passed for 6W1F-pep3_l16_s678029_mpnn30, skipping interface scoring
Base AF2 filters not passed for 6W1F-pep3_l16_s678029_mpnn31, skipping interface scoring
Base AF2 filters not passed for 6W1F-pep3_l16_s678029_mpnn32, skipping interface scoring
Base AF2 filters not passed for 6W1F-pep3_l16_s678029_mpnn33, skipping interface scoring
Base AF2 filters not passed for 6W1F-pep3_l16_s678029_mpnn34, skipping interface scoring
Base AF2 filters not passed for 6W1F-pep3_l16_s678029_mpnn35, skipping interface scoring
Base AF2 filters not passed for 6W1F-pep3_l16_s678029_mpnn36, skipping interface scoring
Base AF2 filters not passed for 6W1F-pep3_l16_s678029_mpnn37, skipping interface scoring
Base AF2 filters not passed for 6W1F-pep3_l16_s678029_mpnn38, skipping interface scoring
Base AF2 filters not passed for 6W1F-pep3_l16_s678029_mpnn39, skipping interface scoring
Base AF2 filters not passed for 6W1F-pep3_l16_s678029_mpnn40, skipping interface scoring
Base AF2 filters not passed for 6W1F-pep3_l16_s678029_mpnn41, skipping interface scoring
Base AF2 filters not passed for 6W1F-pep3_l16_s678029_mpnn42, skipping interface scoring
Base AF2 filters not passed for 6W1F-pep3_l16_s678029_mpnn43, skipping interface scoring
Base AF2 filters not passed for 6W1F-pep3_l16_s678029_mpnn44, skipping interface scoring
Base AF2 filters not passed for 6W1F-pep3_l16_s678029_mpnn45, skipping interface scoring
Base AF2 filters not passed for 6W1F-pep3_l16_s678029_mpnn46, skipping interface scoring
Base AF2 filters not passed for 6W1F-pep3_l16_s678029_mpnn47, skipping interface scoring
No accepted MPNN designs found for this trajectory.

Design and validation of trajectory 6W1F-pep3_l16_s678029 took: 0 hours, 14 minutes, 48 seconds

Processing trajectory 6W1F-pep3_l16_s958373
Base AF2 filters not passed for 6W1F-pep3_l16_s958373_mpnn1, skipping interface scoring
Base AF2 filters not passed for 6W1F-pep3_l16_s958373_mpnn2, skipping interface scoring
Base AF2 filters not passed for 6W1F-pep3_l16_s958373_mpnn3, skipping interface scoring
Base AF2 filters not passed for 6W1F-pep3_l16_s958373_mpnn4, skipping interface scoring
Base AF2 filters not passed for 6W1F-pep3_l16_s958373_mpnn5, skipping interface scoring
Base AF2 filters not passed for 6W1F-pep3_l16_s958373_mpnn6, skipping interface scoring
Base AF2 filters not passed for 6W1F-pep3_l16_s958373_mpnn7, skipping interface scoring
Base AF2 filters not passed for 6W1F-pep3_l16_s958373_mpnn8, skipping interface scoring
Base AF2 filters not passed for 6W1F-pep3_l16_s958373_mpnn9, skipping interface scoring
Base AF2 filters not passed for 6W1F-pep3_l16_s958373_mpnn10, skipping interface scoring
Base AF2 filters not passed for 6W1F-pep3_l16_s958373_mpnn11, skipping interface scoring
Base AF2 filters not passed for 6W1F-pep3_l16_s958373_mpnn12, skipping interface scoring
Base AF2 filters not passed for 6W1F-pep3_l16_s958373_mpnn13, skipping interface scoring
Base AF2 filters not passed for 6W1F-pep3_l16_s958373_mpnn14, skipping interface scoring
Base AF2 filters not passed for 6W1F-pep3_l16_s958373_mpnn15, skipping interface scoring
Base AF2 filters not passed for 6W1F-pep3_l16_s958373_mpnn16, skipping interface scoring
Base AF2 filters not passed for 6W1F-pep3_l16_s958373_mpnn17, skipping interface scoring
Base AF2 filters not passed for 6W1F-pep3_l16_s958373_mpnn18, skipping interface scoring
Base AF2 filters not passed for 6W1F-pep3_l16_s958373_mpnn19, skipping interface scoring
Base AF2 filters not passed for 6W1F-pep3_l16_s958373_mpnn20, skipping interface scoring
Base AF2 filters not passed for 6W1F-pep3_l16_s958373_mpnn21, skipping interface scoring
Base AF2 filters not passed for 6W1F-pep3_l16_s958373_mpnn22, skipping interface scoring
Base AF2 filters not passed for 6W1F-pep3_l16_s958373_mpnn23, skipping interface scoring
Base AF2 filters not passed for 6W1F-pep3_l16_s958373_mpnn24, skipping interface scoring
Base AF2 filters not passed for 6W1F-pep3_l16_s958373_mpnn25, skipping interface scoring
Base AF2 filters not passed for 6W1F-pep3_l16_s958373_mpnn26, skipping interface scoring
Base AF2 filters not passed for 6W1F-pep3_l16_s958373_mpnn27, skipping interface scoring
Base AF2 filters not passed for 6W1F-pep3_l16_s958373_mpnn28, skipping interface scoring
Base AF2 filters not passed for 6W1F-pep3_l16_s958373_mpnn29, skipping interface scoring
Base AF2 filters not passed for 6W1F-pep3_l16_s958373_mpnn30, skipping interface scoring
Base AF2 filters not passed for 6W1F-pep3_l16_s958373_mpnn31, skipping interface scoring
Base AF2 filters not passed for 6W1F-pep3_l16_s958373_mpnn32, skipping interface scoring
Base AF2 filters not passed for 6W1F-pep3_l16_s958373_mpnn33, skipping interface scoring
Base AF2 filters not passed for 6W1F-pep3_l16_s958373_mpnn34, skipping interface scoring
Base AF2 filters not passed for 6W1F-pep3_l16_s958373_mpnn35, skipping interface scoring
Base AF2 filters not passed for 6W1F-pep3_l16_s958373_mpnn36, skipping interface scoring
Base AF2 filters not passed for 6W1F-pep3_l16_s958373_mpnn37, skipping interface scoring
Base AF2 filters not passed for 6W1F-pep3_l16_s958373_mpnn38, skipping interface scoring
Base AF2 filters not passed for 6W1F-pep3_l16_s958373_mpnn39, skipping interface scoring
Base AF2 filters not passed for 6W1F-pep3_l16_s958373_mpnn40, skipping interface scoring
Base AF2 filters not passed for 6W1F-pep3_l16_s958373_mpnn41, skipping interface scoring
Base AF2 filters not passed for 6W1F-pep3_l16_s958373_mpnn42, skipping interface scoring
Base AF2 filters not passed for 6W1F-pep3_l16_s958373_mpnn43, skipping interface scoring
No accepted MPNN designs found for this trajectory.

Design and validation of trajectory 6W1F-pep3_l16_s958373 took: 0 hours, 12 minutes, 50 seconds

Processing trajectory 6W1F-pep3_l16_s545014
Base AF2 filters not passed for 6W1F-pep3_l16_s545014_mpnn1, skipping interface scoring
Base AF2 filters not passed for 6W1F-pep3_l16_s545014_mpnn2, skipping interface scoring
Base AF2 filters not passed for 6W1F-pep3_l16_s545014_mpnn3, skipping interface scoring
Base AF2 filters not passed for 6W1F-pep3_l16_s545014_mpnn4, skipping interface scoring
Base AF2 filters not passed for 6W1F-pep3_l16_s545014_mpnn5, skipping interface scoring
Base AF2 filters not passed for 6W1F-pep3_l16_s545014_mpnn6, skipping interface scoring
Base AF2 filters not passed for 6W1F-pep3_l16_s545014_mpnn7, skipping interface scoring
Base AF2 filters not passed for 6W1F-pep3_l16_s545014_mpnn8, skipping interface scoring
Base AF2 filters not passed for 6W1F-pep3_l16_s545014_mpnn9, skipping interface scoring
Base AF2 filters not passed for 6W1F-pep3_l16_s545014_mpnn10, skipping interface scoring
Base AF2 filters not passed for 6W1F-pep3_l16_s545014_mpnn11, skipping interface scoring
Base AF2 filters not passed for 6W1F-pep3_l16_s545014_mpnn12, skipping interface scoring
Base AF2 filters not passed for 6W1F-pep3_l16_s545014_mpnn13, skipping interface scoring
Base AF2 filters not passed for 6W1F-pep3_l16_s545014_mpnn14, skipping interface scoring
Base AF2 filters not passed for 6W1F-pep3_l16_s545014_mpnn15, skipping interface scoring
Base AF2 filters not passed for 6W1F-pep3_l16_s545014_mpnn16, skipping interface scoring
Base AF2 filters not passed for 6W1F-pep3_l16_s545014_mpnn17, skipping interface scoring
Base AF2 filters not passed for 6W1F-pep3_l16_s545014_mpnn18, skipping interface scoring
Base AF2 filters not passed for 6W1F-pep3_l16_s545014_mpnn19, skipping interface scoring
Base AF2 filters not passed for 6W1F-pep3_l16_s545014_mpnn20, skipping interface scoring
Base AF2 filters not passed for 6W1F-pep3_l16_s545014_mpnn21, skipping interface scoring
Base AF2 filters not passed for 6W1F-pep3_l16_s545014_mpnn22, skipping interface scoring
Base AF2 filters not passed for 6W1F-pep3_l16_s545014_mpnn23, skipping interface scoring
Base AF2 filters not passed for 6W1F-pep3_l16_s545014_mpnn24, skipping interface scoring
Base AF2 filters not passed for 6W1F-pep3_l16_s545014_mpnn25, skipping interface scoring
Base AF2 filters not passed for 6W1F-pep3_l16_s545014_mpnn26, skipping interface scoring
Base AF2 filters not passed for 6W1F-pep3_l16_s545014_mpnn27, skipping interface scoring
Base AF2 filters not passed for 6W1F-pep3_l16_s545014_mpnn28, skipping interface scoring
Base AF2 filters not passed for 6W1F-pep3_l16_s545014_mpnn29, skipping interface scoring
Base AF2 filters not passed for 6W1F-pep3_l16_s545014_mpnn30, skipping interface scoring
Base AF2 filters not passed for 6W1F-pep3_l16_s545014_mpnn31, skipping interface scoring
Base AF2 filters not passed for 6W1F-pep3_l16_s545014_mpnn32, skipping interface scoring
Base AF2 filters not passed for 6W1F-pep3_l16_s545014_mpnn33, skipping interface scoring
Base AF2 filters not passed for 6W1F-pep3_l16_s545014_mpnn34, skipping interface scoring
Base AF2 filters not passed for 6W1F-pep3_l16_s545014_mpnn35, skipping interface scoring
Base AF2 filters not passed for 6W1F-pep3_l16_s545014_mpnn36, skipping interface scoring
Base AF2 filters not passed for 6W1F-pep3_l16_s545014_mpnn37, skipping interface scoring
Base AF2 filters not passed for 6W1F-pep3_l16_s545014_mpnn38, skipping interface scoring
Base AF2 filters not passed for 6W1F-pep3_l16_s545014_mpnn39, skipping interface scoring
Base AF2 filters not passed for 6W1F-pep3_l16_s545014_mpnn40, skipping interface scoring
Base AF2 filters not passed for 6W1F-pep3_l16_s545014_mpnn41, skipping interface scoring
Base AF2 filters not passed for 6W1F-pep3_l16_s545014_mpnn42, skipping interface scoring
Base AF2 filters not passed for 6W1F-pep3_l16_s545014_mpnn43, skipping interface scoring
Base AF2 filters not passed for 6W1F-pep3_l16_s545014_mpnn44, skipping interface scoring
Base AF2 filters not passed for 6W1F-pep3_l16_s545014_mpnn45, skipping interface scoring
No accepted MPNN designs found for this trajectory.

Design and validation of trajectory 6W1F-pep3_l16_s545014 took: 0 hours, 13 minutes, 23 seconds

Processing trajectory 6W1F-pep3_l16_s415667
Base AF2 filters not passed for 6W1F-pep3_l16_s415667_mpnn1, skipping interface scoring
Base AF2 filters not passed for 6W1F-pep3_l16_s415667_mpnn2, skipping interface scoring
Base AF2 filters not passed for 6W1F-pep3_l16_s415667_mpnn3, skipping interface scoring
Base AF2 filters not passed for 6W1F-pep3_l16_s415667_mpnn4, skipping interface scoring
Base AF2 filters not passed for 6W1F-pep3_l16_s415667_mpnn5, skipping interface scoring
Base AF2 filters not passed for 6W1F-pep3_l16_s415667_mpnn6, skipping interface scoring
Base AF2 filters not passed for 6W1F-pep3_l16_s415667_mpnn7, skipping interface scoring
Base AF2 filters not passed for 6W1F-pep3_l16_s415667_mpnn8, skipping interface scoring
Base AF2 filters not passed for 6W1F-pep3_l16_s415667_mpnn9, skipping interface scoring
Base AF2 filters not passed for 6W1F-pep3_l16_s415667_mpnn10, skipping interface scoring
Base AF2 filters not passed for 6W1F-pep3_l16_s415667_mpnn11, skipping interface scoring
Base AF2 filters not passed for 6W1F-pep3_l16_s415667_mpnn12, skipping interface scoring
Base AF2 filters not passed for 6W1F-pep3_l16_s415667_mpnn13, skipping interface scoring
Base AF2 filters not passed for 6W1F-pep3_l16_s415667_mpnn14, skipping interface scoring
Base AF2 filters not passed for 6W1F-pep3_l16_s415667_mpnn15, skipping interface scoring
Base AF2 filters not passed for 6W1F-pep3_l16_s415667_mpnn16, skipping interface scoring
Base AF2 filters not passed for 6W1F-pep3_l16_s415667_mpnn17, skipping interface scoring
Base AF2 filters not passed for 6W1F-pep3_l16_s415667_mpnn18, skipping interface scoring
Base AF2 filters not passed for 6W1F-pep3_l16_s415667_mpnn19, skipping interface scoring
Base AF2 filters not passed for 6W1F-pep3_l16_s415667_mpnn20, skipping interface scoring
Base AF2 filters not passed for 6W1F-pep3_l16_s415667_mpnn21, skipping interface scoring
Base AF2 filters not passed for 6W1F-pep3_l16_s415667_mpnn22, skipping interface scoring
Base AF2 filters not passed for 6W1F-pep3_l16_s415667_mpnn23, skipping interface scoring
Base AF2 filters not passed for 6W1F-pep3_l16_s415667_mpnn24, skipping interface scoring
Base AF2 filters not passed for 6W1F-pep3_l16_s415667_mpnn25, skipping interface scoring
Base AF2 filters not passed for 6W1F-pep3_l16_s415667_mpnn26, skipping interface scoring
Base AF2 filters not passed for 6W1F-pep3_l16_s415667_mpnn27, skipping interface scoring
Base AF2 filters not passed for 6W1F-pep3_l16_s415667_mpnn28, skipping interface scoring
Base AF2 filters not passed for 6W1F-pep3_l16_s415667_mpnn29, skipping interface scoring
Base AF2 filters not passed for 6W1F-pep3_l16_s415667_mpnn30, skipping interface scoring
Base AF2 filters not passed for 6W1F-pep3_l16_s415667_mpnn31, skipping interface scoring
Base AF2 filters not passed for 6W1F-pep3_l16_s415667_mpnn32, skipping interface scoring
Base AF2 filters not passed for 6W1F-pep3_l16_s415667_mpnn33, skipping interface scoring
Base AF2 filters not passed for 6W1F-pep3_l16_s415667_mpnn34, skipping interface scoring
Base AF2 filters not passed for 6W1F-pep3_l16_s415667_mpnn35, skipping interface scoring
Base AF2 filters not passed for 6W1F-pep3_l16_s415667_mpnn36, skipping interface scoring
Base AF2 filters not passed for 6W1F-pep3_l16_s415667_mpnn37, skipping interface scoring
Base AF2 filters not passed for 6W1F-pep3_l16_s415667_mpnn38, skipping interface scoring
No accepted MPNN designs found for this trajectory.

Design and validation of trajectory 6W1F-pep3_l16_s415667 took: 0 hours, 11 minutes, 25 seconds

Processing trajectory 6W1F-pep3_l13_s453217
Base AF2 filters not passed for 6W1F-pep3_l13_s453217_mpnn1, skipping interface scoring
Base AF2 filters not passed for 6W1F-pep3_l13_s453217_mpnn2, skipping interface scoring
Base AF2 filters not passed for 6W1F-pep3_l13_s453217_mpnn3, skipping interface scoring
Base AF2 filters not passed for 6W1F-pep3_l13_s453217_mpnn4, skipping interface scoring
Base AF2 filters not passed for 6W1F-pep3_l13_s453217_mpnn5, skipping interface scoring
Base AF2 filters not passed for 6W1F-pep3_l13_s453217_mpnn6, skipping interface scoring
Base AF2 filters not passed for 6W1F-pep3_l13_s453217_mpnn7, skipping interface scoring
Base AF2 filters not passed for 6W1F-pep3_l13_s453217_mpnn8, skipping interface scoring
Base AF2 filters not passed for 6W1F-pep3_l13_s453217_mpnn9, skipping interface scoring
Base AF2 filters not passed for 6W1F-pep3_l13_s453217_mpnn10, skipping interface scoring
Base AF2 filters not passed for 6W1F-pep3_l13_s453217_mpnn11, skipping interface scoring
Base AF2 filters not passed for 6W1F-pep3_l13_s453217_mpnn12, skipping interface scoring
Base AF2 filters not passed for 6W1F-pep3_l13_s453217_mpnn13, skipping interface scoring
Base AF2 filters not passed for 6W1F-pep3_l13_s453217_mpnn14, skipping interface scoring
Base AF2 filters not passed for 6W1F-pep3_l13_s453217_mpnn15, skipping interface scoring
Base AF2 filters not passed for 6W1F-pep3_l13_s453217_mpnn16, skipping interface scoring
Base AF2 filters not passed for 6W1F-pep3_l13_s453217_mpnn17, skipping interface scoring
Base AF2 filters not passed for 6W1F-pep3_l13_s453217_mpnn18, skipping interface scoring
Base AF2 filters not passed for 6W1F-pep3_l13_s453217_mpnn19, skipping interface scoring
Base AF2 filters not passed for 6W1F-pep3_l13_s453217_mpnn20, skipping interface scoring
Base AF2 filters not passed for 6W1F-pep3_l13_s453217_mpnn21, skipping interface scoring
Base AF2 filters not passed for 6W1F-pep3_l13_s453217_mpnn22, skipping interface scoring
Base AF2 filters not passed for 6W1F-pep3_l13_s453217_mpnn23, skipping interface scoring
Base AF2 filters not passed for 6W1F-pep3_l13_s453217_mpnn24, skipping interface scoring
Base AF2 filters not passed for 6W1F-pep3_l13_s453217_mpnn25, skipping interface scoring
Base AF2 filters not passed for 6W1F-pep3_l13_s453217_mpnn26, skipping interface scoring
Base AF2 filters not passed for 6W1F-pep3_l13_s453217_mpnn27, skipping interface scoring
Base AF2 filters not passed for 6W1F-pep3_l13_s453217_mpnn28, skipping interface scoring
Base AF2 filters not passed for 6W1F-pep3_l13_s453217_mpnn29, skipping interface scoring
Base AF2 filters not passed for 6W1F-pep3_l13_s453217_mpnn30, skipping interface scoring
Base AF2 filters not passed for 6W1F-pep3_l13_s453217_mpnn31, skipping interface scoring
Base AF2 filters not passed for 6W1F-pep3_l13_s453217_mpnn32, skipping interface scoring
Base AF2 filters not passed for 6W1F-pep3_l13_s453217_mpnn33, skipping interface scoring
Base AF2 filters not passed for 6W1F-pep3_l13_s453217_mpnn34, skipping interface scoring
Base AF2 filters not passed for 6W1F-pep3_l13_s453217_mpnn35, skipping interface scoring
Base AF2 filters not passed for 6W1F-pep3_l13_s453217_mpnn36, skipping interface scoring
Base AF2 filters not passed for 6W1F-pep3_l13_s453217_mpnn37, skipping interface scoring
Base AF2 filters not passed for 6W1F-pep3_l13_s453217_mpnn38, skipping interface scoring
No accepted MPNN designs found for this trajectory.

Design and validation of trajectory 6W1F-pep3_l13_s453217 took: 0 hours, 11 minutes, 55 seconds

Processing trajectory 6W1F-pep3_l13_s616608
Base AF2 filters not passed for 6W1F-pep3_l13_s616608_mpnn1, skipping interface scoring
Base AF2 filters not passed for 6W1F-pep3_l13_s616608_mpnn2, skipping interface scoring
Base AF2 filters not passed for 6W1F-pep3_l13_s616608_mpnn3, skipping interface scoring
Base AF2 filters not passed for 6W1F-pep3_l13_s616608_mpnn4, skipping interface scoring
Base AF2 filters not passed for 6W1F-pep3_l13_s616608_mpnn5, skipping interface scoring
Base AF2 filters not passed for 6W1F-pep3_l13_s616608_mpnn6, skipping interface scoring
Base AF2 filters not passed for 6W1F-pep3_l13_s616608_mpnn7, skipping interface scoring
Base AF2 filters not passed for 6W1F-pep3_l13_s616608_mpnn8, skipping interface scoring
Base AF2 filters not passed for 6W1F-pep3_l13_s616608_mpnn9, skipping interface scoring
Base AF2 filters not passed for 6W1F-pep3_l13_s616608_mpnn10, skipping interface scoring
Base AF2 filters not passed for 6W1F-pep3_l13_s616608_mpnn11, skipping interface scoring
Base AF2 filters not passed for 6W1F-pep3_l13_s616608_mpnn12, skipping interface scoring
Base AF2 filters not passed for 6W1F-pep3_l13_s616608_mpnn13, skipping interface scoring
Base AF2 filters not passed for 6W1F-pep3_l13_s616608_mpnn14, skipping interface scoring
Base AF2 filters not passed for 6W1F-pep3_l13_s616608_mpnn15, skipping interface scoring
Base AF2 filters not passed for 6W1F-pep3_l13_s616608_mpnn16, skipping interface scoring
Base AF2 filters not passed for 6W1F-pep3_l13_s616608_mpnn17, skipping interface scoring
Base AF2 filters not passed for 6W1F-pep3_l13_s616608_mpnn18, skipping interface scoring
Base AF2 filters not passed for 6W1F-pep3_l13_s616608_mpnn19, skipping interface scoring
Base AF2 filters not passed for 6W1F-pep3_l13_s616608_mpnn20, skipping interface scoring
Base AF2 filters not passed for 6W1F-pep3_l13_s616608_mpnn21, skipping interface scoring
Base AF2 filters not passed for 6W1F-pep3_l13_s616608_mpnn22, skipping interface scoring
Base AF2 filters not passed for 6W1F-pep3_l13_s616608_mpnn23, skipping interface scoring
Base AF2 filters not passed for 6W1F-pep3_l13_s616608_mpnn24, skipping interface scoring
Base AF2 filters not passed for 6W1F-pep3_l13_s616608_mpnn25, skipping interface scoring
Base AF2 filters not passed for 6W1F-pep3_l13_s616608_mpnn26, skipping interface scoring
Base AF2 filters not passed for 6W1F-pep3_l13_s616608_mpnn27, skipping interface scoring
Base AF2 filters not passed for 6W1F-pep3_l13_s616608_mpnn28, skipping interface scoring
Base AF2 filters not passed for 6W1F-pep3_l13_s616608_mpnn29, skipping interface scoring
No accepted MPNN designs found for this trajectory.

Design and validation of trajectory 6W1F-pep3_l13_s616608 took: 0 hours, 11 minutes, 56 seconds

Processing trajectory 6W1F-pep3_l16_s120505
Base AF2 filters not passed for 6W1F-pep3_l16_s120505_mpnn1, skipping interface scoring
Base AF2 filters not passed for 6W1F-pep3_l16_s120505_mpnn2, skipping interface scoring
Base AF2 filters not passed for 6W1F-pep3_l16_s120505_mpnn3, skipping interface scoring
Base AF2 filters not passed for 6W1F-pep3_l16_s120505_mpnn4, skipping interface scoring
Base AF2 filters not passed for 6W1F-pep3_l16_s120505_mpnn5, skipping interface scoring
Base AF2 filters not passed for 6W1F-pep3_l16_s120505_mpnn6, skipping interface scoring
Base AF2 filters not passed for 6W1F-pep3_l16_s120505_mpnn7, skipping interface scoring
Base AF2 filters not passed for 6W1F-pep3_l16_s120505_mpnn8, skipping interface scoring
Base AF2 filters not passed for 6W1F-pep3_l16_s120505_mpnn9, skipping interface scoring
Base AF2 filters not passed for 6W1F-pep3_l16_s120505_mpnn10, skipping interface scoring
Base AF2 filters not passed for 6W1F-pep3_l16_s120505_mpnn11, skipping interface scoring
Base AF2 filters not passed for 6W1F-pep3_l16_s120505_mpnn12, skipping interface scoring
Base AF2 filters not passed for 6W1F-pep3_l16_s120505_mpnn13, skipping interface scoring
Base AF2 filters not passed for 6W1F-pep3_l16_s120505_mpnn14, skipping interface scoring
Base AF2 filters not passed for 6W1F-pep3_l16_s120505_mpnn15, skipping interface scoring
Base AF2 filters not passed for 6W1F-pep3_l16_s120505_mpnn16, skipping interface scoring
Base AF2 filters not passed for 6W1F-pep3_l16_s120505_mpnn17, skipping interface scoring
Base AF2 filters not passed for 6W1F-pep3_l16_s120505_mpnn18, skipping interface scoring
Base AF2 filters not passed for 6W1F-pep3_l16_s120505_mpnn19, skipping interface scoring
Base AF2 filters not passed for 6W1F-pep3_l16_s120505_mpnn20, skipping interface scoring
Base AF2 filters not passed for 6W1F-pep3_l16_s120505_mpnn21, skipping interface scoring
Base AF2 filters not passed for 6W1F-pep3_l16_s120505_mpnn22, skipping interface scoring
Base AF2 filters not passed for 6W1F-pep3_l16_s120505_mpnn23, skipping interface scoring
Base AF2 filters not passed for 6W1F-pep3_l16_s120505_mpnn24, skipping interface scoring
Base AF2 filters not passed for 6W1F-pep3_l16_s120505_mpnn25, skipping interface scoring
Base AF2 filters not passed for 6W1F-pep3_l16_s120505_mpnn26, skipping interface scoring
Base AF2 filters not passed for 6W1F-pep3_l16_s120505_mpnn27, skipping interface scoring
Base AF2 filters not passed for 6W1F-pep3_l16_s120505_mpnn28, skipping interface scoring
Base AF2 filters not passed for 6W1F-pep3_l16_s120505_mpnn29, skipping interface scoring
Base AF2 filters not passed for 6W1F-pep3_l16_s120505_mpnn30, skipping interface scoring
Base AF2 filters not passed for 6W1F-pep3_l16_s120505_mpnn31, skipping interface scoring
Base AF2 filters not passed for 6W1F-pep3_l16_s120505_mpnn32, skipping interface scoring
Base AF2 filters not passed for 6W1F-pep3_l16_s120505_mpnn33, skipping interface scoring
Base AF2 filters not passed for 6W1F-pep3_l16_s120505_mpnn34, skipping interface scoring
Base AF2 filters not passed for 6W1F-pep3_l16_s120505_mpnn35, skipping interface scoring
Base AF2 filters not passed for 6W1F-pep3_l16_s120505_mpnn36, skipping interface scoring
Base AF2 filters not passed for 6W1F-pep3_l16_s120505_mpnn37, skipping interface scoring
Base AF2 filters not passed for 6W1F-pep3_l16_s120505_mpnn38, skipping interface scoring
Base AF2 filters not passed for 6W1F-pep3_l16_s120505_mpnn39, skipping interface scoring
Base AF2 filters not passed for 6W1F-pep3_l16_s120505_mpnn40, skipping interface scoring
No accepted MPNN designs found for this trajectory.

Design and validation of trajectory 6W1F-pep3_l16_s120505 took: 0 hours, 11 minutes, 59 seconds

Processing trajectory 6W1F-pep3_l16_s508812
Base AF2 filters not passed for 6W1F-pep3_l16_s508812_mpnn1, skipping interface scoring
Base AF2 filters not passed for 6W1F-pep3_l16_s508812_mpnn2, skipping interface scoring
Base AF2 filters not passed for 6W1F-pep3_l16_s508812_mpnn3, skipping interface scoring
Base AF2 filters not passed for 6W1F-pep3_l16_s508812_mpnn4, skipping interface scoring
Base AF2 filters not passed for 6W1F-pep3_l16_s508812_mpnn5, skipping interface scoring
Base AF2 filters not passed for 6W1F-pep3_l16_s508812_mpnn6, skipping interface scoring
Base AF2 filters not passed for 6W1F-pep3_l16_s508812_mpnn7, skipping interface scoring
Base AF2 filters not passed for 6W1F-pep3_l16_s508812_mpnn8, skipping interface scoring
Base AF2 filters not passed for 6W1F-pep3_l16_s508812_mpnn9, skipping interface scoring
Base AF2 filters not passed for 6W1F-pep3_l16_s508812_mpnn10, skipping interface scoring
Base AF2 filters not passed for 6W1F-pep3_l16_s508812_mpnn11, skipping interface scoring
Base AF2 filters not passed for 6W1F-pep3_l16_s508812_mpnn12, skipping interface scoring
Base AF2 filters not passed for 6W1F-pep3_l16_s508812_mpnn13, skipping interface scoring
Base AF2 filters not passed for 6W1F-pep3_l16_s508812_mpnn14, skipping interface scoring
Base AF2 filters not passed for 6W1F-pep3_l16_s508812_mpnn15, skipping interface scoring
Base AF2 filters not passed for 6W1F-pep3_l16_s508812_mpnn16, skipping interface scoring
Base AF2 filters not passed for 6W1F-pep3_l16_s508812_mpnn17, skipping interface scoring
Base AF2 filters not passed for 6W1F-pep3_l16_s508812_mpnn18, skipping interface scoring
Base AF2 filters not passed for 6W1F-pep3_l16_s508812_mpnn19, skipping interface scoring
Base AF2 filters not passed for 6W1F-pep3_l16_s508812_mpnn20, skipping interface scoring
Base AF2 filters not passed for 6W1F-pep3_l16_s508812_mpnn21, skipping interface scoring
Base AF2 filters not passed for 6W1F-pep3_l16_s508812_mpnn22, skipping interface scoring
Base AF2 filters not passed for 6W1F-pep3_l16_s508812_mpnn23, skipping interface scoring
Base AF2 filters not passed for 6W1F-pep3_l16_s508812_mpnn24, skipping interface scoring
Base AF2 filters not passed for 6W1F-pep3_l16_s508812_mpnn25, skipping interface scoring
Base AF2 filters not passed for 6W1F-pep3_l16_s508812_mpnn26, skipping interface scoring
Base AF2 filters not passed for 6W1F-pep3_l16_s508812_mpnn27, skipping interface scoring
Base AF2 filters not passed for 6W1F-pep3_l16_s508812_mpnn28, skipping interface scoring
Base AF2 filters not passed for 6W1F-pep3_l16_s508812_mpnn29, skipping interface scoring
Base AF2 filters not passed for 6W1F-pep3_l16_s508812_mpnn30, skipping interface scoring
Base AF2 filters not passed for 6W1F-pep3_l16_s508812_mpnn31, skipping interface scoring
Base AF2 filters not passed for 6W1F-pep3_l16_s508812_mpnn32, skipping interface scoring
Base AF2 filters not passed for 6W1F-pep3_l16_s508812_mpnn33, skipping interface scoring
Base AF2 filters not passed for 6W1F-pep3_l16_s508812_mpnn34, skipping interface scoring
Base AF2 filters not passed for 6W1F-pep3_l16_s508812_mpnn35, skipping interface scoring
Base AF2 filters not passed for 6W1F-pep3_l16_s508812_mpnn36, skipping interface scoring
Base AF2 filters not passed for 6W1F-pep3_l16_s508812_mpnn37, skipping interface scoring
Base AF2 filters not passed for 6W1F-pep3_l16_s508812_mpnn38, skipping interface scoring
Base AF2 filters not passed for 6W1F-pep3_l16_s508812_mpnn39, skipping interface scoring
Base AF2 filters not passed for 6W1F-pep3_l16_s508812_mpnn40, skipping interface scoring
Base AF2 filters not passed for 6W1F-pep3_l16_s508812_mpnn41, skipping interface scoring
Base AF2 filters not passed for 6W1F-pep3_l16_s508812_mpnn42, skipping interface scoring
Base AF2 filters not passed for 6W1F-pep3_l16_s508812_mpnn43, skipping interface scoring
No accepted MPNN designs found for this trajectory.

Design and validation of trajectory 6W1F-pep3_l16_s508812 took: 0 hours, 12 minutes, 49 seconds

Processing trajectory 6W1F-pep3_l16_s372094
Base AF2 filters not passed for 6W1F-pep3_l16_s372094_mpnn1, skipping interface scoring
Base AF2 filters not passed for 6W1F-pep3_l16_s372094_mpnn2, skipping interface scoring
Base AF2 filters not passed for 6W1F-pep3_l16_s372094_mpnn3, skipping interface scoring
Base AF2 filters not passed for 6W1F-pep3_l16_s372094_mpnn4, skipping interface scoring
Base AF2 filters not passed for 6W1F-pep3_l16_s372094_mpnn5, skipping interface scoring
Base AF2 filters not passed for 6W1F-pep3_l16_s372094_mpnn6, skipping interface scoring
Base AF2 filters not passed for 6W1F-pep3_l16_s372094_mpnn7, skipping interface scoring
Base AF2 filters not passed for 6W1F-pep3_l16_s372094_mpnn8, skipping interface scoring
Base AF2 filters not passed for 6W1F-pep3_l16_s372094_mpnn9, skipping interface scoring
Base AF2 filters not passed for 6W1F-pep3_l16_s372094_mpnn10, skipping interface scoring
Base AF2 filters not passed for 6W1F-pep3_l16_s372094_mpnn11, skipping interface scoring
Base AF2 filters not passed for 6W1F-pep3_l16_s372094_mpnn12, skipping interface scoring
Base AF2 filters not passed for 6W1F-pep3_l16_s372094_mpnn13, skipping interface scoring
Base AF2 filters not passed for 6W1F-pep3_l16_s372094_mpnn14, skipping interface scoring
Base AF2 filters not passed for 6W1F-pep3_l16_s372094_mpnn15, skipping interface scoring
Base AF2 filters not passed for 6W1F-pep3_l16_s372094_mpnn16, skipping interface scoring
Base AF2 filters not passed for 6W1F-pep3_l16_s372094_mpnn17, skipping interface scoring
Base AF2 filters not passed for 6W1F-pep3_l16_s372094_mpnn18, skipping interface scoring
Base AF2 filters not passed for 6W1F-pep3_l16_s372094_mpnn19, skipping interface scoring
Base AF2 filters not passed for 6W1F-pep3_l16_s372094_mpnn20, skipping interface scoring
Base AF2 filters not passed for 6W1F-pep3_l16_s372094_mpnn21, skipping interface scoring
Base AF2 filters not passed for 6W1F-pep3_l16_s372094_mpnn22, skipping interface scoring
Base AF2 filters not passed for 6W1F-pep3_l16_s372094_mpnn23, skipping interface scoring
Base AF2 filters not passed for 6W1F-pep3_l16_s372094_mpnn24, skipping interface scoring
Base AF2 filters not passed for 6W1F-pep3_l16_s372094_mpnn25, skipping interface scoring
Base AF2 filters not passed for 6W1F-pep3_l16_s372094_mpnn26, skipping interface scoring
Base AF2 filters not passed for 6W1F-pep3_l16_s372094_mpnn27, skipping interface scoring
Base AF2 filters not passed for 6W1F-pep3_l16_s372094_mpnn28, skipping interface scoring
Base AF2 filters not passed for 6W1F-pep3_l16_s372094_mpnn29, skipping interface scoring
Base AF2 filters not passed for 6W1F-pep3_l16_s372094_mpnn30, skipping interface scoring
Base AF2 filters not passed for 6W1F-pep3_l16_s372094_mpnn31, skipping interface scoring
Base AF2 filters not passed for 6W1F-pep3_l16_s372094_mpnn32, skipping interface scoring
Base AF2 filters not passed for 6W1F-pep3_l16_s372094_mpnn33, skipping interface scoring
Base AF2 filters not passed for 6W1F-pep3_l16_s372094_mpnn34, skipping interface scoring
Base AF2 filters not passed for 6W1F-pep3_l16_s372094_mpnn35, skipping interface scoring
Base AF2 filters not passed for 6W1F-pep3_l16_s372094_mpnn36, skipping interface scoring
Base AF2 filters not passed for 6W1F-pep3_l16_s372094_mpnn37, skipping interface scoring
Base AF2 filters not passed for 6W1F-pep3_l16_s372094_mpnn38, skipping interface scoring
Base AF2 filters not passed for 6W1F-pep3_l16_s372094_mpnn39, skipping interface scoring
Base AF2 filters not passed for 6W1F-pep3_l16_s372094_mpnn40, skipping interface scoring
Base AF2 filters not passed for 6W1F-pep3_l16_s372094_mpnn41, skipping interface scoring
Base AF2 filters not passed for 6W1F-pep3_l16_s372094_mpnn42, skipping interface scoring
Base AF2 filters not passed for 6W1F-pep3_l16_s372094_mpnn43, skipping interface scoring
Base AF2 filters not passed for 6W1F-pep3_l16_s372094_mpnn44, skipping interface scoring
No accepted MPNN designs found for this trajectory.

Design and validation of trajectory 6W1F-pep3_l16_s372094 took: 0 hours, 13 minutes, 7 seconds

Processing trajectory 6W1F-pep3_l17_s533672
Base AF2 filters not passed for 6W1F-pep3_l17_s533672_mpnn1, skipping interface scoring
Base AF2 filters not passed for 6W1F-pep3_l17_s533672_mpnn2, skipping interface scoring
Base AF2 filters not passed for 6W1F-pep3_l17_s533672_mpnn3, skipping interface scoring
Base AF2 filters not passed for 6W1F-pep3_l17_s533672_mpnn4, skipping interface scoring
Base AF2 filters not passed for 6W1F-pep3_l17_s533672_mpnn5, skipping interface scoring
Base AF2 filters not passed for 6W1F-pep3_l17_s533672_mpnn6, skipping interface scoring
Base AF2 filters not passed for 6W1F-pep3_l17_s533672_mpnn7, skipping interface scoring
Base AF2 filters not passed for 6W1F-pep3_l17_s533672_mpnn8, skipping interface scoring
Base AF2 filters not passed for 6W1F-pep3_l17_s533672_mpnn9, skipping interface scoring
Base AF2 filters not passed for 6W1F-pep3_l17_s533672_mpnn10, skipping interface scoring
Base AF2 filters not passed for 6W1F-pep3_l17_s533672_mpnn11, skipping interface scoring
Base AF2 filters not passed for 6W1F-pep3_l17_s533672_mpnn12, skipping interface scoring
Base AF2 filters not passed for 6W1F-pep3_l17_s533672_mpnn13, skipping interface scoring
Base AF2 filters not passed for 6W1F-pep3_l17_s533672_mpnn14, skipping interface scoring
Base AF2 filters not passed for 6W1F-pep3_l17_s533672_mpnn15, skipping interface scoring
Base AF2 filters not passed for 6W1F-pep3_l17_s533672_mpnn16, skipping interface scoring
Base AF2 filters not passed for 6W1F-pep3_l17_s533672_mpnn17, skipping interface scoring
Base AF2 filters not passed for 6W1F-pep3_l17_s533672_mpnn18, skipping interface scoring
Base AF2 filters not passed for 6W1F-pep3_l17_s533672_mpnn19, skipping interface scoring
Base AF2 filters not passed for 6W1F-pep3_l17_s533672_mpnn20, skipping interface scoring
Base AF2 filters not passed for 6W1F-pep3_l17_s533672_mpnn21, skipping interface scoring
Base AF2 filters not passed for 6W1F-pep3_l17_s533672_mpnn22, skipping interface scoring
Base AF2 filters not passed for 6W1F-pep3_l17_s533672_mpnn23, skipping interface scoring
Base AF2 filters not passed for 6W1F-pep3_l17_s533672_mpnn24, skipping interface scoring
Base AF2 filters not passed for 6W1F-pep3_l17_s533672_mpnn25, skipping interface scoring
Base AF2 filters not passed for 6W1F-pep3_l17_s533672_mpnn26, skipping interface scoring
Base AF2 filters not passed for 6W1F-pep3_l17_s533672_mpnn27, skipping interface scoring
Base AF2 filters not passed for 6W1F-pep3_l17_s533672_mpnn28, skipping interface scoring
Base AF2 filters not passed for 6W1F-pep3_l17_s533672_mpnn29, skipping interface scoring
Base AF2 filters not passed for 6W1F-pep3_l17_s533672_mpnn30, skipping interface scoring
Base AF2 filters not passed for 6W1F-pep3_l17_s533672_mpnn31, skipping interface scoring
Base AF2 filters not passed for 6W1F-pep3_l17_s533672_mpnn32, skipping interface scoring
Base AF2 filters not passed for 6W1F-pep3_l17_s533672_mpnn33, skipping interface scoring
Base AF2 filters not passed for 6W1F-pep3_l17_s533672_mpnn34, skipping interface scoring
Base AF2 filters not passed for 6W1F-pep3_l17_s533672_mpnn35, skipping interface scoring
Base AF2 filters not passed for 6W1F-pep3_l17_s533672_mpnn36, skipping interface scoring
Base AF2 filters not passed for 6W1F-pep3_l17_s533672_mpnn37, skipping interface scoring
Base AF2 filters not passed for 6W1F-pep3_l17_s533672_mpnn38, skipping interface scoring
Base AF2 filters not passed for 6W1F-pep3_l17_s533672_mpnn39, skipping interface scoring
Base AF2 filters not passed for 6W1F-pep3_l17_s533672_mpnn40, skipping interface scoring
Base AF2 filters not passed for 6W1F-pep3_l17_s533672_mpnn41, skipping interface scoring
Base AF2 filters not passed for 6W1F-pep3_l17_s533672_mpnn42, skipping interface scoring
Base AF2 filters not passed for 6W1F-pep3_l17_s533672_mpnn43, skipping interface scoring
Base AF2 filters not passed for 6W1F-pep3_l17_s533672_mpnn44, skipping interface scoring
Base AF2 filters not passed for 6W1F-pep3_l17_s533672_mpnn45, skipping interface scoring
Base AF2 filters not passed for 6W1F-pep3_l17_s533672_mpnn46, skipping interface scoring
Base AF2 filters not passed for 6W1F-pep3_l17_s533672_mpnn47, skipping interface scoring
Base AF2 filters not passed for 6W1F-pep3_l17_s533672_mpnn48, skipping interface scoring
Base AF2 filters not passed for 6W1F-pep3_l17_s533672_mpnn49, skipping interface scoring
Base AF2 filters not passed for 6W1F-pep3_l17_s533672_mpnn50, skipping interface scoring
No accepted MPNN designs found for this trajectory.

Design and validation of trajectory 6W1F-pep3_l17_s533672 took: 0 hours, 16 minutes, 8 seconds

Processing trajectory 6W1F-pep3_l16_s488856
Base AF2 filters not passed for 6W1F-pep3_l16_s488856_mpnn1, skipping interface scoring
Base AF2 filters not passed for 6W1F-pep3_l16_s488856_mpnn2, skipping interface scoring
Base AF2 filters not passed for 6W1F-pep3_l16_s488856_mpnn3, skipping interface scoring
Base AF2 filters not passed for 6W1F-pep3_l16_s488856_mpnn4, skipping interface scoring
Base AF2 filters not passed for 6W1F-pep3_l16_s488856_mpnn5, skipping interface scoring
Base AF2 filters not passed for 6W1F-pep3_l16_s488856_mpnn6, skipping interface scoring
Base AF2 filters not passed for 6W1F-pep3_l16_s488856_mpnn7, skipping interface scoring
Base AF2 filters not passed for 6W1F-pep3_l16_s488856_mpnn8, skipping interface scoring
Base AF2 filters not passed for 6W1F-pep3_l16_s488856_mpnn9, skipping interface scoring
Base AF2 filters not passed for 6W1F-pep3_l16_s488856_mpnn10, skipping interface scoring
Base AF2 filters not passed for 6W1F-pep3_l16_s488856_mpnn11, skipping interface scoring
Base AF2 filters not passed for 6W1F-pep3_l16_s488856_mpnn12, skipping interface scoring
Base AF2 filters not passed for 6W1F-pep3_l16_s488856_mpnn13, skipping interface scoring
Base AF2 filters not passed for 6W1F-pep3_l16_s488856_mpnn14, skipping interface scoring
Base AF2 filters not passed for 6W1F-pep3_l16_s488856_mpnn15, skipping interface scoring
Base AF2 filters not passed for 6W1F-pep3_l16_s488856_mpnn16, skipping interface scoring
Base AF2 filters not passed for 6W1F-pep3_l16_s488856_mpnn17, skipping interface scoring
Base AF2 filters not passed for 6W1F-pep3_l16_s488856_mpnn18, skipping interface scoring
Base AF2 filters not passed for 6W1F-pep3_l16_s488856_mpnn19, skipping interface scoring
Base AF2 filters not passed for 6W1F-pep3_l16_s488856_mpnn20, skipping interface scoring
Base AF2 filters not passed for 6W1F-pep3_l16_s488856_mpnn21, skipping interface scoring
Base AF2 filters not passed for 6W1F-pep3_l16_s488856_mpnn22, skipping interface scoring
Base AF2 filters not passed for 6W1F-pep3_l16_s488856_mpnn23, skipping interface scoring
Base AF2 filters not passed for 6W1F-pep3_l16_s488856_mpnn24, skipping interface scoring
Base AF2 filters not passed for 6W1F-pep3_l16_s488856_mpnn25, skipping interface scoring
Base AF2 filters not passed for 6W1F-pep3_l16_s488856_mpnn26, skipping interface scoring
Base AF2 filters not passed for 6W1F-pep3_l16_s488856_mpnn27, skipping interface scoring
Base AF2 filters not passed for 6W1F-pep3_l16_s488856_mpnn28, skipping interface scoring
Base AF2 filters not passed for 6W1F-pep3_l16_s488856_mpnn29, skipping interface scoring
Base AF2 filters not passed for 6W1F-pep3_l16_s488856_mpnn30, skipping interface scoring
Base AF2 filters not passed for 6W1F-pep3_l16_s488856_mpnn31, skipping interface scoring
Base AF2 filters not passed for 6W1F-pep3_l16_s488856_mpnn32, skipping interface scoring
No accepted MPNN designs found for this trajectory.

Design and validation of trajectory 6W1F-pep3_l16_s488856 took: 0 hours, 12 minutes, 32 seconds

Processing trajectory 6W1F-pep3_l17_s526973
Base AF2 filters not passed for 6W1F-pep3_l17_s526973_mpnn1, skipping interface scoring
Base AF2 filters not passed for 6W1F-pep3_l17_s526973_mpnn2, skipping interface scoring
Base AF2 filters not passed for 6W1F-pep3_l17_s526973_mpnn3, skipping interface scoring
Base AF2 filters not passed for 6W1F-pep3_l17_s526973_mpnn4, skipping interface scoring
Base AF2 filters not passed for 6W1F-pep3_l17_s526973_mpnn5, skipping interface scoring
Base AF2 filters not passed for 6W1F-pep3_l17_s526973_mpnn6, skipping interface scoring
Base AF2 filters not passed for 6W1F-pep3_l17_s526973_mpnn7, skipping interface scoring
Base AF2 filters not passed for 6W1F-pep3_l17_s526973_mpnn8, skipping interface scoring
Base AF2 filters not passed for 6W1F-pep3_l17_s526973_mpnn9, skipping interface scoring
Base AF2 filters not passed for 6W1F-pep3_l17_s526973_mpnn10, skipping interface scoring
Base AF2 filters not passed for 6W1F-pep3_l17_s526973_mpnn11, skipping interface scoring
Base AF2 filters not passed for 6W1F-pep3_l17_s526973_mpnn12, skipping interface scoring
Base AF2 filters not passed for 6W1F-pep3_l17_s526973_mpnn13, skipping interface scoring
Base AF2 filters not passed for 6W1F-pep3_l17_s526973_mpnn14, skipping interface scoring
Base AF2 filters not passed for 6W1F-pep3_l17_s526973_mpnn15, skipping interface scoring
Base AF2 filters not passed for 6W1F-pep3_l17_s526973_mpnn16, skipping interface scoring
Base AF2 filters not passed for 6W1F-pep3_l17_s526973_mpnn17, skipping interface scoring
Base AF2 filters not passed for 6W1F-pep3_l17_s526973_mpnn18, skipping interface scoring
Base AF2 filters not passed for 6W1F-pep3_l17_s526973_mpnn19, skipping interface scoring
Base AF2 filters not passed for 6W1F-pep3_l17_s526973_mpnn20, skipping interface scoring
Base AF2 filters not passed for 6W1F-pep3_l17_s526973_mpnn21, skipping interface scoring
Base AF2 filters not passed for 6W1F-pep3_l17_s526973_mpnn22, skipping interface scoring
Base AF2 filters not passed for 6W1F-pep3_l17_s526973_mpnn23, skipping interface scoring
Base AF2 filters not passed for 6W1F-pep3_l17_s526973_mpnn24, skipping interface scoring
Base AF2 filters not passed for 6W1F-pep3_l17_s526973_mpnn25, skipping interface scoring
Base AF2 filters not passed for 6W1F-pep3_l17_s526973_mpnn26, skipping interface scoring
Base AF2 filters not passed for 6W1F-pep3_l17_s526973_mpnn27, skipping interface scoring
Base AF2 filters not passed for 6W1F-pep3_l17_s526973_mpnn28, skipping interface scoring
Base AF2 filters not passed for 6W1F-pep3_l17_s526973_mpnn29, skipping interface scoring
Base AF2 filters not passed for 6W1F-pep3_l17_s526973_mpnn30, skipping interface scoring
Base AF2 filters not passed for 6W1F-pep3_l17_s526973_mpnn31, skipping interface scoring
Base AF2 filters not passed for 6W1F-pep3_l17_s526973_mpnn32, skipping interface scoring
Base AF2 filters not passed for 6W1F-pep3_l17_s526973_mpnn33, skipping interface scoring
Base AF2 filters not passed for 6W1F-pep3_l17_s526973_mpnn34, skipping interface scoring
Base AF2 filters not passed for 6W1F-pep3_l17_s526973_mpnn35, skipping interface scoring
Base AF2 filters not passed for 6W1F-pep3_l17_s526973_mpnn36, skipping interface scoring
Base AF2 filters not passed for 6W1F-pep3_l17_s526973_mpnn37, skipping interface scoring
Base AF2 filters not passed for 6W1F-pep3_l17_s526973_mpnn38, skipping interface scoring
Base AF2 filters not passed for 6W1F-pep3_l17_s526973_mpnn39, skipping interface scoring
Base AF2 filters not passed for 6W1F-pep3_l17_s526973_mpnn40, skipping interface scoring
Base AF2 filters not passed for 6W1F-pep3_l17_s526973_mpnn41, skipping interface scoring
Base AF2 filters not passed for 6W1F-pep3_l17_s526973_mpnn42, skipping interface scoring
Base AF2 filters not passed for 6W1F-pep3_l17_s526973_mpnn43, skipping interface scoring
Base AF2 filters not passed for 6W1F-pep3_l17_s526973_mpnn44, skipping interface scoring
Base AF2 filters not passed for 6W1F-pep3_l17_s526973_mpnn45, skipping interface scoring
Base AF2 filters not passed for 6W1F-pep3_l17_s526973_mpnn46, skipping interface scoring
No accepted MPNN designs found for this trajectory.

Design and validation of trajectory 6W1F-pep3_l17_s526973 took: 0 hours, 14 minutes, 38 seconds

Processing trajectory 6W1F-pep3_l13_s671486
Base AF2 filters not passed for 6W1F-pep3_l13_s671486_mpnn1, skipping interface scoring
Base AF2 filters not passed for 6W1F-pep3_l13_s671486_mpnn2, skipping interface scoring
Base AF2 filters not passed for 6W1F-pep3_l13_s671486_mpnn3, skipping interface scoring
Base AF2 filters not passed for 6W1F-pep3_l13_s671486_mpnn4, skipping interface scoring
Base AF2 filters not passed for 6W1F-pep3_l13_s671486_mpnn5, skipping interface scoring
Base AF2 filters not passed for 6W1F-pep3_l13_s671486_mpnn6, skipping interface scoring
Base AF2 filters not passed for 6W1F-pep3_l13_s671486_mpnn7, skipping interface scoring
Base AF2 filters not passed for 6W1F-pep3_l13_s671486_mpnn8, skipping interface scoring
Base AF2 filters not passed for 6W1F-pep3_l13_s671486_mpnn9, skipping interface scoring
Base AF2 filters not passed for 6W1F-pep3_l13_s671486_mpnn10, skipping interface scoring
Base AF2 filters not passed for 6W1F-pep3_l13_s671486_mpnn11, skipping interface scoring
Base AF2 filters not passed for 6W1F-pep3_l13_s671486_mpnn12, skipping interface scoring
Base AF2 filters not passed for 6W1F-pep3_l13_s671486_mpnn13, skipping interface scoring
Base AF2 filters not passed for 6W1F-pep3_l13_s671486_mpnn14, skipping interface scoring
Base AF2 filters not passed for 6W1F-pep3_l13_s671486_mpnn15, skipping interface scoring
Base AF2 filters not passed for 6W1F-pep3_l13_s671486_mpnn16, skipping interface scoring
Base AF2 filters not passed for 6W1F-pep3_l13_s671486_mpnn17, skipping interface scoring
Base AF2 filters not passed for 6W1F-pep3_l13_s671486_mpnn18, skipping interface scoring
Base AF2 filters not passed for 6W1F-pep3_l13_s671486_mpnn19, skipping interface scoring
Base AF2 filters not passed for 6W1F-pep3_l13_s671486_mpnn20, skipping interface scoring
Base AF2 filters not passed for 6W1F-pep3_l13_s671486_mpnn21, skipping interface scoring
Base AF2 filters not passed for 6W1F-pep3_l13_s671486_mpnn22, skipping interface scoring
Base AF2 filters not passed for 6W1F-pep3_l13_s671486_mpnn23, skipping interface scoring
Base AF2 filters not passed for 6W1F-pep3_l13_s671486_mpnn24, skipping interface scoring
No accepted MPNN designs found for this trajectory.

Design and validation of trajectory 6W1F-pep3_l13_s671486 took: 0 hours, 7 minutes, 47 seconds

Processing trajectory 6W1F-pep3_l16_s153055
Base AF2 filters not passed for 6W1F-pep3_l16_s153055_mpnn1, skipping interface scoring
Base AF2 filters not passed for 6W1F-pep3_l16_s153055_mpnn2, skipping interface scoring
Base AF2 filters not passed for 6W1F-pep3_l16_s153055_mpnn3, skipping interface scoring
Base AF2 filters not passed for 6W1F-pep3_l16_s153055_mpnn4, skipping interface scoring
Base AF2 filters not passed for 6W1F-pep3_l16_s153055_mpnn5, skipping interface scoring
Base AF2 filters not passed for 6W1F-pep3_l16_s153055_mpnn6, skipping interface scoring
Base AF2 filters not passed for 6W1F-pep3_l16_s153055_mpnn7, skipping interface scoring
Base AF2 filters not passed for 6W1F-pep3_l16_s153055_mpnn8, skipping interface scoring
Base AF2 filters not passed for 6W1F-pep3_l16_s153055_mpnn9, skipping interface scoring
Base AF2 filters not passed for 6W1F-pep3_l16_s153055_mpnn10, skipping interface scoring
Base AF2 filters not passed for 6W1F-pep3_l16_s153055_mpnn11, skipping interface scoring
Base AF2 filters not passed for 6W1F-pep3_l16_s153055_mpnn12, skipping interface scoring
Base AF2 filters not passed for 6W1F-pep3_l16_s153055_mpnn13, skipping interface scoring
Base AF2 filters not passed for 6W1F-pep3_l16_s153055_mpnn14, skipping interface scoring
Base AF2 filters not passed for 6W1F-pep3_l16_s153055_mpnn15, skipping interface scoring
Base AF2 filters not passed for 6W1F-pep3_l16_s153055_mpnn16, skipping interface scoring
Base AF2 filters not passed for 6W1F-pep3_l16_s153055_mpnn17, skipping interface scoring
Base AF2 filters not passed for 6W1F-pep3_l16_s153055_mpnn18, skipping interface scoring
Base AF2 filters not passed for 6W1F-pep3_l16_s153055_mpnn19, skipping interface scoring
Base AF2 filters not passed for 6W1F-pep3_l16_s153055_mpnn20, skipping interface scoring
Base AF2 filters not passed for 6W1F-pep3_l16_s153055_mpnn21, skipping interface scoring
Base AF2 filters not passed for 6W1F-pep3_l16_s153055_mpnn22, skipping interface scoring
Base AF2 filters not passed for 6W1F-pep3_l16_s153055_mpnn23, skipping interface scoring
Base AF2 filters not passed for 6W1F-pep3_l16_s153055_mpnn24, skipping interface scoring
Base AF2 filters not passed for 6W1F-pep3_l16_s153055_mpnn25, skipping interface scoring
Base AF2 filters not passed for 6W1F-pep3_l16_s153055_mpnn26, skipping interface scoring
Base AF2 filters not passed for 6W1F-pep3_l16_s153055_mpnn27, skipping interface scoring
Base AF2 filters not passed for 6W1F-pep3_l16_s153055_mpnn28, skipping interface scoring
Base AF2 filters not passed for 6W1F-pep3_l16_s153055_mpnn29, skipping interface scoring
Base AF2 filters not passed for 6W1F-pep3_l16_s153055_mpnn30, skipping interface scoring
Base AF2 filters not passed for 6W1F-pep3_l16_s153055_mpnn31, skipping interface scoring
Base AF2 filters not passed for 6W1F-pep3_l16_s153055_mpnn32, skipping interface scoring
Base AF2 filters not passed for 6W1F-pep3_l16_s153055_mpnn33, skipping interface scoring
Base AF2 filters not passed for 6W1F-pep3_l16_s153055_mpnn34, skipping interface scoring
Base AF2 filters not passed for 6W1F-pep3_l16_s153055_mpnn35, skipping interface scoring
Base AF2 filters not passed for 6W1F-pep3_l16_s153055_mpnn36, skipping interface scoring
Base AF2 filters not passed for 6W1F-pep3_l16_s153055_mpnn37, skipping interface scoring
Base AF2 filters not passed for 6W1F-pep3_l16_s153055_mpnn38, skipping interface scoring
Base AF2 filters not passed for 6W1F-pep3_l16_s153055_mpnn39, skipping interface scoring
Base AF2 filters not passed for 6W1F-pep3_l16_s153055_mpnn40, skipping interface scoring
Base AF2 filters not passed for 6W1F-pep3_l16_s153055_mpnn41, skipping interface scoring
Base AF2 filters not passed for 6W1F-pep3_l16_s153055_mpnn42, skipping interface scoring
Base AF2 filters not passed for 6W1F-pep3_l16_s153055_mpnn43, skipping interface scoring
Base AF2 filters not passed for 6W1F-pep3_l16_s153055_mpnn44, skipping interface scoring
Base AF2 filters not passed for 6W1F-pep3_l16_s153055_mpnn45, skipping interface scoring
Base AF2 filters not passed for 6W1F-pep3_l16_s153055_mpnn46, skipping interface scoring
No accepted MPNN designs found for this trajectory.

Design and validation of trajectory 6W1F-pep3_l16_s153055 took: 0 hours, 13 minutes, 41 seconds

Processing trajectory 6W1F-pep3_l17_s30605
Base AF2 filters not passed for 6W1F-pep3_l17_s30605_mpnn1, skipping interface scoring
Base AF2 filters not passed for 6W1F-pep3_l17_s30605_mpnn2, skipping interface scoring
Base AF2 filters not passed for 6W1F-pep3_l17_s30605_mpnn3, skipping interface scoring
Base AF2 filters not passed for 6W1F-pep3_l17_s30605_mpnn4, skipping interface scoring
Base AF2 filters not passed for 6W1F-pep3_l17_s30605_mpnn5, skipping interface scoring
Base AF2 filters not passed for 6W1F-pep3_l17_s30605_mpnn6, skipping interface scoring
Base AF2 filters not passed for 6W1F-pep3_l17_s30605_mpnn7, skipping interface scoring
Base AF2 filters not passed for 6W1F-pep3_l17_s30605_mpnn8, skipping interface scoring
Base AF2 filters not passed for 6W1F-pep3_l17_s30605_mpnn9, skipping interface scoring
Base AF2 filters not passed for 6W1F-pep3_l17_s30605_mpnn10, skipping interface scoring
Base AF2 filters not passed for 6W1F-pep3_l17_s30605_mpnn11, skipping interface scoring
Base AF2 filters not passed for 6W1F-pep3_l17_s30605_mpnn12, skipping interface scoring
Base AF2 filters not passed for 6W1F-pep3_l17_s30605_mpnn13, skipping interface scoring
Base AF2 filters not passed for 6W1F-pep3_l17_s30605_mpnn14, skipping interface scoring
Base AF2 filters not passed for 6W1F-pep3_l17_s30605_mpnn15, skipping interface scoring
Base AF2 filters not passed for 6W1F-pep3_l17_s30605_mpnn16, skipping interface scoring
Base AF2 filters not passed for 6W1F-pep3_l17_s30605_mpnn17, skipping interface scoring
Base AF2 filters not passed for 6W1F-pep3_l17_s30605_mpnn18, skipping interface scoring
Base AF2 filters not passed for 6W1F-pep3_l17_s30605_mpnn19, skipping interface scoring
Base AF2 filters not passed for 6W1F-pep3_l17_s30605_mpnn20, skipping interface scoring
Base AF2 filters not passed for 6W1F-pep3_l17_s30605_mpnn21, skipping interface scoring
Base AF2 filters not passed for 6W1F-pep3_l17_s30605_mpnn22, skipping interface scoring
Base AF2 filters not passed for 6W1F-pep3_l17_s30605_mpnn23, skipping interface scoring
Base AF2 filters not passed for 6W1F-pep3_l17_s30605_mpnn24, skipping interface scoring
Base AF2 filters not passed for 6W1F-pep3_l17_s30605_mpnn25, skipping interface scoring
Base AF2 filters not passed for 6W1F-pep3_l17_s30605_mpnn26, skipping interface scoring
Base AF2 filters not passed for 6W1F-pep3_l17_s30605_mpnn27, skipping interface scoring
Base AF2 filters not passed for 6W1F-pep3_l17_s30605_mpnn28, skipping interface scoring
Base AF2 filters not passed for 6W1F-pep3_l17_s30605_mpnn29, skipping interface scoring
Base AF2 filters not passed for 6W1F-pep3_l17_s30605_mpnn30, skipping interface scoring
Base AF2 filters not passed for 6W1F-pep3_l17_s30605_mpnn31, skipping interface scoring
Base AF2 filters not passed for 6W1F-pep3_l17_s30605_mpnn32, skipping interface scoring
Base AF2 filters not passed for 6W1F-pep3_l17_s30605_mpnn33, skipping interface scoring
Base AF2 filters not passed for 6W1F-pep3_l17_s30605_mpnn34, skipping interface scoring
Base AF2 filters not passed for 6W1F-pep3_l17_s30605_mpnn35, skipping interface scoring
Base AF2 filters not passed for 6W1F-pep3_l17_s30605_mpnn36, skipping interface scoring
Base AF2 filters not passed for 6W1F-pep3_l17_s30605_mpnn37, skipping interface scoring
Base AF2 filters not passed for 6W1F-pep3_l17_s30605_mpnn38, skipping interface scoring
Base AF2 filters not passed for 6W1F-pep3_l17_s30605_mpnn39, skipping interface scoring
Base AF2 filters not passed for 6W1F-pep3_l17_s30605_mpnn40, skipping interface scoring
Base AF2 filters not passed for 6W1F-pep3_l17_s30605_mpnn41, skipping interface scoring
Base AF2 filters not passed for 6W1F-pep3_l17_s30605_mpnn42, skipping interface scoring
Base AF2 filters not passed for 6W1F-pep3_l17_s30605_mpnn43, skipping interface scoring
Base AF2 filters not passed for 6W1F-pep3_l17_s30605_mpnn44, skipping interface scoring
Base AF2 filters not passed for 6W1F-pep3_l17_s30605_mpnn45, skipping interface scoring
Base AF2 filters not passed for 6W1F-pep3_l17_s30605_mpnn46, skipping interface scoring
Base AF2 filters not passed for 6W1F-pep3_l17_s30605_mpnn47, skipping interface scoring
Base AF2 filters not passed for 6W1F-pep3_l17_s30605_mpnn48, skipping interface scoring
No accepted MPNN designs found for this trajectory.

Design and validation of trajectory 6W1F-pep3_l17_s30605 took: 0 hours, 15 minutes, 33 seconds

Processing trajectory 6W1F-pep3_l14_s786305
Base AF2 filters not passed for 6W1F-pep3_l14_s786305_mpnn1, skipping interface scoring
Base AF2 filters not passed for 6W1F-pep3_l14_s786305_mpnn2, skipping interface scoring
Base AF2 filters not passed for 6W1F-pep3_l14_s786305_mpnn3, skipping interface scoring
Base AF2 filters not passed for 6W1F-pep3_l14_s786305_mpnn4, skipping interface scoring
Base AF2 filters not passed for 6W1F-pep3_l14_s786305_mpnn5, skipping interface scoring
Base AF2 filters not passed for 6W1F-pep3_l14_s786305_mpnn6, skipping interface scoring
Base AF2 filters not passed for 6W1F-pep3_l14_s786305_mpnn7, skipping interface scoring
Base AF2 filters not passed for 6W1F-pep3_l14_s786305_mpnn8, skipping interface scoring
Base AF2 filters not passed for 6W1F-pep3_l14_s786305_mpnn9, skipping interface scoring
Base AF2 filters not passed for 6W1F-pep3_l14_s786305_mpnn10, skipping interface scoring
Base AF2 filters not passed for 6W1F-pep3_l14_s786305_mpnn11, skipping interface scoring
Base AF2 filters not passed for 6W1F-pep3_l14_s786305_mpnn12, skipping interface scoring
Base AF2 filters not passed for 6W1F-pep3_l14_s786305_mpnn13, skipping interface scoring
Base AF2 filters not passed for 6W1F-pep3_l14_s786305_mpnn14, skipping interface scoring
Base AF2 filters not passed for 6W1F-pep3_l14_s786305_mpnn15, skipping interface scoring
Base AF2 filters not passed for 6W1F-pep3_l14_s786305_mpnn16, skipping interface scoring
Base AF2 filters not passed for 6W1F-pep3_l14_s786305_mpnn17, skipping interface scoring
Base AF2 filters not passed for 6W1F-pep3_l14_s786305_mpnn18, skipping interface scoring
Base AF2 filters not passed for 6W1F-pep3_l14_s786305_mpnn19, skipping interface scoring
Base AF2 filters not passed for 6W1F-pep3_l14_s786305_mpnn20, skipping interface scoring
Base AF2 filters not passed for 6W1F-pep3_l14_s786305_mpnn21, skipping interface scoring
Base AF2 filters not passed for 6W1F-pep3_l14_s786305_mpnn22, skipping interface scoring
Base AF2 filters not passed for 6W1F-pep3_l14_s786305_mpnn23, skipping interface scoring
Base AF2 filters not passed for 6W1F-pep3_l14_s786305_mpnn24, skipping interface scoring
Base AF2 filters not passed for 6W1F-pep3_l14_s786305_mpnn25, skipping interface scoring
Base AF2 filters not passed for 6W1F-pep3_l14_s786305_mpnn26, skipping interface scoring
Base AF2 filters not passed for 6W1F-pep3_l14_s786305_mpnn27, skipping interface scoring
Base AF2 filters not passed for 6W1F-pep3_l14_s786305_mpnn28, skipping interface scoring
Base AF2 filters not passed for 6W1F-pep3_l14_s786305_mpnn29, skipping interface scoring
Base AF2 filters not passed for 6W1F-pep3_l14_s786305_mpnn30, skipping interface scoring
Base AF2 filters not passed for 6W1F-pep3_l14_s786305_mpnn31, skipping interface scoring
Base AF2 filters not passed for 6W1F-pep3_l14_s786305_mpnn32, skipping interface scoring
Base AF2 filters not passed for 6W1F-pep3_l14_s786305_mpnn33, skipping interface scoring
Base AF2 filters not passed for 6W1F-pep3_l14_s786305_mpnn34, skipping interface scoring
Base AF2 filters not passed for 6W1F-pep3_l14_s786305_mpnn35, skipping interface scoring
No accepted MPNN designs found for this trajectory.

Design and validation of trajectory 6W1F-pep3_l14_s786305 took: 0 hours, 11 minutes, 10 seconds

Processing trajectory 6W1F-pep3_l13_s27523
Base AF2 filters not passed for 6W1F-pep3_l13_s27523_mpnn1, skipping interface scoring
Base AF2 filters not passed for 6W1F-pep3_l13_s27523_mpnn2, skipping interface scoring
Base AF2 filters not passed for 6W1F-pep3_l13_s27523_mpnn3, skipping interface scoring
Base AF2 filters not passed for 6W1F-pep3_l13_s27523_mpnn4, skipping interface scoring
Base AF2 filters not passed for 6W1F-pep3_l13_s27523_mpnn5, skipping interface scoring
Base AF2 filters not passed for 6W1F-pep3_l13_s27523_mpnn6, skipping interface scoring
Base AF2 filters not passed for 6W1F-pep3_l13_s27523_mpnn7, skipping interface scoring
Base AF2 filters not passed for 6W1F-pep3_l13_s27523_mpnn8, skipping interface scoring
Base AF2 filters not passed for 6W1F-pep3_l13_s27523_mpnn9, skipping interface scoring
Base AF2 filters not passed for 6W1F-pep3_l13_s27523_mpnn10, skipping interface scoring
Base AF2 filters not passed for 6W1F-pep3_l13_s27523_mpnn11, skipping interface scoring
Base AF2 filters not passed for 6W1F-pep3_l13_s27523_mpnn12, skipping interface scoring
Base AF2 filters not passed for 6W1F-pep3_l13_s27523_mpnn13, skipping interface scoring
Base AF2 filters not passed for 6W1F-pep3_l13_s27523_mpnn14, skipping interface scoring
Base AF2 filters not passed for 6W1F-pep3_l13_s27523_mpnn15, skipping interface scoring
Base AF2 filters not passed for 6W1F-pep3_l13_s27523_mpnn16, skipping interface scoring
Base AF2 filters not passed for 6W1F-pep3_l13_s27523_mpnn17, skipping interface scoring
Base AF2 filters not passed for 6W1F-pep3_l13_s27523_mpnn18, skipping interface scoring
Base AF2 filters not passed for 6W1F-pep3_l13_s27523_mpnn19, skipping interface scoring
Base AF2 filters not passed for 6W1F-pep3_l13_s27523_mpnn20, skipping interface scoring
Base AF2 filters not passed for 6W1F-pep3_l13_s27523_mpnn21, skipping interface scoring
Base AF2 filters not passed for 6W1F-pep3_l13_s27523_mpnn22, skipping interface scoring
Base AF2 filters not passed for 6W1F-pep3_l13_s27523_mpnn23, skipping interface scoring
Base AF2 filters not passed for 6W1F-pep3_l13_s27523_mpnn24, skipping interface scoring
Base AF2 filters not passed for 6W1F-pep3_l13_s27523_mpnn25, skipping interface scoring
Base AF2 filters not passed for 6W1F-pep3_l13_s27523_mpnn26, skipping interface scoring
Base AF2 filters not passed for 6W1F-pep3_l13_s27523_mpnn27, skipping interface scoring
Base AF2 filters not passed for 6W1F-pep3_l13_s27523_mpnn28, skipping interface scoring
Base AF2 filters not passed for 6W1F-pep3_l13_s27523_mpnn29, skipping interface scoring
Base AF2 filters not passed for 6W1F-pep3_l13_s27523_mpnn30, skipping interface scoring
No accepted MPNN designs found for this trajectory.

Design and validation of trajectory 6W1F-pep3_l13_s27523 took: 0 hours, 9 minutes, 34 seconds

Processing trajectory 6W1F-pep3_l15_s948285
Base AF2 filters not passed for 6W1F-pep3_l15_s948285_mpnn1, skipping interface scoring
Base AF2 filters not passed for 6W1F-pep3_l15_s948285_mpnn2, skipping interface scoring
Base AF2 filters not passed for 6W1F-pep3_l15_s948285_mpnn3, skipping interface scoring
Base AF2 filters not passed for 6W1F-pep3_l15_s948285_mpnn4, skipping interface scoring
Base AF2 filters not passed for 6W1F-pep3_l15_s948285_mpnn5, skipping interface scoring
Base AF2 filters not passed for 6W1F-pep3_l15_s948285_mpnn6, skipping interface scoring
Base AF2 filters not passed for 6W1F-pep3_l15_s948285_mpnn7, skipping interface scoring
Base AF2 filters not passed for 6W1F-pep3_l15_s948285_mpnn8, skipping interface scoring
Base AF2 filters not passed for 6W1F-pep3_l15_s948285_mpnn9, skipping interface scoring
Base AF2 filters not passed for 6W1F-pep3_l15_s948285_mpnn10, skipping interface scoring
Base AF2 filters not passed for 6W1F-pep3_l15_s948285_mpnn11, skipping interface scoring
Base AF2 filters not passed for 6W1F-pep3_l15_s948285_mpnn12, skipping interface scoring
Base AF2 filters not passed for 6W1F-pep3_l15_s948285_mpnn13, skipping interface scoring
Base AF2 filters not passed for 6W1F-pep3_l15_s948285_mpnn14, skipping interface scoring
Base AF2 filters not passed for 6W1F-pep3_l15_s948285_mpnn15, skipping interface scoring
Base AF2 filters not passed for 6W1F-pep3_l15_s948285_mpnn16, skipping interface scoring
Base AF2 filters not passed for 6W1F-pep3_l15_s948285_mpnn17, skipping interface scoring
Base AF2 filters not passed for 6W1F-pep3_l15_s948285_mpnn18, skipping interface scoring
Base AF2 filters not passed for 6W1F-pep3_l15_s948285_mpnn19, skipping interface scoring
Base AF2 filters not passed for 6W1F-pep3_l15_s948285_mpnn20, skipping interface scoring
Unmet filter conditions for 6W1F-pep3_l15_s948285_mpnn21
Base AF2 filters not passed for 6W1F-pep3_l15_s948285_mpnn22, skipping interface scoring
Base AF2 filters not passed for 6W1F-pep3_l15_s948285_mpnn23, skipping interface scoring
Base AF2 filters not passed for 6W1F-pep3_l15_s948285_mpnn24, skipping interface scoring
Base AF2 filters not passed for 6W1F-pep3_l15_s948285_mpnn25, skipping interface scoring
Base AF2 filters not passed for 6W1F-pep3_l15_s948285_mpnn26, skipping interface scoring
Base AF2 filters not passed for 6W1F-pep3_l15_s948285_mpnn27, skipping interface scoring
Base AF2 filters not passed for 6W1F-pep3_l15_s948285_mpnn28, skipping interface scoring
Base AF2 filters not passed for 6W1F-pep3_l15_s948285_mpnn29, skipping interface scoring
Base AF2 filters not passed for 6W1F-pep3_l15_s948285_mpnn30, skipping interface scoring
Base AF2 filters not passed for 6W1F-pep3_l15_s948285_mpnn31, skipping interface scoring
Base AF2 filters not passed for 6W1F-pep3_l15_s948285_mpnn32, skipping interface scoring
Base AF2 filters not passed for 6W1F-pep3_l15_s948285_mpnn33, skipping interface scoring
No accepted MPNN designs found for this trajectory.

Design and validation of trajectory 6W1F-pep3_l15_s948285 took: 0 hours, 16 minutes, 47 seconds

Processing trajectory 6W1F-pep3_l13_s560393
Base AF2 filters not passed for 6W1F-pep3_l13_s560393_mpnn1, skipping interface scoring
Base AF2 filters not passed for 6W1F-pep3_l13_s560393_mpnn2, skipping interface scoring
Base AF2 filters not passed for 6W1F-pep3_l13_s560393_mpnn3, skipping interface scoring
Base AF2 filters not passed for 6W1F-pep3_l13_s560393_mpnn4, skipping interface scoring
Base AF2 filters not passed for 6W1F-pep3_l13_s560393_mpnn5, skipping interface scoring
Base AF2 filters not passed for 6W1F-pep3_l13_s560393_mpnn6, skipping interface scoring
Base AF2 filters not passed for 6W1F-pep3_l13_s560393_mpnn7, skipping interface scoring
Base AF2 filters not passed for 6W1F-pep3_l13_s560393_mpnn8, skipping interface scoring
Base AF2 filters not passed for 6W1F-pep3_l13_s560393_mpnn9, skipping interface scoring
Base AF2 filters not passed for 6W1F-pep3_l13_s560393_mpnn10, skipping interface scoring
Base AF2 filters not passed for 6W1F-pep3_l13_s560393_mpnn11, skipping interface scoring
Base AF2 filters not passed for 6W1F-pep3_l13_s560393_mpnn12, skipping interface scoring
Base AF2 filters not passed for 6W1F-pep3_l13_s560393_mpnn13, skipping interface scoring
Base AF2 filters not passed for 6W1F-pep3_l13_s560393_mpnn14, skipping interface scoring
Base AF2 filters not passed for 6W1F-pep3_l13_s560393_mpnn15, skipping interface scoring
Base AF2 filters not passed for 6W1F-pep3_l13_s560393_mpnn16, skipping interface scoring
Base AF2 filters not passed for 6W1F-pep3_l13_s560393_mpnn17, skipping interface scoring
Base AF2 filters not passed for 6W1F-pep3_l13_s560393_mpnn18, skipping interface scoring
Base AF2 filters not passed for 6W1F-pep3_l13_s560393_mpnn19, skipping interface scoring
Base AF2 filters not passed for 6W1F-pep3_l13_s560393_mpnn20, skipping interface scoring
Base AF2 filters not passed for 6W1F-pep3_l13_s560393_mpnn21, skipping interface scoring
Base AF2 filters not passed for 6W1F-pep3_l13_s560393_mpnn22, skipping interface scoring
Base AF2 filters not passed for 6W1F-pep3_l13_s560393_mpnn23, skipping interface scoring
Base AF2 filters not passed for 6W1F-pep3_l13_s560393_mpnn24, skipping interface scoring
Base AF2 filters not passed for 6W1F-pep3_l13_s560393_mpnn25, skipping interface scoring
Base AF2 filters not passed for 6W1F-pep3_l13_s560393_mpnn26, skipping interface scoring
Base AF2 filters not passed for 6W1F-pep3_l13_s560393_mpnn27, skipping interface scoring
Base AF2 filters not passed for 6W1F-pep3_l13_s560393_mpnn28, skipping interface scoring
Base AF2 filters not passed for 6W1F-pep3_l13_s560393_mpnn29, skipping interface scoring
Base AF2 filters not passed for 6W1F-pep3_l13_s560393_mpnn30, skipping interface scoring
Base AF2 filters not passed for 6W1F-pep3_l13_s560393_mpnn31, skipping interface scoring
Base AF2 filters not passed for 6W1F-pep3_l13_s560393_mpnn32, skipping interface scoring
Base AF2 filters not passed for 6W1F-pep3_l13_s560393_mpnn33, skipping interface scoring
Base AF2 filters not passed for 6W1F-pep3_l13_s560393_mpnn34, skipping interface scoring
Base AF2 filters not passed for 6W1F-pep3_l13_s560393_mpnn35, skipping interface scoring
Base AF2 filters not passed for 6W1F-pep3_l13_s560393_mpnn36, skipping interface scoring
Base AF2 filters not passed for 6W1F-pep3_l13_s560393_mpnn37, skipping interface scoring
Base AF2 filters not passed for 6W1F-pep3_l13_s560393_mpnn38, skipping interface scoring
No accepted MPNN designs found for this trajectory.

Design and validation of trajectory 6W1F-pep3_l13_s560393 took: 0 hours, 12 minutes, 49 seconds

Processing trajectory 6W1F-pep3_l15_s180476
Base AF2 filters not passed for 6W1F-pep3_l15_s180476_mpnn1, skipping interface scoring
Base AF2 filters not passed for 6W1F-pep3_l15_s180476_mpnn2, skipping interface scoring
Base AF2 filters not passed for 6W1F-pep3_l15_s180476_mpnn3, skipping interface scoring
Base AF2 filters not passed for 6W1F-pep3_l15_s180476_mpnn4, skipping interface scoring
Base AF2 filters not passed for 6W1F-pep3_l15_s180476_mpnn5, skipping interface scoring
Base AF2 filters not passed for 6W1F-pep3_l15_s180476_mpnn6, skipping interface scoring
Base AF2 filters not passed for 6W1F-pep3_l15_s180476_mpnn7, skipping interface scoring
Base AF2 filters not passed for 6W1F-pep3_l15_s180476_mpnn8, skipping interface scoring
Base AF2 filters not passed for 6W1F-pep3_l15_s180476_mpnn9, skipping interface scoring
Base AF2 filters not passed for 6W1F-pep3_l15_s180476_mpnn10, skipping interface scoring
Base AF2 filters not passed for 6W1F-pep3_l15_s180476_mpnn11, skipping interface scoring
Base AF2 filters not passed for 6W1F-pep3_l15_s180476_mpnn12, skipping interface scoring
Base AF2 filters not passed for 6W1F-pep3_l15_s180476_mpnn13, skipping interface scoring
Base AF2 filters not passed for 6W1F-pep3_l15_s180476_mpnn14, skipping interface scoring
Base AF2 filters not passed for 6W1F-pep3_l15_s180476_mpnn15, skipping interface scoring
Base AF2 filters not passed for 6W1F-pep3_l15_s180476_mpnn16, skipping interface scoring
Base AF2 filters not passed for 6W1F-pep3_l15_s180476_mpnn17, skipping interface scoring
Base AF2 filters not passed for 6W1F-pep3_l15_s180476_mpnn18, skipping interface scoring
Base AF2 filters not passed for 6W1F-pep3_l15_s180476_mpnn19, skipping interface scoring
Base AF2 filters not passed for 6W1F-pep3_l15_s180476_mpnn20, skipping interface scoring
Base AF2 filters not passed for 6W1F-pep3_l15_s180476_mpnn21, skipping interface scoring
Base AF2 filters not passed for 6W1F-pep3_l15_s180476_mpnn22, skipping interface scoring
Base AF2 filters not passed for 6W1F-pep3_l15_s180476_mpnn23, skipping interface scoring
Base AF2 filters not passed for 6W1F-pep3_l15_s180476_mpnn24, skipping interface scoring
Base AF2 filters not passed for 6W1F-pep3_l15_s180476_mpnn25, skipping interface scoring
Base AF2 filters not passed for 6W1F-pep3_l15_s180476_mpnn26, skipping interface scoring
Base AF2 filters not passed for 6W1F-pep3_l15_s180476_mpnn27, skipping interface scoring
Base AF2 filters not passed for 6W1F-pep3_l15_s180476_mpnn28, skipping interface scoring
Base AF2 filters not passed for 6W1F-pep3_l15_s180476_mpnn29, skipping interface scoring
Base AF2 filters not passed for 6W1F-pep3_l15_s180476_mpnn30, skipping interface scoring
Base AF2 filters not passed for 6W1F-pep3_l15_s180476_mpnn31, skipping interface scoring
Base AF2 filters not passed for 6W1F-pep3_l15_s180476_mpnn32, skipping interface scoring
Base AF2 filters not passed for 6W1F-pep3_l15_s180476_mpnn33, skipping interface scoring
Base AF2 filters not passed for 6W1F-pep3_l15_s180476_mpnn34, skipping interface scoring
Base AF2 filters not passed for 6W1F-pep3_l15_s180476_mpnn35, skipping interface scoring
Base AF2 filters not passed for 6W1F-pep3_l15_s180476_mpnn36, skipping interface scoring
Base AF2 filters not passed for 6W1F-pep3_l15_s180476_mpnn37, skipping interface scoring
Base AF2 filters not passed for 6W1F-pep3_l15_s180476_mpnn38, skipping interface scoring
No accepted MPNN designs found for this trajectory.

Design and validation of trajectory 6W1F-pep3_l15_s180476 took: 0 hours, 12 minutes, 0 seconds

Processing trajectory 6W1F-pep3_l14_s738610
Base AF2 filters not passed for 6W1F-pep3_l14_s738610_mpnn1, skipping interface scoring
Base AF2 filters not passed for 6W1F-pep3_l14_s738610_mpnn2, skipping interface scoring
Base AF2 filters not passed for 6W1F-pep3_l14_s738610_mpnn3, skipping interface scoring
Base AF2 filters not passed for 6W1F-pep3_l14_s738610_mpnn4, skipping interface scoring
Base AF2 filters not passed for 6W1F-pep3_l14_s738610_mpnn5, skipping interface scoring
Base AF2 filters not passed for 6W1F-pep3_l14_s738610_mpnn6, skipping interface scoring
Base AF2 filters not passed for 6W1F-pep3_l14_s738610_mpnn7, skipping interface scoring
Base AF2 filters not passed for 6W1F-pep3_l14_s738610_mpnn8, skipping interface scoring
Base AF2 filters not passed for 6W1F-pep3_l14_s738610_mpnn9, skipping interface scoring
Base AF2 filters not passed for 6W1F-pep3_l14_s738610_mpnn10, skipping interface scoring
Base AF2 filters not passed for 6W1F-pep3_l14_s738610_mpnn11, skipping interface scoring
Base AF2 filters not passed for 6W1F-pep3_l14_s738610_mpnn12, skipping interface scoring
Base AF2 filters not passed for 6W1F-pep3_l14_s738610_mpnn13, skipping interface scoring
Base AF2 filters not passed for 6W1F-pep3_l14_s738610_mpnn14, skipping interface scoring
Base AF2 filters not passed for 6W1F-pep3_l14_s738610_mpnn15, skipping interface scoring
Base AF2 filters not passed for 6W1F-pep3_l14_s738610_mpnn16, skipping interface scoring
Base AF2 filters not passed for 6W1F-pep3_l14_s738610_mpnn17, skipping interface scoring
Base AF2 filters not passed for 6W1F-pep3_l14_s738610_mpnn18, skipping interface scoring
Base AF2 filters not passed for 6W1F-pep3_l14_s738610_mpnn19, skipping interface scoring
Base AF2 filters not passed for 6W1F-pep3_l14_s738610_mpnn20, skipping interface scoring
Base AF2 filters not passed for 6W1F-pep3_l14_s738610_mpnn21, skipping interface scoring
Base AF2 filters not passed for 6W1F-pep3_l14_s738610_mpnn22, skipping interface scoring
Base AF2 filters not passed for 6W1F-pep3_l14_s738610_mpnn23, skipping interface scoring
Base AF2 filters not passed for 6W1F-pep3_l14_s738610_mpnn24, skipping interface scoring
Base AF2 filters not passed for 6W1F-pep3_l14_s738610_mpnn25, skipping interface scoring
Base AF2 filters not passed for 6W1F-pep3_l14_s738610_mpnn26, skipping interface scoring
Base AF2 filters not passed for 6W1F-pep3_l14_s738610_mpnn27, skipping interface scoring
Base AF2 filters not passed for 6W1F-pep3_l14_s738610_mpnn28, skipping interface scoring
Base AF2 filters not passed for 6W1F-pep3_l14_s738610_mpnn29, skipping interface scoring
Base AF2 filters not passed for 6W1F-pep3_l14_s738610_mpnn30, skipping interface scoring
Base AF2 filters not passed for 6W1F-pep3_l14_s738610_mpnn31, skipping interface scoring
Base AF2 filters not passed for 6W1F-pep3_l14_s738610_mpnn32, skipping interface scoring
Base AF2 filters not passed for 6W1F-pep3_l14_s738610_mpnn33, skipping interface scoring
Base AF2 filters not passed for 6W1F-pep3_l14_s738610_mpnn34, skipping interface scoring
Base AF2 filters not passed for 6W1F-pep3_l14_s738610_mpnn35, skipping interface scoring
Base AF2 filters not passed for 6W1F-pep3_l14_s738610_mpnn36, skipping interface scoring
Base AF2 filters not passed for 6W1F-pep3_l14_s738610_mpnn37, skipping interface scoring
Base AF2 filters not passed for 6W1F-pep3_l14_s738610_mpnn38, skipping interface scoring
Base AF2 filters not passed for 6W1F-pep3_l14_s738610_mpnn39, skipping interface scoring
Base AF2 filters not passed for 6W1F-pep3_l14_s738610_mpnn40, skipping interface scoring
Base AF2 filters not passed for 6W1F-pep3_l14_s738610_mpnn41, skipping interface scoring
Base AF2 filters not passed for 6W1F-pep3_l14_s738610_mpnn42, skipping interface scoring
Base AF2 filters not passed for 6W1F-pep3_l14_s738610_mpnn43, skipping interface scoring
Base AF2 filters not passed for 6W1F-pep3_l14_s738610_mpnn44, skipping interface scoring
Base AF2 filters not passed for 6W1F-pep3_l14_s738610_mpnn45, skipping interface scoring
Base AF2 filters not passed for 6W1F-pep3_l14_s738610_mpnn46, skipping interface scoring
Base AF2 filters not passed for 6W1F-pep3_l14_s738610_mpnn47, skipping interface scoring
Base AF2 filters not passed for 6W1F-pep3_l14_s738610_mpnn48, skipping interface scoring
Base AF2 filters not passed for 6W1F-pep3_l14_s738610_mpnn49, skipping interface scoring
Base AF2 filters not passed for 6W1F-pep3_l14_s738610_mpnn50, skipping interface scoring
No accepted MPNN designs found for this trajectory.

Design and validation of trajectory 6W1F-pep3_l14_s738610 took: 0 hours, 15 minutes, 37 seconds

Processing trajectory 6W1F-pep3_l17_s750293
Base AF2 filters not passed for 6W1F-pep3_l17_s750293_mpnn1, skipping interface scoring
Base AF2 filters not passed for 6W1F-pep3_l17_s750293_mpnn2, skipping interface scoring
Base AF2 filters not passed for 6W1F-pep3_l17_s750293_mpnn3, skipping interface scoring
Base AF2 filters not passed for 6W1F-pep3_l17_s750293_mpnn4, skipping interface scoring
Base AF2 filters not passed for 6W1F-pep3_l17_s750293_mpnn5, skipping interface scoring
Base AF2 filters not passed for 6W1F-pep3_l17_s750293_mpnn6, skipping interface scoring
Base AF2 filters not passed for 6W1F-pep3_l17_s750293_mpnn7, skipping interface scoring
Base AF2 filters not passed for 6W1F-pep3_l17_s750293_mpnn8, skipping interface scoring
Base AF2 filters not passed for 6W1F-pep3_l17_s750293_mpnn9, skipping interface scoring
Base AF2 filters not passed for 6W1F-pep3_l17_s750293_mpnn10, skipping interface scoring
Base AF2 filters not passed for 6W1F-pep3_l17_s750293_mpnn11, skipping interface scoring
Base AF2 filters not passed for 6W1F-pep3_l17_s750293_mpnn12, skipping interface scoring
Base AF2 filters not passed for 6W1F-pep3_l17_s750293_mpnn13, skipping interface scoring
Base AF2 filters not passed for 6W1F-pep3_l17_s750293_mpnn14, skipping interface scoring
Base AF2 filters not passed for 6W1F-pep3_l17_s750293_mpnn15, skipping interface scoring
Base AF2 filters not passed for 6W1F-pep3_l17_s750293_mpnn16, skipping interface scoring
6W1F-pep3_l17_s750293_mpnn17 passed all filters
Base AF2 filters not passed for 6W1F-pep3_l17_s750293_mpnn18, skipping interface scoring
Base AF2 filters not passed for 6W1F-pep3_l17_s750293_mpnn19, skipping interface scoring
Base AF2 filters not passed for 6W1F-pep3_l17_s750293_mpnn20, skipping interface scoring
Base AF2 filters not passed for 6W1F-pep3_l17_s750293_mpnn21, skipping interface scoring
Base AF2 filters not passed for 6W1F-pep3_l17_s750293_mpnn22, skipping interface scoring
Base AF2 filters not passed for 6W1F-pep3_l17_s750293_mpnn23, skipping interface scoring
Base AF2 filters not passed for 6W1F-pep3_l17_s750293_mpnn24, skipping interface scoring
Base AF2 filters not passed for 6W1F-pep3_l17_s750293_mpnn25, skipping interface scoring
Base AF2 filters not passed for 6W1F-pep3_l17_s750293_mpnn26, skipping interface scoring
Base AF2 filters not passed for 6W1F-pep3_l17_s750293_mpnn27, skipping interface scoring
Base AF2 filters not passed for 6W1F-pep3_l17_s750293_mpnn28, skipping interface scoring
Base AF2 filters not passed for 6W1F-pep3_l17_s750293_mpnn29, skipping interface scoring
Base AF2 filters not passed for 6W1F-pep3_l17_s750293_mpnn30, skipping interface scoring
Base AF2 filters not passed for 6W1F-pep3_l17_s750293_mpnn31, skipping interface scoring
Base AF2 filters not passed for 6W1F-pep3_l17_s750293_mpnn32, skipping interface scoring
Base AF2 filters not passed for 6W1F-pep3_l17_s750293_mpnn33, skipping interface scoring
Base AF2 filters not passed for 6W1F-pep3_l17_s750293_mpnn34, skipping interface scoring
Base AF2 filters not passed for 6W1F-pep3_l17_s750293_mpnn35, skipping interface scoring
Base AF2 filters not passed for 6W1F-pep3_l17_s750293_mpnn36, skipping interface scoring
Base AF2 filters not passed for 6W1F-pep3_l17_s750293_mpnn37, skipping interface scoring
Base AF2 filters not passed for 6W1F-pep3_l17_s750293_mpnn38, skipping interface scoring
Base AF2 filters not passed for 6W1F-pep3_l17_s750293_mpnn39, skipping interface scoring
Base AF2 filters not passed for 6W1F-pep3_l17_s750293_mpnn40, skipping interface scoring
Base AF2 filters not passed for 6W1F-pep3_l17_s750293_mpnn41, skipping interface scoring
Base AF2 filters not passed for 6W1F-pep3_l17_s750293_mpnn42, skipping interface scoring
Base AF2 filters not passed for 6W1F-pep3_l17_s750293_mpnn43, skipping interface scoring
Base AF2 filters not passed for 6W1F-pep3_l17_s750293_mpnn44, skipping interface scoring
Base AF2 filters not passed for 6W1F-pep3_l17_s750293_mpnn45, skipping interface scoring
Base AF2 filters not passed for 6W1F-pep3_l17_s750293_mpnn46, skipping interface scoring
Base AF2 filters not passed for 6W1F-pep3_l17_s750293_mpnn47, skipping interface scoring
Base AF2 filters not passed for 6W1F-pep3_l17_s750293_mpnn48, skipping interface scoring
Found 1 MPNN designs passing filters

Design and validation of trajectory 6W1F-pep3_l17_s750293 took: 0 hours, 23 minutes, 46 seconds

Processing trajectory 6W1F-pep3_l16_s564080
Base AF2 filters not passed for 6W1F-pep3_l16_s564080_mpnn1, skipping interface scoring
Base AF2 filters not passed for 6W1F-pep3_l16_s564080_mpnn2, skipping interface scoring
Base AF2 filters not passed for 6W1F-pep3_l16_s564080_mpnn3, skipping interface scoring
Base AF2 filters not passed for 6W1F-pep3_l16_s564080_mpnn4, skipping interface scoring
Base AF2 filters not passed for 6W1F-pep3_l16_s564080_mpnn5, skipping interface scoring
Base AF2 filters not passed for 6W1F-pep3_l16_s564080_mpnn6, skipping interface scoring
Base AF2 filters not passed for 6W1F-pep3_l16_s564080_mpnn7, skipping interface scoring
Base AF2 filters not passed for 6W1F-pep3_l16_s564080_mpnn8, skipping interface scoring
Base AF2 filters not passed for 6W1F-pep3_l16_s564080_mpnn9, skipping interface scoring
Base AF2 filters not passed for 6W1F-pep3_l16_s564080_mpnn10, skipping interface scoring
Base AF2 filters not passed for 6W1F-pep3_l16_s564080_mpnn11, skipping interface scoring
Base AF2 filters not passed for 6W1F-pep3_l16_s564080_mpnn12, skipping interface scoring
Base AF2 filters not passed for 6W1F-pep3_l16_s564080_mpnn13, skipping interface scoring
Base AF2 filters not passed for 6W1F-pep3_l16_s564080_mpnn14, skipping interface scoring
Base AF2 filters not passed for 6W1F-pep3_l16_s564080_mpnn15, skipping interface scoring
Base AF2 filters not passed for 6W1F-pep3_l16_s564080_mpnn16, skipping interface scoring
Base AF2 filters not passed for 6W1F-pep3_l16_s564080_mpnn17, skipping interface scoring
Base AF2 filters not passed for 6W1F-pep3_l16_s564080_mpnn18, skipping interface scoring
Base AF2 filters not passed for 6W1F-pep3_l16_s564080_mpnn19, skipping interface scoring
Base AF2 filters not passed for 6W1F-pep3_l16_s564080_mpnn20, skipping interface scoring
Base AF2 filters not passed for 6W1F-pep3_l16_s564080_mpnn21, skipping interface scoring
Base AF2 filters not passed for 6W1F-pep3_l16_s564080_mpnn22, skipping interface scoring
Base AF2 filters not passed for 6W1F-pep3_l16_s564080_mpnn23, skipping interface scoring
Base AF2 filters not passed for 6W1F-pep3_l16_s564080_mpnn24, skipping interface scoring
Base AF2 filters not passed for 6W1F-pep3_l16_s564080_mpnn25, skipping interface scoring
Base AF2 filters not passed for 6W1F-pep3_l16_s564080_mpnn26, skipping interface scoring
Base AF2 filters not passed for 6W1F-pep3_l16_s564080_mpnn27, skipping interface scoring
Base AF2 filters not passed for 6W1F-pep3_l16_s564080_mpnn28, skipping interface scoring
Base AF2 filters not passed for 6W1F-pep3_l16_s564080_mpnn29, skipping interface scoring
Base AF2 filters not passed for 6W1F-pep3_l16_s564080_mpnn30, skipping interface scoring
Base AF2 filters not passed for 6W1F-pep3_l16_s564080_mpnn31, skipping interface scoring
Base AF2 filters not passed for 6W1F-pep3_l16_s564080_mpnn32, skipping interface scoring
Base AF2 filters not passed for 6W1F-pep3_l16_s564080_mpnn33, skipping interface scoring
Base AF2 filters not passed for 6W1F-pep3_l16_s564080_mpnn34, skipping interface scoring
Base AF2 filters not passed for 6W1F-pep3_l16_s564080_mpnn35, skipping interface scoring
Base AF2 filters not passed for 6W1F-pep3_l16_s564080_mpnn36, skipping interface scoring
Base AF2 filters not passed for 6W1F-pep3_l16_s564080_mpnn37, skipping interface scoring
Base AF2 filters not passed for 6W1F-pep3_l16_s564080_mpnn38, skipping interface scoring
Base AF2 filters not passed for 6W1F-pep3_l16_s564080_mpnn39, skipping interface scoring
Base AF2 filters not passed for 6W1F-pep3_l16_s564080_mpnn40, skipping interface scoring
Base AF2 filters not passed for 6W1F-pep3_l16_s564080_mpnn41, skipping interface scoring
Base AF2 filters not passed for 6W1F-pep3_l16_s564080_mpnn42, skipping interface scoring
Base AF2 filters not passed for 6W1F-pep3_l16_s564080_mpnn43, skipping interface scoring
Base AF2 filters not passed for 6W1F-pep3_l16_s564080_mpnn44, skipping interface scoring
Base AF2 filters not passed for 6W1F-pep3_l16_s564080_mpnn45, skipping interface scoring
No accepted MPNN designs found for this trajectory.

Design and validation of trajectory 6W1F-pep3_l16_s564080 took: 0 hours, 13 minutes, 22 seconds

Processing trajectory 6W1F-pep3_l13_s459656
Base AF2 filters not passed for 6W1F-pep3_l13_s459656_mpnn1, skipping interface scoring
Base AF2 filters not passed for 6W1F-pep3_l13_s459656_mpnn2, skipping interface scoring
Base AF2 filters not passed for 6W1F-pep3_l13_s459656_mpnn3, skipping interface scoring
Base AF2 filters not passed for 6W1F-pep3_l13_s459656_mpnn4, skipping interface scoring
Base AF2 filters not passed for 6W1F-pep3_l13_s459656_mpnn5, skipping interface scoring
Base AF2 filters not passed for 6W1F-pep3_l13_s459656_mpnn6, skipping interface scoring
Base AF2 filters not passed for 6W1F-pep3_l13_s459656_mpnn7, skipping interface scoring
Base AF2 filters not passed for 6W1F-pep3_l13_s459656_mpnn8, skipping interface scoring
Base AF2 filters not passed for 6W1F-pep3_l13_s459656_mpnn9, skipping interface scoring
Base AF2 filters not passed for 6W1F-pep3_l13_s459656_mpnn10, skipping interface scoring
Base AF2 filters not passed for 6W1F-pep3_l13_s459656_mpnn11, skipping interface scoring
Base AF2 filters not passed for 6W1F-pep3_l13_s459656_mpnn12, skipping interface scoring
Base AF2 filters not passed for 6W1F-pep3_l13_s459656_mpnn13, skipping interface scoring
Base AF2 filters not passed for 6W1F-pep3_l13_s459656_mpnn14, skipping interface scoring
Base AF2 filters not passed for 6W1F-pep3_l13_s459656_mpnn15, skipping interface scoring
Base AF2 filters not passed for 6W1F-pep3_l13_s459656_mpnn16, skipping interface scoring
Base AF2 filters not passed for 6W1F-pep3_l13_s459656_mpnn17, skipping interface scoring
Base AF2 filters not passed for 6W1F-pep3_l13_s459656_mpnn18, skipping interface scoring
Base AF2 filters not passed for 6W1F-pep3_l13_s459656_mpnn19, skipping interface scoring
Base AF2 filters not passed for 6W1F-pep3_l13_s459656_mpnn20, skipping interface scoring
Base AF2 filters not passed for 6W1F-pep3_l13_s459656_mpnn21, skipping interface scoring
Base AF2 filters not passed for 6W1F-pep3_l13_s459656_mpnn22, skipping interface scoring
Base AF2 filters not passed for 6W1F-pep3_l13_s459656_mpnn23, skipping interface scoring
Base AF2 filters not passed for 6W1F-pep3_l13_s459656_mpnn24, skipping interface scoring
Base AF2 filters not passed for 6W1F-pep3_l13_s459656_mpnn25, skipping interface scoring
Base AF2 filters not passed for 6W1F-pep3_l13_s459656_mpnn26, skipping interface scoring
Base AF2 filters not passed for 6W1F-pep3_l13_s459656_mpnn27, skipping interface scoring
Base AF2 filters not passed for 6W1F-pep3_l13_s459656_mpnn28, skipping interface scoring
Base AF2 filters not passed for 6W1F-pep3_l13_s459656_mpnn29, skipping interface scoring
No accepted MPNN designs found for this trajectory.

Design and validation of trajectory 6W1F-pep3_l13_s459656 took: 0 hours, 9 minutes, 14 seconds

Processing trajectory 6W1F-pep3_l15_s986536
Base AF2 filters not passed for 6W1F-pep3_l15_s986536_mpnn1, skipping interface scoring
Base AF2 filters not passed for 6W1F-pep3_l15_s986536_mpnn2, skipping interface scoring
Base AF2 filters not passed for 6W1F-pep3_l15_s986536_mpnn3, skipping interface scoring
Base AF2 filters not passed for 6W1F-pep3_l15_s986536_mpnn4, skipping interface scoring
Base AF2 filters not passed for 6W1F-pep3_l15_s986536_mpnn5, skipping interface scoring
Base AF2 filters not passed for 6W1F-pep3_l15_s986536_mpnn6, skipping interface scoring
Base AF2 filters not passed for 6W1F-pep3_l15_s986536_mpnn7, skipping interface scoring
Base AF2 filters not passed for 6W1F-pep3_l15_s986536_mpnn8, skipping interface scoring
Base AF2 filters not passed for 6W1F-pep3_l15_s986536_mpnn9, skipping interface scoring
Base AF2 filters not passed for 6W1F-pep3_l15_s986536_mpnn10, skipping interface scoring
Base AF2 filters not passed for 6W1F-pep3_l15_s986536_mpnn11, skipping interface scoring
Base AF2 filters not passed for 6W1F-pep3_l15_s986536_mpnn12, skipping interface scoring
Base AF2 filters not passed for 6W1F-pep3_l15_s986536_mpnn13, skipping interface scoring
Base AF2 filters not passed for 6W1F-pep3_l15_s986536_mpnn14, skipping interface scoring
Base AF2 filters not passed for 6W1F-pep3_l15_s986536_mpnn15, skipping interface scoring
Base AF2 filters not passed for 6W1F-pep3_l15_s986536_mpnn16, skipping interface scoring
Base AF2 filters not passed for 6W1F-pep3_l15_s986536_mpnn17, skipping interface scoring
Base AF2 filters not passed for 6W1F-pep3_l15_s986536_mpnn18, skipping interface scoring
Base AF2 filters not passed for 6W1F-pep3_l15_s986536_mpnn19, skipping interface scoring
Base AF2 filters not passed for 6W1F-pep3_l15_s986536_mpnn20, skipping interface scoring
Base AF2 filters not passed for 6W1F-pep3_l15_s986536_mpnn21, skipping interface scoring
Base AF2 filters not passed for 6W1F-pep3_l15_s986536_mpnn22, skipping interface scoring
Base AF2 filters not passed for 6W1F-pep3_l15_s986536_mpnn23, skipping interface scoring
Base AF2 filters not passed for 6W1F-pep3_l15_s986536_mpnn24, skipping interface scoring
Base AF2 filters not passed for 6W1F-pep3_l15_s986536_mpnn25, skipping interface scoring
Base AF2 filters not passed for 6W1F-pep3_l15_s986536_mpnn26, skipping interface scoring
Base AF2 filters not passed for 6W1F-pep3_l15_s986536_mpnn27, skipping interface scoring
Base AF2 filters not passed for 6W1F-pep3_l15_s986536_mpnn28, skipping interface scoring
Base AF2 filters not passed for 6W1F-pep3_l15_s986536_mpnn29, skipping interface scoring
Base AF2 filters not passed for 6W1F-pep3_l15_s986536_mpnn30, skipping interface scoring
Base AF2 filters not passed for 6W1F-pep3_l15_s986536_mpnn31, skipping interface scoring
Base AF2 filters not passed for 6W1F-pep3_l15_s986536_mpnn32, skipping interface scoring
Base AF2 filters not passed for 6W1F-pep3_l15_s986536_mpnn33, skipping interface scoring
Base AF2 filters not passed for 6W1F-pep3_l15_s986536_mpnn34, skipping interface scoring
No accepted MPNN designs found for this trajectory.

Design and validation of trajectory 6W1F-pep3_l15_s986536 took: 0 hours, 10 minutes, 47 seconds

Processing trajectory 6W1F-pep3_l14_s907360
Base AF2 filters not passed for 6W1F-pep3_l14_s907360_mpnn1, skipping interface scoring
Base AF2 filters not passed for 6W1F-pep3_l14_s907360_mpnn2, skipping interface scoring
Base AF2 filters not passed for 6W1F-pep3_l14_s907360_mpnn3, skipping interface scoring
Base AF2 filters not passed for 6W1F-pep3_l14_s907360_mpnn4, skipping interface scoring
Base AF2 filters not passed for 6W1F-pep3_l14_s907360_mpnn5, skipping interface scoring
Base AF2 filters not passed for 6W1F-pep3_l14_s907360_mpnn6, skipping interface scoring
Base AF2 filters not passed for 6W1F-pep3_l14_s907360_mpnn7, skipping interface scoring
Base AF2 filters not passed for 6W1F-pep3_l14_s907360_mpnn8, skipping interface scoring
Base AF2 filters not passed for 6W1F-pep3_l14_s907360_mpnn9, skipping interface scoring
Base AF2 filters not passed for 6W1F-pep3_l14_s907360_mpnn10, skipping interface scoring
Base AF2 filters not passed for 6W1F-pep3_l14_s907360_mpnn11, skipping interface scoring
Base AF2 filters not passed for 6W1F-pep3_l14_s907360_mpnn12, skipping interface scoring
Base AF2 filters not passed for 6W1F-pep3_l14_s907360_mpnn13, skipping interface scoring
Base AF2 filters not passed for 6W1F-pep3_l14_s907360_mpnn14, skipping interface scoring
Base AF2 filters not passed for 6W1F-pep3_l14_s907360_mpnn15, skipping interface scoring
Base AF2 filters not passed for 6W1F-pep3_l14_s907360_mpnn16, skipping interface scoring
Base AF2 filters not passed for 6W1F-pep3_l14_s907360_mpnn17, skipping interface scoring
Base AF2 filters not passed for 6W1F-pep3_l14_s907360_mpnn18, skipping interface scoring
Base AF2 filters not passed for 6W1F-pep3_l14_s907360_mpnn19, skipping interface scoring
Base AF2 filters not passed for 6W1F-pep3_l14_s907360_mpnn20, skipping interface scoring
Base AF2 filters not passed for 6W1F-pep3_l14_s907360_mpnn21, skipping interface scoring
Base AF2 filters not passed for 6W1F-pep3_l14_s907360_mpnn22, skipping interface scoring
Base AF2 filters not passed for 6W1F-pep3_l14_s907360_mpnn23, skipping interface scoring
Base AF2 filters not passed for 6W1F-pep3_l14_s907360_mpnn24, skipping interface scoring
Base AF2 filters not passed for 6W1F-pep3_l14_s907360_mpnn25, skipping interface scoring
Base AF2 filters not passed for 6W1F-pep3_l14_s907360_mpnn26, skipping interface scoring
Base AF2 filters not passed for 6W1F-pep3_l14_s907360_mpnn27, skipping interface scoring
Base AF2 filters not passed for 6W1F-pep3_l14_s907360_mpnn28, skipping interface scoring
Base AF2 filters not passed for 6W1F-pep3_l14_s907360_mpnn29, skipping interface scoring
Base AF2 filters not passed for 6W1F-pep3_l14_s907360_mpnn30, skipping interface scoring
Base AF2 filters not passed for 6W1F-pep3_l14_s907360_mpnn31, skipping interface scoring
Base AF2 filters not passed for 6W1F-pep3_l14_s907360_mpnn32, skipping interface scoring
Base AF2 filters not passed for 6W1F-pep3_l14_s907360_mpnn33, skipping interface scoring
Base AF2 filters not passed for 6W1F-pep3_l14_s907360_mpnn34, skipping interface scoring
Base AF2 filters not passed for 6W1F-pep3_l14_s907360_mpnn35, skipping interface scoring
Base AF2 filters not passed for 6W1F-pep3_l14_s907360_mpnn36, skipping interface scoring
Base AF2 filters not passed for 6W1F-pep3_l14_s907360_mpnn37, skipping interface scoring
Base AF2 filters not passed for 6W1F-pep3_l14_s907360_mpnn38, skipping interface scoring
Base AF2 filters not passed for 6W1F-pep3_l14_s907360_mpnn39, skipping interface scoring
Base AF2 filters not passed for 6W1F-pep3_l14_s907360_mpnn40, skipping interface scoring
Base AF2 filters not passed for 6W1F-pep3_l14_s907360_mpnn41, skipping interface scoring
Base AF2 filters not passed for 6W1F-pep3_l14_s907360_mpnn42, skipping interface scoring
Base AF2 filters not passed for 6W1F-pep3_l14_s907360_mpnn43, skipping interface scoring
Base AF2 filters not passed for 6W1F-pep3_l14_s907360_mpnn44, skipping interface scoring
Base AF2 filters not passed for 6W1F-pep3_l14_s907360_mpnn45, skipping interface scoring
Base AF2 filters not passed for 6W1F-pep3_l14_s907360_mpnn46, skipping interface scoring
Base AF2 filters not passed for 6W1F-pep3_l14_s907360_mpnn47, skipping interface scoring
Base AF2 filters not passed for 6W1F-pep3_l14_s907360_mpnn48, skipping interface scoring
Base AF2 filters not passed for 6W1F-pep3_l14_s907360_mpnn49, skipping interface scoring
No accepted MPNN designs found for this trajectory.

Design and validation of trajectory 6W1F-pep3_l14_s907360 took: 0 hours, 15 minutes, 18 seconds

Processing trajectory 6W1F-pep3_l16_s336000
Base AF2 filters not passed for 6W1F-pep3_l16_s336000_mpnn1, skipping interface scoring
Base AF2 filters not passed for 6W1F-pep3_l16_s336000_mpnn2, skipping interface scoring
Base AF2 filters not passed for 6W1F-pep3_l16_s336000_mpnn3, skipping interface scoring
Base AF2 filters not passed for 6W1F-pep3_l16_s336000_mpnn4, skipping interface scoring
Base AF2 filters not passed for 6W1F-pep3_l16_s336000_mpnn5, skipping interface scoring
Base AF2 filters not passed for 6W1F-pep3_l16_s336000_mpnn6, skipping interface scoring
Base AF2 filters not passed for 6W1F-pep3_l16_s336000_mpnn7, skipping interface scoring
Base AF2 filters not passed for 6W1F-pep3_l16_s336000_mpnn8, skipping interface scoring
Base AF2 filters not passed for 6W1F-pep3_l16_s336000_mpnn9, skipping interface scoring
Base AF2 filters not passed for 6W1F-pep3_l16_s336000_mpnn10, skipping interface scoring
Base AF2 filters not passed for 6W1F-pep3_l16_s336000_mpnn11, skipping interface scoring
Base AF2 filters not passed for 6W1F-pep3_l16_s336000_mpnn12, skipping interface scoring
Base AF2 filters not passed for 6W1F-pep3_l16_s336000_mpnn13, skipping interface scoring
Base AF2 filters not passed for 6W1F-pep3_l16_s336000_mpnn14, skipping interface scoring
Base AF2 filters not passed for 6W1F-pep3_l16_s336000_mpnn15, skipping interface scoring
Base AF2 filters not passed for 6W1F-pep3_l16_s336000_mpnn16, skipping interface scoring
Base AF2 filters not passed for 6W1F-pep3_l16_s336000_mpnn17, skipping interface scoring
Base AF2 filters not passed for 6W1F-pep3_l16_s336000_mpnn18, skipping interface scoring
Base AF2 filters not passed for 6W1F-pep3_l16_s336000_mpnn19, skipping interface scoring
Base AF2 filters not passed for 6W1F-pep3_l16_s336000_mpnn20, skipping interface scoring
Base AF2 filters not passed for 6W1F-pep3_l16_s336000_mpnn21, skipping interface scoring
Base AF2 filters not passed for 6W1F-pep3_l16_s336000_mpnn22, skipping interface scoring
Base AF2 filters not passed for 6W1F-pep3_l16_s336000_mpnn23, skipping interface scoring
Base AF2 filters not passed for 6W1F-pep3_l16_s336000_mpnn24, skipping interface scoring
Base AF2 filters not passed for 6W1F-pep3_l16_s336000_mpnn25, skipping interface scoring
Base AF2 filters not passed for 6W1F-pep3_l16_s336000_mpnn26, skipping interface scoring
Base AF2 filters not passed for 6W1F-pep3_l16_s336000_mpnn27, skipping interface scoring
Base AF2 filters not passed for 6W1F-pep3_l16_s336000_mpnn28, skipping interface scoring
Base AF2 filters not passed for 6W1F-pep3_l16_s336000_mpnn29, skipping interface scoring
Base AF2 filters not passed for 6W1F-pep3_l16_s336000_mpnn30, skipping interface scoring
Base AF2 filters not passed for 6W1F-pep3_l16_s336000_mpnn31, skipping interface scoring
Base AF2 filters not passed for 6W1F-pep3_l16_s336000_mpnn32, skipping interface scoring
Base AF2 filters not passed for 6W1F-pep3_l16_s336000_mpnn33, skipping interface scoring
Base AF2 filters not passed for 6W1F-pep3_l16_s336000_mpnn34, skipping interface scoring
Base AF2 filters not passed for 6W1F-pep3_l16_s336000_mpnn35, skipping interface scoring
Base AF2 filters not passed for 6W1F-pep3_l16_s336000_mpnn36, skipping interface scoring
Base AF2 filters not passed for 6W1F-pep3_l16_s336000_mpnn37, skipping interface scoring
Base AF2 filters not passed for 6W1F-pep3_l16_s336000_mpnn38, skipping interface scoring
Base AF2 filters not passed for 6W1F-pep3_l16_s336000_mpnn39, skipping interface scoring
Base AF2 filters not passed for 6W1F-pep3_l16_s336000_mpnn40, skipping interface scoring
Base AF2 filters not passed for 6W1F-pep3_l16_s336000_mpnn41, skipping interface scoring
Base AF2 filters not passed for 6W1F-pep3_l16_s336000_mpnn42, skipping interface scoring
Base AF2 filters not passed for 6W1F-pep3_l16_s336000_mpnn43, skipping interface scoring
No accepted MPNN designs found for this trajectory.

Design and validation of trajectory 6W1F-pep3_l16_s336000 took: 0 hours, 12 minutes, 47 seconds

Processing trajectory 6W1F-pep3_l17_s132622
Base AF2 filters not passed for 6W1F-pep3_l17_s132622_mpnn1, skipping interface scoring
Base AF2 filters not passed for 6W1F-pep3_l17_s132622_mpnn2, skipping interface scoring
Base AF2 filters not passed for 6W1F-pep3_l17_s132622_mpnn3, skipping interface scoring
Base AF2 filters not passed for 6W1F-pep3_l17_s132622_mpnn4, skipping interface scoring
Base AF2 filters not passed for 6W1F-pep3_l17_s132622_mpnn5, skipping interface scoring
Base AF2 filters not passed for 6W1F-pep3_l17_s132622_mpnn6, skipping interface scoring
Base AF2 filters not passed for 6W1F-pep3_l17_s132622_mpnn7, skipping interface scoring
Base AF2 filters not passed for 6W1F-pep3_l17_s132622_mpnn8, skipping interface scoring
Base AF2 filters not passed for 6W1F-pep3_l17_s132622_mpnn9, skipping interface scoring
Base AF2 filters not passed for 6W1F-pep3_l17_s132622_mpnn10, skipping interface scoring
Base AF2 filters not passed for 6W1F-pep3_l17_s132622_mpnn11, skipping interface scoring
Base AF2 filters not passed for 6W1F-pep3_l17_s132622_mpnn12, skipping interface scoring
Base AF2 filters not passed for 6W1F-pep3_l17_s132622_mpnn13, skipping interface scoring
Base AF2 filters not passed for 6W1F-pep3_l17_s132622_mpnn14, skipping interface scoring
Base AF2 filters not passed for 6W1F-pep3_l17_s132622_mpnn15, skipping interface scoring
Base AF2 filters not passed for 6W1F-pep3_l17_s132622_mpnn16, skipping interface scoring
Base AF2 filters not passed for 6W1F-pep3_l17_s132622_mpnn17, skipping interface scoring
Base AF2 filters not passed for 6W1F-pep3_l17_s132622_mpnn18, skipping interface scoring
Base AF2 filters not passed for 6W1F-pep3_l17_s132622_mpnn19, skipping interface scoring
Base AF2 filters not passed for 6W1F-pep3_l17_s132622_mpnn20, skipping interface scoring
Base AF2 filters not passed for 6W1F-pep3_l17_s132622_mpnn21, skipping interface scoring
Base AF2 filters not passed for 6W1F-pep3_l17_s132622_mpnn22, skipping interface scoring
Base AF2 filters not passed for 6W1F-pep3_l17_s132622_mpnn23, skipping interface scoring
Base AF2 filters not passed for 6W1F-pep3_l17_s132622_mpnn24, skipping interface scoring
Base AF2 filters not passed for 6W1F-pep3_l17_s132622_mpnn25, skipping interface scoring
Base AF2 filters not passed for 6W1F-pep3_l17_s132622_mpnn26, skipping interface scoring
Base AF2 filters not passed for 6W1F-pep3_l17_s132622_mpnn27, skipping interface scoring
Base AF2 filters not passed for 6W1F-pep3_l17_s132622_mpnn28, skipping interface scoring
Base AF2 filters not passed for 6W1F-pep3_l17_s132622_mpnn29, skipping interface scoring
Base AF2 filters not passed for 6W1F-pep3_l17_s132622_mpnn30, skipping interface scoring
Base AF2 filters not passed for 6W1F-pep3_l17_s132622_mpnn31, skipping interface scoring
Base AF2 filters not passed for 6W1F-pep3_l17_s132622_mpnn32, skipping interface scoring
Base AF2 filters not passed for 6W1F-pep3_l17_s132622_mpnn33, skipping interface scoring
Base AF2 filters not passed for 6W1F-pep3_l17_s132622_mpnn34, skipping interface scoring
Base AF2 filters not passed for 6W1F-pep3_l17_s132622_mpnn35, skipping interface scoring
Base AF2 filters not passed for 6W1F-pep3_l17_s132622_mpnn36, skipping interface scoring
Base AF2 filters not passed for 6W1F-pep3_l17_s132622_mpnn37, skipping interface scoring
Base AF2 filters not passed for 6W1F-pep3_l17_s132622_mpnn38, skipping interface scoring
Unmet filter conditions for 6W1F-pep3_l17_s132622_mpnn39
No accepted MPNN designs found for this trajectory.

Design and validation of trajectory 6W1F-pep3_l17_s132622 took: 0 hours, 19 minutes, 27 seconds

Processing trajectory 6W1F-pep3_l14_s714407
Base AF2 filters not passed for 6W1F-pep3_l14_s714407_mpnn1, skipping interface scoring
Base AF2 filters not passed for 6W1F-pep3_l14_s714407_mpnn2, skipping interface scoring
Base AF2 filters not passed for 6W1F-pep3_l14_s714407_mpnn3, skipping interface scoring
Base AF2 filters not passed for 6W1F-pep3_l14_s714407_mpnn4, skipping interface scoring
Base AF2 filters not passed for 6W1F-pep3_l14_s714407_mpnn5, skipping interface scoring
Base AF2 filters not passed for 6W1F-pep3_l14_s714407_mpnn6, skipping interface scoring
Base AF2 filters not passed for 6W1F-pep3_l14_s714407_mpnn7, skipping interface scoring
Base AF2 filters not passed for 6W1F-pep3_l14_s714407_mpnn8, skipping interface scoring
Base AF2 filters not passed for 6W1F-pep3_l14_s714407_mpnn9, skipping interface scoring
Base AF2 filters not passed for 6W1F-pep3_l14_s714407_mpnn10, skipping interface scoring
Base AF2 filters not passed for 6W1F-pep3_l14_s714407_mpnn11, skipping interface scoring
Base AF2 filters not passed for 6W1F-pep3_l14_s714407_mpnn12, skipping interface scoring
Base AF2 filters not passed for 6W1F-pep3_l14_s714407_mpnn13, skipping interface scoring
Base AF2 filters not passed for 6W1F-pep3_l14_s714407_mpnn14, skipping interface scoring
Base AF2 filters not passed for 6W1F-pep3_l14_s714407_mpnn15, skipping interface scoring
Base AF2 filters not passed for 6W1F-pep3_l14_s714407_mpnn16, skipping interface scoring
Base AF2 filters not passed for 6W1F-pep3_l14_s714407_mpnn17, skipping interface scoring
Base AF2 filters not passed for 6W1F-pep3_l14_s714407_mpnn18, skipping interface scoring
Base AF2 filters not passed for 6W1F-pep3_l14_s714407_mpnn19, skipping interface scoring
Base AF2 filters not passed for 6W1F-pep3_l14_s714407_mpnn20, skipping interface scoring
Base AF2 filters not passed for 6W1F-pep3_l14_s714407_mpnn21, skipping interface scoring
Base AF2 filters not passed for 6W1F-pep3_l14_s714407_mpnn22, skipping interface scoring
Base AF2 filters not passed for 6W1F-pep3_l14_s714407_mpnn23, skipping interface scoring
Base AF2 filters not passed for 6W1F-pep3_l14_s714407_mpnn24, skipping interface scoring
Base AF2 filters not passed for 6W1F-pep3_l14_s714407_mpnn25, skipping interface scoring
Base AF2 filters not passed for 6W1F-pep3_l14_s714407_mpnn26, skipping interface scoring
Base AF2 filters not passed for 6W1F-pep3_l14_s714407_mpnn27, skipping interface scoring
Base AF2 filters not passed for 6W1F-pep3_l14_s714407_mpnn28, skipping interface scoring
Base AF2 filters not passed for 6W1F-pep3_l14_s714407_mpnn29, skipping interface scoring
Base AF2 filters not passed for 6W1F-pep3_l14_s714407_mpnn30, skipping interface scoring
Base AF2 filters not passed for 6W1F-pep3_l14_s714407_mpnn31, skipping interface scoring
Base AF2 filters not passed for 6W1F-pep3_l14_s714407_mpnn32, skipping interface scoring
Base AF2 filters not passed for 6W1F-pep3_l14_s714407_mpnn33, skipping interface scoring
Base AF2 filters not passed for 6W1F-pep3_l14_s714407_mpnn34, skipping interface scoring
Base AF2 filters not passed for 6W1F-pep3_l14_s714407_mpnn35, skipping interface scoring
Base AF2 filters not passed for 6W1F-pep3_l14_s714407_mpnn36, skipping interface scoring
Base AF2 filters not passed for 6W1F-pep3_l14_s714407_mpnn37, skipping interface scoring
Base AF2 filters not passed for 6W1F-pep3_l14_s714407_mpnn38, skipping interface scoring
Base AF2 filters not passed for 6W1F-pep3_l14_s714407_mpnn39, skipping interface scoring
Base AF2 filters not passed for 6W1F-pep3_l14_s714407_mpnn40, skipping interface scoring
Base AF2 filters not passed for 6W1F-pep3_l14_s714407_mpnn41, skipping interface scoring
Base AF2 filters not passed for 6W1F-pep3_l14_s714407_mpnn42, skipping interface scoring
Base AF2 filters not passed for 6W1F-pep3_l14_s714407_mpnn43, skipping interface scoring
Base AF2 filters not passed for 6W1F-pep3_l14_s714407_mpnn44, skipping interface scoring
Base AF2 filters not passed for 6W1F-pep3_l14_s714407_mpnn45, skipping interface scoring
Base AF2 filters not passed for 6W1F-pep3_l14_s714407_mpnn46, skipping interface scoring
Base AF2 filters not passed for 6W1F-pep3_l14_s714407_mpnn47, skipping interface scoring
Base AF2 filters not passed for 6W1F-pep3_l14_s714407_mpnn48, skipping interface scoring
No accepted MPNN designs found for this trajectory.

Design and validation of trajectory 6W1F-pep3_l14_s714407 took: 0 hours, 15 minutes, 0 seconds

Processing trajectory 6W1F-pep3_l16_s861444
Base AF2 filters not passed for 6W1F-pep3_l16_s861444_mpnn1, skipping interface scoring
Base AF2 filters not passed for 6W1F-pep3_l16_s861444_mpnn2, skipping interface scoring
Base AF2 filters not passed for 6W1F-pep3_l16_s861444_mpnn3, skipping interface scoring
Base AF2 filters not passed for 6W1F-pep3_l16_s861444_mpnn4, skipping interface scoring
Base AF2 filters not passed for 6W1F-pep3_l16_s861444_mpnn5, skipping interface scoring
Base AF2 filters not passed for 6W1F-pep3_l16_s861444_mpnn6, skipping interface scoring
Base AF2 filters not passed for 6W1F-pep3_l16_s861444_mpnn7, skipping interface scoring
Base AF2 filters not passed for 6W1F-pep3_l16_s861444_mpnn8, skipping interface scoring
Base AF2 filters not passed for 6W1F-pep3_l16_s861444_mpnn9, skipping interface scoring
Base AF2 filters not passed for 6W1F-pep3_l16_s861444_mpnn10, skipping interface scoring
Base AF2 filters not passed for 6W1F-pep3_l16_s861444_mpnn11, skipping interface scoring
Base AF2 filters not passed for 6W1F-pep3_l16_s861444_mpnn12, skipping interface scoring
Base AF2 filters not passed for 6W1F-pep3_l16_s861444_mpnn13, skipping interface scoring
Base AF2 filters not passed for 6W1F-pep3_l16_s861444_mpnn14, skipping interface scoring
Base AF2 filters not passed for 6W1F-pep3_l16_s861444_mpnn15, skipping interface scoring
Base AF2 filters not passed for 6W1F-pep3_l16_s861444_mpnn16, skipping interface scoring
Base AF2 filters not passed for 6W1F-pep3_l16_s861444_mpnn17, skipping interface scoring
Base AF2 filters not passed for 6W1F-pep3_l16_s861444_mpnn18, skipping interface scoring
Base AF2 filters not passed for 6W1F-pep3_l16_s861444_mpnn19, skipping interface scoring
Base AF2 filters not passed for 6W1F-pep3_l16_s861444_mpnn20, skipping interface scoring
Base AF2 filters not passed for 6W1F-pep3_l16_s861444_mpnn21, skipping interface scoring
Base AF2 filters not passed for 6W1F-pep3_l16_s861444_mpnn22, skipping interface scoring
Base AF2 filters not passed for 6W1F-pep3_l16_s861444_mpnn23, skipping interface scoring
Base AF2 filters not passed for 6W1F-pep3_l16_s861444_mpnn24, skipping interface scoring
Base AF2 filters not passed for 6W1F-pep3_l16_s861444_mpnn25, skipping interface scoring
Base AF2 filters not passed for 6W1F-pep3_l16_s861444_mpnn26, skipping interface scoring
Base AF2 filters not passed for 6W1F-pep3_l16_s861444_mpnn27, skipping interface scoring
Base AF2 filters not passed for 6W1F-pep3_l16_s861444_mpnn28, skipping interface scoring
Base AF2 filters not passed for 6W1F-pep3_l16_s861444_mpnn29, skipping interface scoring
Base AF2 filters not passed for 6W1F-pep3_l16_s861444_mpnn30, skipping interface scoring
Base AF2 filters not passed for 6W1F-pep3_l16_s861444_mpnn31, skipping interface scoring
Base AF2 filters not passed for 6W1F-pep3_l16_s861444_mpnn32, skipping interface scoring
Base AF2 filters not passed for 6W1F-pep3_l16_s861444_mpnn33, skipping interface scoring
Base AF2 filters not passed for 6W1F-pep3_l16_s861444_mpnn34, skipping interface scoring
Base AF2 filters not passed for 6W1F-pep3_l16_s861444_mpnn35, skipping interface scoring
Base AF2 filters not passed for 6W1F-pep3_l16_s861444_mpnn36, skipping interface scoring
Base AF2 filters not passed for 6W1F-pep3_l16_s861444_mpnn37, skipping interface scoring
Base AF2 filters not passed for 6W1F-pep3_l16_s861444_mpnn38, skipping interface scoring
Base AF2 filters not passed for 6W1F-pep3_l16_s861444_mpnn39, skipping interface scoring
Base AF2 filters not passed for 6W1F-pep3_l16_s861444_mpnn40, skipping interface scoring
Base AF2 filters not passed for 6W1F-pep3_l16_s861444_mpnn41, skipping interface scoring
Base AF2 filters not passed for 6W1F-pep3_l16_s861444_mpnn42, skipping interface scoring
Base AF2 filters not passed for 6W1F-pep3_l16_s861444_mpnn43, skipping interface scoring
Base AF2 filters not passed for 6W1F-pep3_l16_s861444_mpnn44, skipping interface scoring
Base AF2 filters not passed for 6W1F-pep3_l16_s861444_mpnn45, skipping interface scoring
Base AF2 filters not passed for 6W1F-pep3_l16_s861444_mpnn46, skipping interface scoring
Base AF2 filters not passed for 6W1F-pep3_l16_s861444_mpnn47, skipping interface scoring
Base AF2 filters not passed for 6W1F-pep3_l16_s861444_mpnn48, skipping interface scoring
Base AF2 filters not passed for 6W1F-pep3_l16_s861444_mpnn49, skipping interface scoring
Base AF2 filters not passed for 6W1F-pep3_l16_s861444_mpnn50, skipping interface scoring
No accepted MPNN designs found for this trajectory.

Design and validation of trajectory 6W1F-pep3_l16_s861444 took: 0 hours, 15 minutes, 3 seconds

Processing trajectory 6W1F-pep3_l16_s430071
Base AF2 filters not passed for 6W1F-pep3_l16_s430071_mpnn1, skipping interface scoring
Base AF2 filters not passed for 6W1F-pep3_l16_s430071_mpnn2, skipping interface scoring
Base AF2 filters not passed for 6W1F-pep3_l16_s430071_mpnn3, skipping interface scoring
Base AF2 filters not passed for 6W1F-pep3_l16_s430071_mpnn4, skipping interface scoring
Base AF2 filters not passed for 6W1F-pep3_l16_s430071_mpnn5, skipping interface scoring
Base AF2 filters not passed for 6W1F-pep3_l16_s430071_mpnn6, skipping interface scoring
Base AF2 filters not passed for 6W1F-pep3_l16_s430071_mpnn7, skipping interface scoring
Base AF2 filters not passed for 6W1F-pep3_l16_s430071_mpnn8, skipping interface scoring
Base AF2 filters not passed for 6W1F-pep3_l16_s430071_mpnn9, skipping interface scoring
Base AF2 filters not passed for 6W1F-pep3_l16_s430071_mpnn10, skipping interface scoring
Base AF2 filters not passed for 6W1F-pep3_l16_s430071_mpnn11, skipping interface scoring
Base AF2 filters not passed for 6W1F-pep3_l16_s430071_mpnn12, skipping interface scoring
6W1F-pep3_l16_s430071_mpnn13 passed all filters
Base AF2 filters not passed for 6W1F-pep3_l16_s430071_mpnn14, skipping interface scoring
Base AF2 filters not passed for 6W1F-pep3_l16_s430071_mpnn15, skipping interface scoring
Base AF2 filters not passed for 6W1F-pep3_l16_s430071_mpnn16, skipping interface scoring
Base AF2 filters not passed for 6W1F-pep3_l16_s430071_mpnn17, skipping interface scoring
Base AF2 filters not passed for 6W1F-pep3_l16_s430071_mpnn18, skipping interface scoring
Base AF2 filters not passed for 6W1F-pep3_l16_s430071_mpnn19, skipping interface scoring
Base AF2 filters not passed for 6W1F-pep3_l16_s430071_mpnn20, skipping interface scoring
Base AF2 filters not passed for 6W1F-pep3_l16_s430071_mpnn21, skipping interface scoring
Base AF2 filters not passed for 6W1F-pep3_l16_s430071_mpnn22, skipping interface scoring
Base AF2 filters not passed for 6W1F-pep3_l16_s430071_mpnn23, skipping interface scoring
Base AF2 filters not passed for 6W1F-pep3_l16_s430071_mpnn24, skipping interface scoring
Found 1 MPNN designs passing filters

Design and validation of trajectory 6W1F-pep3_l16_s430071 took: 0 hours, 14 minutes, 26 seconds

Processing trajectory 6W1F-pep3_l17_s213149
Base AF2 filters not passed for 6W1F-pep3_l17_s213149_mpnn1, skipping interface scoring
Base AF2 filters not passed for 6W1F-pep3_l17_s213149_mpnn2, skipping interface scoring
Base AF2 filters not passed for 6W1F-pep3_l17_s213149_mpnn3, skipping interface scoring
Base AF2 filters not passed for 6W1F-pep3_l17_s213149_mpnn4, skipping interface scoring
Base AF2 filters not passed for 6W1F-pep3_l17_s213149_mpnn5, skipping interface scoring
Base AF2 filters not passed for 6W1F-pep3_l17_s213149_mpnn6, skipping interface scoring
Base AF2 filters not passed for 6W1F-pep3_l17_s213149_mpnn7, skipping interface scoring
Base AF2 filters not passed for 6W1F-pep3_l17_s213149_mpnn8, skipping interface scoring
Base AF2 filters not passed for 6W1F-pep3_l17_s213149_mpnn9, skipping interface scoring
Base AF2 filters not passed for 6W1F-pep3_l17_s213149_mpnn10, skipping interface scoring
Base AF2 filters not passed for 6W1F-pep3_l17_s213149_mpnn11, skipping interface scoring
Base AF2 filters not passed for 6W1F-pep3_l17_s213149_mpnn12, skipping interface scoring
Base AF2 filters not passed for 6W1F-pep3_l17_s213149_mpnn13, skipping interface scoring
Base AF2 filters not passed for 6W1F-pep3_l17_s213149_mpnn14, skipping interface scoring
Base AF2 filters not passed for 6W1F-pep3_l17_s213149_mpnn15, skipping interface scoring
Base AF2 filters not passed for 6W1F-pep3_l17_s213149_mpnn16, skipping interface scoring
Base AF2 filters not passed for 6W1F-pep3_l17_s213149_mpnn17, skipping interface scoring
Base AF2 filters not passed for 6W1F-pep3_l17_s213149_mpnn18, skipping interface scoring
Base AF2 filters not passed for 6W1F-pep3_l17_s213149_mpnn19, skipping interface scoring
Base AF2 filters not passed for 6W1F-pep3_l17_s213149_mpnn20, skipping interface scoring
Base AF2 filters not passed for 6W1F-pep3_l17_s213149_mpnn21, skipping interface scoring
Base AF2 filters not passed for 6W1F-pep3_l17_s213149_mpnn22, skipping interface scoring
Base AF2 filters not passed for 6W1F-pep3_l17_s213149_mpnn23, skipping interface scoring
Base AF2 filters not passed for 6W1F-pep3_l17_s213149_mpnn24, skipping interface scoring
Base AF2 filters not passed for 6W1F-pep3_l17_s213149_mpnn25, skipping interface scoring
Base AF2 filters not passed for 6W1F-pep3_l17_s213149_mpnn26, skipping interface scoring
Base AF2 filters not passed for 6W1F-pep3_l17_s213149_mpnn27, skipping interface scoring
Base AF2 filters not passed for 6W1F-pep3_l17_s213149_mpnn28, skipping interface scoring
Base AF2 filters not passed for 6W1F-pep3_l17_s213149_mpnn29, skipping interface scoring
Base AF2 filters not passed for 6W1F-pep3_l17_s213149_mpnn30, skipping interface scoring
Base AF2 filters not passed for 6W1F-pep3_l17_s213149_mpnn31, skipping interface scoring
Base AF2 filters not passed for 6W1F-pep3_l17_s213149_mpnn32, skipping interface scoring
Base AF2 filters not passed for 6W1F-pep3_l17_s213149_mpnn33, skipping interface scoring
Base AF2 filters not passed for 6W1F-pep3_l17_s213149_mpnn34, skipping interface scoring
Base AF2 filters not passed for 6W1F-pep3_l17_s213149_mpnn35, skipping interface scoring
Base AF2 filters not passed for 6W1F-pep3_l17_s213149_mpnn36, skipping interface scoring
Base AF2 filters not passed for 6W1F-pep3_l17_s213149_mpnn37, skipping interface scoring
Base AF2 filters not passed for 6W1F-pep3_l17_s213149_mpnn38, skipping interface scoring
Base AF2 filters not passed for 6W1F-pep3_l17_s213149_mpnn39, skipping interface scoring
Base AF2 filters not passed for 6W1F-pep3_l17_s213149_mpnn40, skipping interface scoring
Base AF2 filters not passed for 6W1F-pep3_l17_s213149_mpnn41, skipping interface scoring
Base AF2 filters not passed for 6W1F-pep3_l17_s213149_mpnn42, skipping interface scoring
Base AF2 filters not passed for 6W1F-pep3_l17_s213149_mpnn43, skipping interface scoring
Base AF2 filters not passed for 6W1F-pep3_l17_s213149_mpnn44, skipping interface scoring
Base AF2 filters not passed for 6W1F-pep3_l17_s213149_mpnn45, skipping interface scoring
No accepted MPNN designs found for this trajectory.

Design and validation of trajectory 6W1F-pep3_l17_s213149 took: 0 hours, 14 minutes, 19 seconds

Processing trajectory 6W1F-pep3_l15_s713037
Base AF2 filters not passed for 6W1F-pep3_l15_s713037_mpnn1, skipping interface scoring
Base AF2 filters not passed for 6W1F-pep3_l15_s713037_mpnn2, skipping interface scoring
Base AF2 filters not passed for 6W1F-pep3_l15_s713037_mpnn3, skipping interface scoring
Base AF2 filters not passed for 6W1F-pep3_l15_s713037_mpnn4, skipping interface scoring
Base AF2 filters not passed for 6W1F-pep3_l15_s713037_mpnn5, skipping interface scoring
Base AF2 filters not passed for 6W1F-pep3_l15_s713037_mpnn6, skipping interface scoring
Base AF2 filters not passed for 6W1F-pep3_l15_s713037_mpnn7, skipping interface scoring
Base AF2 filters not passed for 6W1F-pep3_l15_s713037_mpnn8, skipping interface scoring
Base AF2 filters not passed for 6W1F-pep3_l15_s713037_mpnn9, skipping interface scoring
Base AF2 filters not passed for 6W1F-pep3_l15_s713037_mpnn10, skipping interface scoring
Base AF2 filters not passed for 6W1F-pep3_l15_s713037_mpnn11, skipping interface scoring
Base AF2 filters not passed for 6W1F-pep3_l15_s713037_mpnn12, skipping interface scoring
Base AF2 filters not passed for 6W1F-pep3_l15_s713037_mpnn13, skipping interface scoring
Base AF2 filters not passed for 6W1F-pep3_l15_s713037_mpnn14, skipping interface scoring
Base AF2 filters not passed for 6W1F-pep3_l15_s713037_mpnn15, skipping interface scoring
Base AF2 filters not passed for 6W1F-pep3_l15_s713037_mpnn16, skipping interface scoring
Base AF2 filters not passed for 6W1F-pep3_l15_s713037_mpnn17, skipping interface scoring
Base AF2 filters not passed for 6W1F-pep3_l15_s713037_mpnn18, skipping interface scoring
Base AF2 filters not passed for 6W1F-pep3_l15_s713037_mpnn19, skipping interface scoring
Base AF2 filters not passed for 6W1F-pep3_l15_s713037_mpnn20, skipping interface scoring
Base AF2 filters not passed for 6W1F-pep3_l15_s713037_mpnn21, skipping interface scoring
Base AF2 filters not passed for 6W1F-pep3_l15_s713037_mpnn22, skipping interface scoring
Base AF2 filters not passed for 6W1F-pep3_l15_s713037_mpnn23, skipping interface scoring
Base AF2 filters not passed for 6W1F-pep3_l15_s713037_mpnn24, skipping interface scoring
Base AF2 filters not passed for 6W1F-pep3_l15_s713037_mpnn25, skipping interface scoring
Base AF2 filters not passed for 6W1F-pep3_l15_s713037_mpnn26, skipping interface scoring
Base AF2 filters not passed for 6W1F-pep3_l15_s713037_mpnn27, skipping interface scoring
Base AF2 filters not passed for 6W1F-pep3_l15_s713037_mpnn28, skipping interface scoring
Base AF2 filters not passed for 6W1F-pep3_l15_s713037_mpnn29, skipping interface scoring
Base AF2 filters not passed for 6W1F-pep3_l15_s713037_mpnn30, skipping interface scoring
Base AF2 filters not passed for 6W1F-pep3_l15_s713037_mpnn31, skipping interface scoring
Base AF2 filters not passed for 6W1F-pep3_l15_s713037_mpnn32, skipping interface scoring
Base AF2 filters not passed for 6W1F-pep3_l15_s713037_mpnn33, skipping interface scoring
Base AF2 filters not passed for 6W1F-pep3_l15_s713037_mpnn34, skipping interface scoring
Base AF2 filters not passed for 6W1F-pep3_l15_s713037_mpnn35, skipping interface scoring
Base AF2 filters not passed for 6W1F-pep3_l15_s713037_mpnn36, skipping interface scoring
Base AF2 filters not passed for 6W1F-pep3_l15_s713037_mpnn37, skipping interface scoring
Base AF2 filters not passed for 6W1F-pep3_l15_s713037_mpnn38, skipping interface scoring
Base AF2 filters not passed for 6W1F-pep3_l15_s713037_mpnn39, skipping interface scoring
Base AF2 filters not passed for 6W1F-pep3_l15_s713037_mpnn40, skipping interface scoring
Base AF2 filters not passed for 6W1F-pep3_l15_s713037_mpnn41, skipping interface scoring
Base AF2 filters not passed for 6W1F-pep3_l15_s713037_mpnn42, skipping interface scoring
Base AF2 filters not passed for 6W1F-pep3_l15_s713037_mpnn43, skipping interface scoring
Base AF2 filters not passed for 6W1F-pep3_l15_s713037_mpnn44, skipping interface scoring
Base AF2 filters not passed for 6W1F-pep3_l15_s713037_mpnn45, skipping interface scoring
Base AF2 filters not passed for 6W1F-pep3_l15_s713037_mpnn46, skipping interface scoring
Base AF2 filters not passed for 6W1F-pep3_l15_s713037_mpnn47, skipping interface scoring
No accepted MPNN designs found for this trajectory.

Design and validation of trajectory 6W1F-pep3_l15_s713037 took: 0 hours, 15 minutes, 14 seconds

Processing trajectory 6W1F-pep3_l15_s567131
Unmet filter conditions for 6W1F-pep3_l15_s567131_mpnn1
Base AF2 filters not passed for 6W1F-pep3_l15_s567131_mpnn2, skipping interface scoring
Base AF2 filters not passed for 6W1F-pep3_l15_s567131_mpnn3, skipping interface scoring
Base AF2 filters not passed for 6W1F-pep3_l15_s567131_mpnn4, skipping interface scoring
Base AF2 filters not passed for 6W1F-pep3_l15_s567131_mpnn5, skipping interface scoring
Base AF2 filters not passed for 6W1F-pep3_l15_s567131_mpnn6, skipping interface scoring
Base AF2 filters not passed for 6W1F-pep3_l15_s567131_mpnn7, skipping interface scoring
Base AF2 filters not passed for 6W1F-pep3_l15_s567131_mpnn8, skipping interface scoring
Base AF2 filters not passed for 6W1F-pep3_l15_s567131_mpnn9, skipping interface scoring
Base AF2 filters not passed for 6W1F-pep3_l15_s567131_mpnn10, skipping interface scoring
Base AF2 filters not passed for 6W1F-pep3_l15_s567131_mpnn11, skipping interface scoring
Base AF2 filters not passed for 6W1F-pep3_l15_s567131_mpnn12, skipping interface scoring
Base AF2 filters not passed for 6W1F-pep3_l15_s567131_mpnn13, skipping interface scoring
Unmet filter conditions for 6W1F-pep3_l15_s567131_mpnn14
Base AF2 filters not passed for 6W1F-pep3_l15_s567131_mpnn15, skipping interface scoring
Base AF2 filters not passed for 6W1F-pep3_l15_s567131_mpnn16, skipping interface scoring
Base AF2 filters not passed for 6W1F-pep3_l15_s567131_mpnn17, skipping interface scoring
Base AF2 filters not passed for 6W1F-pep3_l15_s567131_mpnn18, skipping interface scoring
Base AF2 filters not passed for 6W1F-pep3_l15_s567131_mpnn19, skipping interface scoring
Base AF2 filters not passed for 6W1F-pep3_l15_s567131_mpnn20, skipping interface scoring
Base AF2 filters not passed for 6W1F-pep3_l15_s567131_mpnn21, skipping interface scoring
Base AF2 filters not passed for 6W1F-pep3_l15_s567131_mpnn22, skipping interface scoring
Base AF2 filters not passed for 6W1F-pep3_l15_s567131_mpnn23, skipping interface scoring
Base AF2 filters not passed for 6W1F-pep3_l15_s567131_mpnn24, skipping interface scoring
Base AF2 filters not passed for 6W1F-pep3_l15_s567131_mpnn25, skipping interface scoring
Base AF2 filters not passed for 6W1F-pep3_l15_s567131_mpnn26, skipping interface scoring
Base AF2 filters not passed for 6W1F-pep3_l15_s567131_mpnn27, skipping interface scoring
Base AF2 filters not passed for 6W1F-pep3_l15_s567131_mpnn28, skipping interface scoring
Base AF2 filters not passed for 6W1F-pep3_l15_s567131_mpnn29, skipping interface scoring
Unmet filter conditions for 6W1F-pep3_l15_s567131_mpnn30
Base AF2 filters not passed for 6W1F-pep3_l15_s567131_mpnn31, skipping interface scoring
Base AF2 filters not passed for 6W1F-pep3_l15_s567131_mpnn32, skipping interface scoring
Base AF2 filters not passed for 6W1F-pep3_l15_s567131_mpnn33, skipping interface scoring
Base AF2 filters not passed for 6W1F-pep3_l15_s567131_mpnn34, skipping interface scoring
Unmet filter conditions for 6W1F-pep3_l15_s567131_mpnn35
Base AF2 filters not passed for 6W1F-pep3_l15_s567131_mpnn36, skipping interface scoring
Base AF2 filters not passed for 6W1F-pep3_l15_s567131_mpnn37, skipping interface scoring
Base AF2 filters not passed for 6W1F-pep3_l15_s567131_mpnn38, skipping interface scoring
Base AF2 filters not passed for 6W1F-pep3_l15_s567131_mpnn39, skipping interface scoring
Base AF2 filters not passed for 6W1F-pep3_l15_s567131_mpnn40, skipping interface scoring
Base AF2 filters not passed for 6W1F-pep3_l15_s567131_mpnn41, skipping interface scoring
No accepted MPNN designs found for this trajectory.

Design and validation of trajectory 6W1F-pep3_l15_s567131 took: 0 hours, 39 minutes, 42 seconds

Processing trajectory 6W1F-pep3_l16_s623116
Base AF2 filters not passed for 6W1F-pep3_l16_s623116_mpnn1, skipping interface scoring
Base AF2 filters not passed for 6W1F-pep3_l16_s623116_mpnn2, skipping interface scoring
Base AF2 filters not passed for 6W1F-pep3_l16_s623116_mpnn3, skipping interface scoring
Base AF2 filters not passed for 6W1F-pep3_l16_s623116_mpnn4, skipping interface scoring
Base AF2 filters not passed for 6W1F-pep3_l16_s623116_mpnn5, skipping interface scoring
Base AF2 filters not passed for 6W1F-pep3_l16_s623116_mpnn6, skipping interface scoring
Base AF2 filters not passed for 6W1F-pep3_l16_s623116_mpnn7, skipping interface scoring
Base AF2 filters not passed for 6W1F-pep3_l16_s623116_mpnn8, skipping interface scoring
Base AF2 filters not passed for 6W1F-pep3_l16_s623116_mpnn9, skipping interface scoring
Base AF2 filters not passed for 6W1F-pep3_l16_s623116_mpnn10, skipping interface scoring
Base AF2 filters not passed for 6W1F-pep3_l16_s623116_mpnn11, skipping interface scoring
Base AF2 filters not passed for 6W1F-pep3_l16_s623116_mpnn12, skipping interface scoring
Base AF2 filters not passed for 6W1F-pep3_l16_s623116_mpnn13, skipping interface scoring
Base AF2 filters not passed for 6W1F-pep3_l16_s623116_mpnn14, skipping interface scoring
Base AF2 filters not passed for 6W1F-pep3_l16_s623116_mpnn15, skipping interface scoring
Base AF2 filters not passed for 6W1F-pep3_l16_s623116_mpnn16, skipping interface scoring
Base AF2 filters not passed for 6W1F-pep3_l16_s623116_mpnn17, skipping interface scoring
Base AF2 filters not passed for 6W1F-pep3_l16_s623116_mpnn18, skipping interface scoring
Base AF2 filters not passed for 6W1F-pep3_l16_s623116_mpnn19, skipping interface scoring
Base AF2 filters not passed for 6W1F-pep3_l16_s623116_mpnn20, skipping interface scoring
Base AF2 filters not passed for 6W1F-pep3_l16_s623116_mpnn21, skipping interface scoring
Base AF2 filters not passed for 6W1F-pep3_l16_s623116_mpnn22, skipping interface scoring
Base AF2 filters not passed for 6W1F-pep3_l16_s623116_mpnn23, skipping interface scoring
Base AF2 filters not passed for 6W1F-pep3_l16_s623116_mpnn24, skipping interface scoring
Base AF2 filters not passed for 6W1F-pep3_l16_s623116_mpnn25, skipping interface scoring
Base AF2 filters not passed for 6W1F-pep3_l16_s623116_mpnn26, skipping interface scoring
Base AF2 filters not passed for 6W1F-pep3_l16_s623116_mpnn27, skipping interface scoring
Base AF2 filters not passed for 6W1F-pep3_l16_s623116_mpnn28, skipping interface scoring
Base AF2 filters not passed for 6W1F-pep3_l16_s623116_mpnn29, skipping interface scoring
Base AF2 filters not passed for 6W1F-pep3_l16_s623116_mpnn30, skipping interface scoring
Base AF2 filters not passed for 6W1F-pep3_l16_s623116_mpnn31, skipping interface scoring
Base AF2 filters not passed for 6W1F-pep3_l16_s623116_mpnn32, skipping interface scoring
Base AF2 filters not passed for 6W1F-pep3_l16_s623116_mpnn33, skipping interface scoring
Base AF2 filters not passed for 6W1F-pep3_l16_s623116_mpnn34, skipping interface scoring
Base AF2 filters not passed for 6W1F-pep3_l16_s623116_mpnn35, skipping interface scoring
Base AF2 filters not passed for 6W1F-pep3_l16_s623116_mpnn36, skipping interface scoring
Base AF2 filters not passed for 6W1F-pep3_l16_s623116_mpnn37, skipping interface scoring
Base AF2 filters not passed for 6W1F-pep3_l16_s623116_mpnn38, skipping interface scoring
Base AF2 filters not passed for 6W1F-pep3_l16_s623116_mpnn39, skipping interface scoring
Base AF2 filters not passed for 6W1F-pep3_l16_s623116_mpnn40, skipping interface scoring
Base AF2 filters not passed for 6W1F-pep3_l16_s623116_mpnn41, skipping interface scoring
Base AF2 filters not passed for 6W1F-pep3_l16_s623116_mpnn42, skipping interface scoring
Base AF2 filters not passed for 6W1F-pep3_l16_s623116_mpnn43, skipping interface scoring
Base AF2 filters not passed for 6W1F-pep3_l16_s623116_mpnn44, skipping interface scoring
Base AF2 filters not passed for 6W1F-pep3_l16_s623116_mpnn45, skipping interface scoring
Base AF2 filters not passed for 6W1F-pep3_l16_s623116_mpnn46, skipping interface scoring
Base AF2 filters not passed for 6W1F-pep3_l16_s623116_mpnn47, skipping interface scoring
Base AF2 filters not passed for 6W1F-pep3_l16_s623116_mpnn48, skipping interface scoring
Base AF2 filters not passed for 6W1F-pep3_l16_s623116_mpnn49, skipping interface scoring
Base AF2 filters not passed for 6W1F-pep3_l16_s623116_mpnn50, skipping interface scoring
No accepted MPNN designs found for this trajectory.

Design and validation of trajectory 6W1F-pep3_l16_s623116 took: 0 hours, 15 minutes, 20 seconds

Processing trajectory 6W1F-pep3_l15_s912739
Base AF2 filters not passed for 6W1F-pep3_l15_s912739_mpnn1, skipping interface scoring
Base AF2 filters not passed for 6W1F-pep3_l15_s912739_mpnn2, skipping interface scoring
Base AF2 filters not passed for 6W1F-pep3_l15_s912739_mpnn3, skipping interface scoring
Base AF2 filters not passed for 6W1F-pep3_l15_s912739_mpnn4, skipping interface scoring
Base AF2 filters not passed for 6W1F-pep3_l15_s912739_mpnn5, skipping interface scoring
Base AF2 filters not passed for 6W1F-pep3_l15_s912739_mpnn6, skipping interface scoring
Base AF2 filters not passed for 6W1F-pep3_l15_s912739_mpnn7, skipping interface scoring
Base AF2 filters not passed for 6W1F-pep3_l15_s912739_mpnn8, skipping interface scoring
Base AF2 filters not passed for 6W1F-pep3_l15_s912739_mpnn9, skipping interface scoring
Base AF2 filters not passed for 6W1F-pep3_l15_s912739_mpnn10, skipping interface scoring
Base AF2 filters not passed for 6W1F-pep3_l15_s912739_mpnn11, skipping interface scoring
Base AF2 filters not passed for 6W1F-pep3_l15_s912739_mpnn12, skipping interface scoring
Base AF2 filters not passed for 6W1F-pep3_l15_s912739_mpnn13, skipping interface scoring
6W1F-pep3_l15_s912739_mpnn14 passed all filters
Base AF2 filters not passed for 6W1F-pep3_l15_s912739_mpnn15, skipping interface scoring
Base AF2 filters not passed for 6W1F-pep3_l15_s912739_mpnn16, skipping interface scoring
Base AF2 filters not passed for 6W1F-pep3_l15_s912739_mpnn17, skipping interface scoring
Base AF2 filters not passed for 6W1F-pep3_l15_s912739_mpnn18, skipping interface scoring
Base AF2 filters not passed for 6W1F-pep3_l15_s912739_mpnn19, skipping interface scoring
Base AF2 filters not passed for 6W1F-pep3_l15_s912739_mpnn20, skipping interface scoring
Base AF2 filters not passed for 6W1F-pep3_l15_s912739_mpnn21, skipping interface scoring
Base AF2 filters not passed for 6W1F-pep3_l15_s912739_mpnn22, skipping interface scoring
Base AF2 filters not passed for 6W1F-pep3_l15_s912739_mpnn23, skipping interface scoring
Base AF2 filters not passed for 6W1F-pep3_l15_s912739_mpnn24, skipping interface scoring
Base AF2 filters not passed for 6W1F-pep3_l15_s912739_mpnn25, skipping interface scoring
Base AF2 filters not passed for 6W1F-pep3_l15_s912739_mpnn26, skipping interface scoring
Base AF2 filters not passed for 6W1F-pep3_l15_s912739_mpnn27, skipping interface scoring
Base AF2 filters not passed for 6W1F-pep3_l15_s912739_mpnn28, skipping interface scoring
Base AF2 filters not passed for 6W1F-pep3_l15_s912739_mpnn29, skipping interface scoring
Base AF2 filters not passed for 6W1F-pep3_l15_s912739_mpnn30, skipping interface scoring
Base AF2 filters not passed for 6W1F-pep3_l15_s912739_mpnn31, skipping interface scoring
Base AF2 filters not passed for 6W1F-pep3_l15_s912739_mpnn32, skipping interface scoring
Base AF2 filters not passed for 6W1F-pep3_l15_s912739_mpnn33, skipping interface scoring
Base AF2 filters not passed for 6W1F-pep3_l15_s912739_mpnn34, skipping interface scoring
Base AF2 filters not passed for 6W1F-pep3_l15_s912739_mpnn35, skipping interface scoring
Base AF2 filters not passed for 6W1F-pep3_l15_s912739_mpnn36, skipping interface scoring
Base AF2 filters not passed for 6W1F-pep3_l15_s912739_mpnn37, skipping interface scoring
Base AF2 filters not passed for 6W1F-pep3_l15_s912739_mpnn38, skipping interface scoring
Base AF2 filters not passed for 6W1F-pep3_l15_s912739_mpnn39, skipping interface scoring
Base AF2 filters not passed for 6W1F-pep3_l15_s912739_mpnn40, skipping interface scoring
Base AF2 filters not passed for 6W1F-pep3_l15_s912739_mpnn41, skipping interface scoring
Base AF2 filters not passed for 6W1F-pep3_l15_s912739_mpnn42, skipping interface scoring
Base AF2 filters not passed for 6W1F-pep3_l15_s912739_mpnn43, skipping interface scoring
Base AF2 filters not passed for 6W1F-pep3_l15_s912739_mpnn44, skipping interface scoring
Base AF2 filters not passed for 6W1F-pep3_l15_s912739_mpnn45, skipping interface scoring
Found 1 MPNN designs passing filters

Design and validation of trajectory 6W1F-pep3_l15_s912739 took: 0 hours, 23 minutes, 37 seconds

Processing trajectory 6W1F-pep3_l17_s932589
Base AF2 filters not passed for 6W1F-pep3_l17_s932589_mpnn1, skipping interface scoring
Base AF2 filters not passed for 6W1F-pep3_l17_s932589_mpnn2, skipping interface scoring
Base AF2 filters not passed for 6W1F-pep3_l17_s932589_mpnn3, skipping interface scoring
Base AF2 filters not passed for 6W1F-pep3_l17_s932589_mpnn4, skipping interface scoring
Base AF2 filters not passed for 6W1F-pep3_l17_s932589_mpnn5, skipping interface scoring
Base AF2 filters not passed for 6W1F-pep3_l17_s932589_mpnn6, skipping interface scoring
Base AF2 filters not passed for 6W1F-pep3_l17_s932589_mpnn7, skipping interface scoring
Base AF2 filters not passed for 6W1F-pep3_l17_s932589_mpnn8, skipping interface scoring
Base AF2 filters not passed for 6W1F-pep3_l17_s932589_mpnn9, skipping interface scoring
Base AF2 filters not passed for 6W1F-pep3_l17_s932589_mpnn10, skipping interface scoring
Base AF2 filters not passed for 6W1F-pep3_l17_s932589_mpnn11, skipping interface scoring
Base AF2 filters not passed for 6W1F-pep3_l17_s932589_mpnn12, skipping interface scoring
Base AF2 filters not passed for 6W1F-pep3_l17_s932589_mpnn13, skipping interface scoring
Base AF2 filters not passed for 6W1F-pep3_l17_s932589_mpnn14, skipping interface scoring
Base AF2 filters not passed for 6W1F-pep3_l17_s932589_mpnn15, skipping interface scoring
Base AF2 filters not passed for 6W1F-pep3_l17_s932589_mpnn16, skipping interface scoring
Base AF2 filters not passed for 6W1F-pep3_l17_s932589_mpnn17, skipping interface scoring
Base AF2 filters not passed for 6W1F-pep3_l17_s932589_mpnn18, skipping interface scoring
Base AF2 filters not passed for 6W1F-pep3_l17_s932589_mpnn19, skipping interface scoring
Base AF2 filters not passed for 6W1F-pep3_l17_s932589_mpnn20, skipping interface scoring
Base AF2 filters not passed for 6W1F-pep3_l17_s932589_mpnn21, skipping interface scoring
Base AF2 filters not passed for 6W1F-pep3_l17_s932589_mpnn22, skipping interface scoring
Base AF2 filters not passed for 6W1F-pep3_l17_s932589_mpnn23, skipping interface scoring
Base AF2 filters not passed for 6W1F-pep3_l17_s932589_mpnn24, skipping interface scoring
Base AF2 filters not passed for 6W1F-pep3_l17_s932589_mpnn25, skipping interface scoring
Base AF2 filters not passed for 6W1F-pep3_l17_s932589_mpnn26, skipping interface scoring
Base AF2 filters not passed for 6W1F-pep3_l17_s932589_mpnn27, skipping interface scoring
Base AF2 filters not passed for 6W1F-pep3_l17_s932589_mpnn28, skipping interface scoring
Base AF2 filters not passed for 6W1F-pep3_l17_s932589_mpnn29, skipping interface scoring
Base AF2 filters not passed for 6W1F-pep3_l17_s932589_mpnn30, skipping interface scoring
Base AF2 filters not passed for 6W1F-pep3_l17_s932589_mpnn31, skipping interface scoring
Base AF2 filters not passed for 6W1F-pep3_l17_s932589_mpnn32, skipping interface scoring
Base AF2 filters not passed for 6W1F-pep3_l17_s932589_mpnn33, skipping interface scoring
Base AF2 filters not passed for 6W1F-pep3_l17_s932589_mpnn34, skipping interface scoring
Base AF2 filters not passed for 6W1F-pep3_l17_s932589_mpnn35, skipping interface scoring
Base AF2 filters not passed for 6W1F-pep3_l17_s932589_mpnn36, skipping interface scoring
Base AF2 filters not passed for 6W1F-pep3_l17_s932589_mpnn37, skipping interface scoring
Base AF2 filters not passed for 6W1F-pep3_l17_s932589_mpnn38, skipping interface scoring
Base AF2 filters not passed for 6W1F-pep3_l17_s932589_mpnn39, skipping interface scoring
Base AF2 filters not passed for 6W1F-pep3_l17_s932589_mpnn40, skipping interface scoring
Base AF2 filters not passed for 6W1F-pep3_l17_s932589_mpnn41, skipping interface scoring
Base AF2 filters not passed for 6W1F-pep3_l17_s932589_mpnn42, skipping interface scoring
Base AF2 filters not passed for 6W1F-pep3_l17_s932589_mpnn43, skipping interface scoring
Base AF2 filters not passed for 6W1F-pep3_l17_s932589_mpnn44, skipping interface scoring
Base AF2 filters not passed for 6W1F-pep3_l17_s932589_mpnn45, skipping interface scoring
Base AF2 filters not passed for 6W1F-pep3_l17_s932589_mpnn46, skipping interface scoring
Base AF2 filters not passed for 6W1F-pep3_l17_s932589_mpnn47, skipping interface scoring
No accepted MPNN designs found for this trajectory.

Design and validation of trajectory 6W1F-pep3_l17_s932589 took: 0 hours, 14 minutes, 54 seconds

Processing trajectory 6W1F-pep3_l15_s39893
Base AF2 filters not passed for 6W1F-pep3_l15_s39893_mpnn1, skipping interface scoring
Base AF2 filters not passed for 6W1F-pep3_l15_s39893_mpnn2, skipping interface scoring
Base AF2 filters not passed for 6W1F-pep3_l15_s39893_mpnn3, skipping interface scoring
Base AF2 filters not passed for 6W1F-pep3_l15_s39893_mpnn4, skipping interface scoring
Base AF2 filters not passed for 6W1F-pep3_l15_s39893_mpnn5, skipping interface scoring
Base AF2 filters not passed for 6W1F-pep3_l15_s39893_mpnn6, skipping interface scoring
Base AF2 filters not passed for 6W1F-pep3_l15_s39893_mpnn7, skipping interface scoring
Base AF2 filters not passed for 6W1F-pep3_l15_s39893_mpnn8, skipping interface scoring
Base AF2 filters not passed for 6W1F-pep3_l15_s39893_mpnn9, skipping interface scoring
Base AF2 filters not passed for 6W1F-pep3_l15_s39893_mpnn10, skipping interface scoring
Base AF2 filters not passed for 6W1F-pep3_l15_s39893_mpnn11, skipping interface scoring
Base AF2 filters not passed for 6W1F-pep3_l15_s39893_mpnn12, skipping interface scoring
Base AF2 filters not passed for 6W1F-pep3_l15_s39893_mpnn13, skipping interface scoring
Base AF2 filters not passed for 6W1F-pep3_l15_s39893_mpnn14, skipping interface scoring
Base AF2 filters not passed for 6W1F-pep3_l15_s39893_mpnn15, skipping interface scoring
Base AF2 filters not passed for 6W1F-pep3_l15_s39893_mpnn16, skipping interface scoring
Base AF2 filters not passed for 6W1F-pep3_l15_s39893_mpnn17, skipping interface scoring
Base AF2 filters not passed for 6W1F-pep3_l15_s39893_mpnn18, skipping interface scoring
Base AF2 filters not passed for 6W1F-pep3_l15_s39893_mpnn19, skipping interface scoring
Base AF2 filters not passed for 6W1F-pep3_l15_s39893_mpnn20, skipping interface scoring
Base AF2 filters not passed for 6W1F-pep3_l15_s39893_mpnn21, skipping interface scoring
Base AF2 filters not passed for 6W1F-pep3_l15_s39893_mpnn22, skipping interface scoring
Base AF2 filters not passed for 6W1F-pep3_l15_s39893_mpnn23, skipping interface scoring
Base AF2 filters not passed for 6W1F-pep3_l15_s39893_mpnn24, skipping interface scoring
No accepted MPNN designs found for this trajectory.

Design and validation of trajectory 6W1F-pep3_l15_s39893 took: 0 hours, 7 minutes, 50 seconds

Processing trajectory 6W1F-pep3_l17_s765636
Base AF2 filters not passed for 6W1F-pep3_l17_s765636_mpnn1, skipping interface scoring
Base AF2 filters not passed for 6W1F-pep3_l17_s765636_mpnn2, skipping interface scoring
Base AF2 filters not passed for 6W1F-pep3_l17_s765636_mpnn3, skipping interface scoring
Base AF2 filters not passed for 6W1F-pep3_l17_s765636_mpnn4, skipping interface scoring
Base AF2 filters not passed for 6W1F-pep3_l17_s765636_mpnn5, skipping interface scoring
Base AF2 filters not passed for 6W1F-pep3_l17_s765636_mpnn6, skipping interface scoring
Base AF2 filters not passed for 6W1F-pep3_l17_s765636_mpnn7, skipping interface scoring
Base AF2 filters not passed for 6W1F-pep3_l17_s765636_mpnn8, skipping interface scoring
Base AF2 filters not passed for 6W1F-pep3_l17_s765636_mpnn9, skipping interface scoring
Base AF2 filters not passed for 6W1F-pep3_l17_s765636_mpnn10, skipping interface scoring
Base AF2 filters not passed for 6W1F-pep3_l17_s765636_mpnn11, skipping interface scoring
Base AF2 filters not passed for 6W1F-pep3_l17_s765636_mpnn12, skipping interface scoring
Base AF2 filters not passed for 6W1F-pep3_l17_s765636_mpnn13, skipping interface scoring
Base AF2 filters not passed for 6W1F-pep3_l17_s765636_mpnn14, skipping interface scoring
Base AF2 filters not passed for 6W1F-pep3_l17_s765636_mpnn15, skipping interface scoring
Base AF2 filters not passed for 6W1F-pep3_l17_s765636_mpnn16, skipping interface scoring
Base AF2 filters not passed for 6W1F-pep3_l17_s765636_mpnn17, skipping interface scoring
Base AF2 filters not passed for 6W1F-pep3_l17_s765636_mpnn18, skipping interface scoring
Base AF2 filters not passed for 6W1F-pep3_l17_s765636_mpnn19, skipping interface scoring
Base AF2 filters not passed for 6W1F-pep3_l17_s765636_mpnn20, skipping interface scoring
Base AF2 filters not passed for 6W1F-pep3_l17_s765636_mpnn21, skipping interface scoring
Base AF2 filters not passed for 6W1F-pep3_l17_s765636_mpnn22, skipping interface scoring
Base AF2 filters not passed for 6W1F-pep3_l17_s765636_mpnn23, skipping interface scoring
Base AF2 filters not passed for 6W1F-pep3_l17_s765636_mpnn24, skipping interface scoring
Base AF2 filters not passed for 6W1F-pep3_l17_s765636_mpnn25, skipping interface scoring
Base AF2 filters not passed for 6W1F-pep3_l17_s765636_mpnn26, skipping interface scoring
Base AF2 filters not passed for 6W1F-pep3_l17_s765636_mpnn27, skipping interface scoring
Base AF2 filters not passed for 6W1F-pep3_l17_s765636_mpnn28, skipping interface scoring
Base AF2 filters not passed for 6W1F-pep3_l17_s765636_mpnn29, skipping interface scoring
Base AF2 filters not passed for 6W1F-pep3_l17_s765636_mpnn30, skipping interface scoring
Base AF2 filters not passed for 6W1F-pep3_l17_s765636_mpnn31, skipping interface scoring
Base AF2 filters not passed for 6W1F-pep3_l17_s765636_mpnn32, skipping interface scoring
Base AF2 filters not passed for 6W1F-pep3_l17_s765636_mpnn33, skipping interface scoring
Base AF2 filters not passed for 6W1F-pep3_l17_s765636_mpnn34, skipping interface scoring
Base AF2 filters not passed for 6W1F-pep3_l17_s765636_mpnn35, skipping interface scoring
Base AF2 filters not passed for 6W1F-pep3_l17_s765636_mpnn36, skipping interface scoring
Base AF2 filters not passed for 6W1F-pep3_l17_s765636_mpnn37, skipping interface scoring
Base AF2 filters not passed for 6W1F-pep3_l17_s765636_mpnn38, skipping interface scoring
Base AF2 filters not passed for 6W1F-pep3_l17_s765636_mpnn39, skipping interface scoring
Base AF2 filters not passed for 6W1F-pep3_l17_s765636_mpnn40, skipping interface scoring
Base AF2 filters not passed for 6W1F-pep3_l17_s765636_mpnn41, skipping interface scoring
Base AF2 filters not passed for 6W1F-pep3_l17_s765636_mpnn42, skipping interface scoring
Base AF2 filters not passed for 6W1F-pep3_l17_s765636_mpnn43, skipping interface scoring
Base AF2 filters not passed for 6W1F-pep3_l17_s765636_mpnn44, skipping interface scoring
Base AF2 filters not passed for 6W1F-pep3_l17_s765636_mpnn45, skipping interface scoring
Base AF2 filters not passed for 6W1F-pep3_l17_s765636_mpnn46, skipping interface scoring
Base AF2 filters not passed for 6W1F-pep3_l17_s765636_mpnn47, skipping interface scoring
Base AF2 filters not passed for 6W1F-pep3_l17_s765636_mpnn48, skipping interface scoring
Base AF2 filters not passed for 6W1F-pep3_l17_s765636_mpnn49, skipping interface scoring
Base AF2 filters not passed for 6W1F-pep3_l17_s765636_mpnn50, skipping interface scoring
No accepted MPNN designs found for this trajectory.

Design and validation of trajectory 6W1F-pep3_l17_s765636 took: 0 hours, 15 minutes, 49 seconds

Processing trajectory 6W1F-pep3_l14_s294834
Base AF2 filters not passed for 6W1F-pep3_l14_s294834_mpnn1, skipping interface scoring
Base AF2 filters not passed for 6W1F-pep3_l14_s294834_mpnn2, skipping interface scoring
Base AF2 filters not passed for 6W1F-pep3_l14_s294834_mpnn3, skipping interface scoring
Base AF2 filters not passed for 6W1F-pep3_l14_s294834_mpnn4, skipping interface scoring
Base AF2 filters not passed for 6W1F-pep3_l14_s294834_mpnn5, skipping interface scoring
Base AF2 filters not passed for 6W1F-pep3_l14_s294834_mpnn6, skipping interface scoring
Base AF2 filters not passed for 6W1F-pep3_l14_s294834_mpnn7, skipping interface scoring
Base AF2 filters not passed for 6W1F-pep3_l14_s294834_mpnn8, skipping interface scoring
Base AF2 filters not passed for 6W1F-pep3_l14_s294834_mpnn9, skipping interface scoring
Base AF2 filters not passed for 6W1F-pep3_l14_s294834_mpnn10, skipping interface scoring
Base AF2 filters not passed for 6W1F-pep3_l14_s294834_mpnn11, skipping interface scoring
Base AF2 filters not passed for 6W1F-pep3_l14_s294834_mpnn12, skipping interface scoring
Base AF2 filters not passed for 6W1F-pep3_l14_s294834_mpnn13, skipping interface scoring
Base AF2 filters not passed for 6W1F-pep3_l14_s294834_mpnn14, skipping interface scoring
Base AF2 filters not passed for 6W1F-pep3_l14_s294834_mpnn15, skipping interface scoring
Base AF2 filters not passed for 6W1F-pep3_l14_s294834_mpnn16, skipping interface scoring
Base AF2 filters not passed for 6W1F-pep3_l14_s294834_mpnn17, skipping interface scoring
Base AF2 filters not passed for 6W1F-pep3_l14_s294834_mpnn18, skipping interface scoring
Base AF2 filters not passed for 6W1F-pep3_l14_s294834_mpnn19, skipping interface scoring
Base AF2 filters not passed for 6W1F-pep3_l14_s294834_mpnn20, skipping interface scoring
Base AF2 filters not passed for 6W1F-pep3_l14_s294834_mpnn21, skipping interface scoring
Base AF2 filters not passed for 6W1F-pep3_l14_s294834_mpnn22, skipping interface scoring
Base AF2 filters not passed for 6W1F-pep3_l14_s294834_mpnn23, skipping interface scoring
Base AF2 filters not passed for 6W1F-pep3_l14_s294834_mpnn24, skipping interface scoring
Base AF2 filters not passed for 6W1F-pep3_l14_s294834_mpnn25, skipping interface scoring
Base AF2 filters not passed for 6W1F-pep3_l14_s294834_mpnn26, skipping interface scoring
Base AF2 filters not passed for 6W1F-pep3_l14_s294834_mpnn27, skipping interface scoring
Base AF2 filters not passed for 6W1F-pep3_l14_s294834_mpnn28, skipping interface scoring
Base AF2 filters not passed for 6W1F-pep3_l14_s294834_mpnn29, skipping interface scoring
Base AF2 filters not passed for 6W1F-pep3_l14_s294834_mpnn30, skipping interface scoring
Base AF2 filters not passed for 6W1F-pep3_l14_s294834_mpnn31, skipping interface scoring
Base AF2 filters not passed for 6W1F-pep3_l14_s294834_mpnn32, skipping interface scoring
Base AF2 filters not passed for 6W1F-pep3_l14_s294834_mpnn33, skipping interface scoring
Base AF2 filters not passed for 6W1F-pep3_l14_s294834_mpnn34, skipping interface scoring
Base AF2 filters not passed for 6W1F-pep3_l14_s294834_mpnn35, skipping interface scoring
Base AF2 filters not passed for 6W1F-pep3_l14_s294834_mpnn36, skipping interface scoring
Base AF2 filters not passed for 6W1F-pep3_l14_s294834_mpnn37, skipping interface scoring
Base AF2 filters not passed for 6W1F-pep3_l14_s294834_mpnn38, skipping interface scoring
Base AF2 filters not passed for 6W1F-pep3_l14_s294834_mpnn39, skipping interface scoring
Base AF2 filters not passed for 6W1F-pep3_l14_s294834_mpnn40, skipping interface scoring
Base AF2 filters not passed for 6W1F-pep3_l14_s294834_mpnn41, skipping interface scoring
Base AF2 filters not passed for 6W1F-pep3_l14_s294834_mpnn42, skipping interface scoring
Base AF2 filters not passed for 6W1F-pep3_l14_s294834_mpnn43, skipping interface scoring
Base AF2 filters not passed for 6W1F-pep3_l14_s294834_mpnn44, skipping interface scoring
Base AF2 filters not passed for 6W1F-pep3_l14_s294834_mpnn45, skipping interface scoring
Base AF2 filters not passed for 6W1F-pep3_l14_s294834_mpnn46, skipping interface scoring
Base AF2 filters not passed for 6W1F-pep3_l14_s294834_mpnn47, skipping interface scoring
Base AF2 filters not passed for 6W1F-pep3_l14_s294834_mpnn48, skipping interface scoring
Base AF2 filters not passed for 6W1F-pep3_l14_s294834_mpnn49, skipping interface scoring
No accepted MPNN designs found for this trajectory.

Design and validation of trajectory 6W1F-pep3_l14_s294834 took: 0 hours, 15 minutes, 18 seconds

Processing trajectory 6W1F-pep3_l14_s95733
Base AF2 filters not passed for 6W1F-pep3_l14_s95733_mpnn1, skipping interface scoring
Base AF2 filters not passed for 6W1F-pep3_l14_s95733_mpnn2, skipping interface scoring
Base AF2 filters not passed for 6W1F-pep3_l14_s95733_mpnn3, skipping interface scoring
Base AF2 filters not passed for 6W1F-pep3_l14_s95733_mpnn4, skipping interface scoring
Base AF2 filters not passed for 6W1F-pep3_l14_s95733_mpnn5, skipping interface scoring
Base AF2 filters not passed for 6W1F-pep3_l14_s95733_mpnn6, skipping interface scoring
Base AF2 filters not passed for 6W1F-pep3_l14_s95733_mpnn7, skipping interface scoring
Base AF2 filters not passed for 6W1F-pep3_l14_s95733_mpnn8, skipping interface scoring
Base AF2 filters not passed for 6W1F-pep3_l14_s95733_mpnn9, skipping interface scoring
Base AF2 filters not passed for 6W1F-pep3_l14_s95733_mpnn10, skipping interface scoring
Base AF2 filters not passed for 6W1F-pep3_l14_s95733_mpnn11, skipping interface scoring
Base AF2 filters not passed for 6W1F-pep3_l14_s95733_mpnn12, skipping interface scoring
Base AF2 filters not passed for 6W1F-pep3_l14_s95733_mpnn13, skipping interface scoring
Base AF2 filters not passed for 6W1F-pep3_l14_s95733_mpnn14, skipping interface scoring
Base AF2 filters not passed for 6W1F-pep3_l14_s95733_mpnn15, skipping interface scoring
Base AF2 filters not passed for 6W1F-pep3_l14_s95733_mpnn16, skipping interface scoring
Base AF2 filters not passed for 6W1F-pep3_l14_s95733_mpnn17, skipping interface scoring
Base AF2 filters not passed for 6W1F-pep3_l14_s95733_mpnn18, skipping interface scoring
Base AF2 filters not passed for 6W1F-pep3_l14_s95733_mpnn19, skipping interface scoring
Base AF2 filters not passed for 6W1F-pep3_l14_s95733_mpnn20, skipping interface scoring
Base AF2 filters not passed for 6W1F-pep3_l14_s95733_mpnn21, skipping interface scoring
Base AF2 filters not passed for 6W1F-pep3_l14_s95733_mpnn22, skipping interface scoring
Base AF2 filters not passed for 6W1F-pep3_l14_s95733_mpnn23, skipping interface scoring
Base AF2 filters not passed for 6W1F-pep3_l14_s95733_mpnn24, skipping interface scoring
Base AF2 filters not passed for 6W1F-pep3_l14_s95733_mpnn25, skipping interface scoring
Base AF2 filters not passed for 6W1F-pep3_l14_s95733_mpnn26, skipping interface scoring
Base AF2 filters not passed for 6W1F-pep3_l14_s95733_mpnn27, skipping interface scoring
Base AF2 filters not passed for 6W1F-pep3_l14_s95733_mpnn28, skipping interface scoring
Base AF2 filters not passed for 6W1F-pep3_l14_s95733_mpnn29, skipping interface scoring
Base AF2 filters not passed for 6W1F-pep3_l14_s95733_mpnn30, skipping interface scoring
Base AF2 filters not passed for 6W1F-pep3_l14_s95733_mpnn31, skipping interface scoring
Base AF2 filters not passed for 6W1F-pep3_l14_s95733_mpnn32, skipping interface scoring
Base AF2 filters not passed for 6W1F-pep3_l14_s95733_mpnn33, skipping interface scoring
Base AF2 filters not passed for 6W1F-pep3_l14_s95733_mpnn34, skipping interface scoring
Base AF2 filters not passed for 6W1F-pep3_l14_s95733_mpnn35, skipping interface scoring
Base AF2 filters not passed for 6W1F-pep3_l14_s95733_mpnn36, skipping interface scoring
Base AF2 filters not passed for 6W1F-pep3_l14_s95733_mpnn37, skipping interface scoring
No accepted MPNN designs found for this trajectory.

Design and validation of trajectory 6W1F-pep3_l14_s95733 took: 0 hours, 11 minutes, 44 seconds

Processing trajectory 6W1F-pep3_l14_s110330
Unmet filter conditions for 6W1F-pep3_l14_s110330_mpnn1
Unmet filter conditions for 6W1F-pep3_l14_s110330_mpnn2
Unmet filter conditions for 6W1F-pep3_l14_s110330_mpnn3
Base AF2 filters not passed for 6W1F-pep3_l14_s110330_mpnn4, skipping interface scoring
Unmet filter conditions for 6W1F-pep3_l14_s110330_mpnn5
Unmet filter conditions for 6W1F-pep3_l14_s110330_mpnn6
Unmet filter conditions for 6W1F-pep3_l14_s110330_mpnn7
Unmet filter conditions for 6W1F-pep3_l14_s110330_mpnn8
Unmet filter conditions for 6W1F-pep3_l14_s110330_mpnn9
Unmet filter conditions for 6W1F-pep3_l14_s110330_mpnn10
6W1F-pep3_l14_s110330_mpnn11 passed all filters
6W1F-pep3_l14_s110330_mpnn12 passed all filters
6W1F-pep3_l14_s110330_mpnn13 passed all filters
Unmet filter conditions for 6W1F-pep3_l14_s110330_mpnn14
6W1F-pep3_l14_s110330_mpnn15 passed all filters
6W1F-pep3_l14_s110330_mpnn16 passed all filters
6W1F-pep3_l14_s110330_mpnn17 passed all filters
Base AF2 filters not passed for 6W1F-pep3_l14_s110330_mpnn18, skipping interface scoring
Base AF2 filters not passed for 6W1F-pep3_l14_s110330_mpnn19, skipping interface scoring
6W1F-pep3_l14_s110330_mpnn20 passed all filters
Base AF2 filters not passed for 6W1F-pep3_l14_s110330_mpnn21, skipping interface scoring
6W1F-pep3_l14_s110330_mpnn22 passed all filters
Base AF2 filters not passed for 6W1F-pep3_l14_s110330_mpnn23, skipping interface scoring
6W1F-pep3_l14_s110330_mpnn24 passed all filters
Unmet filter conditions for 6W1F-pep3_l14_s110330_mpnn25
Base AF2 filters not passed for 6W1F-pep3_l14_s110330_mpnn26, skipping interface scoring
6W1F-pep3_l14_s110330_mpnn27 passed all filters
6W1F-pep3_l14_s110330_mpnn28 passed all filters
Base AF2 filters not passed for 6W1F-pep3_l14_s110330_mpnn29, skipping interface scoring
Unmet filter conditions for 6W1F-pep3_l14_s110330_mpnn30
Unmet filter conditions for 6W1F-pep3_l14_s110330_mpnn31
Unmet filter conditions for 6W1F-pep3_l14_s110330_mpnn32
Found 11 MPNN designs passing filters

Design and validation of trajectory 6W1F-pep3_l14_s110330 took: 2 hours, 39 minutes, 6 seconds

Processing trajectory 6W1F-pep3_l16_s417141
Base AF2 filters not passed for 6W1F-pep3_l16_s417141_mpnn1, skipping interface scoring
Base AF2 filters not passed for 6W1F-pep3_l16_s417141_mpnn2, skipping interface scoring
Base AF2 filters not passed for 6W1F-pep3_l16_s417141_mpnn3, skipping interface scoring
Base AF2 filters not passed for 6W1F-pep3_l16_s417141_mpnn4, skipping interface scoring
Base AF2 filters not passed for 6W1F-pep3_l16_s417141_mpnn5, skipping interface scoring
Base AF2 filters not passed for 6W1F-pep3_l16_s417141_mpnn6, skipping interface scoring
Base AF2 filters not passed for 6W1F-pep3_l16_s417141_mpnn7, skipping interface scoring
Base AF2 filters not passed for 6W1F-pep3_l16_s417141_mpnn8, skipping interface scoring
Base AF2 filters not passed for 6W1F-pep3_l16_s417141_mpnn9, skipping interface scoring
Base AF2 filters not passed for 6W1F-pep3_l16_s417141_mpnn10, skipping interface scoring
Base AF2 filters not passed for 6W1F-pep3_l16_s417141_mpnn11, skipping interface scoring
Base AF2 filters not passed for 6W1F-pep3_l16_s417141_mpnn12, skipping interface scoring
Base AF2 filters not passed for 6W1F-pep3_l16_s417141_mpnn13, skipping interface scoring
Base AF2 filters not passed for 6W1F-pep3_l16_s417141_mpnn14, skipping interface scoring
Base AF2 filters not passed for 6W1F-pep3_l16_s417141_mpnn15, skipping interface scoring
Base AF2 filters not passed for 6W1F-pep3_l16_s417141_mpnn16, skipping interface scoring
Base AF2 filters not passed for 6W1F-pep3_l16_s417141_mpnn17, skipping interface scoring
Base AF2 filters not passed for 6W1F-pep3_l16_s417141_mpnn18, skipping interface scoring
Base AF2 filters not passed for 6W1F-pep3_l16_s417141_mpnn19, skipping interface scoring
Base AF2 filters not passed for 6W1F-pep3_l16_s417141_mpnn20, skipping interface scoring
Base AF2 filters not passed for 6W1F-pep3_l16_s417141_mpnn21, skipping interface scoring
Base AF2 filters not passed for 6W1F-pep3_l16_s417141_mpnn22, skipping interface scoring
Base AF2 filters not passed for 6W1F-pep3_l16_s417141_mpnn23, skipping interface scoring
Base AF2 filters not passed for 6W1F-pep3_l16_s417141_mpnn24, skipping interface scoring
Base AF2 filters not passed for 6W1F-pep3_l16_s417141_mpnn25, skipping interface scoring
Base AF2 filters not passed for 6W1F-pep3_l16_s417141_mpnn26, skipping interface scoring
Base AF2 filters not passed for 6W1F-pep3_l16_s417141_mpnn27, skipping interface scoring
Base AF2 filters not passed for 6W1F-pep3_l16_s417141_mpnn28, skipping interface scoring
Base AF2 filters not passed for 6W1F-pep3_l16_s417141_mpnn29, skipping interface scoring
Base AF2 filters not passed for 6W1F-pep3_l16_s417141_mpnn30, skipping interface scoring
Base AF2 filters not passed for 6W1F-pep3_l16_s417141_mpnn31, skipping interface scoring
Base AF2 filters not passed for 6W1F-pep3_l16_s417141_mpnn32, skipping interface scoring
Base AF2 filters not passed for 6W1F-pep3_l16_s417141_mpnn33, skipping interface scoring
Base AF2 filters not passed for 6W1F-pep3_l16_s417141_mpnn34, skipping interface scoring
Base AF2 filters not passed for 6W1F-pep3_l16_s417141_mpnn35, skipping interface scoring
Base AF2 filters not passed for 6W1F-pep3_l16_s417141_mpnn36, skipping interface scoring
Base AF2 filters not passed for 6W1F-pep3_l16_s417141_mpnn37, skipping interface scoring
Base AF2 filters not passed for 6W1F-pep3_l16_s417141_mpnn38, skipping interface scoring
Base AF2 filters not passed for 6W1F-pep3_l16_s417141_mpnn39, skipping interface scoring
Base AF2 filters not passed for 6W1F-pep3_l16_s417141_mpnn40, skipping interface scoring
No accepted MPNN designs found for this trajectory.

Design and validation of trajectory 6W1F-pep3_l16_s417141 took: 0 hours, 12 minutes, 0 seconds

Processing trajectory 6W1F-pep3_l16_s287009
Base AF2 filters not passed for 6W1F-pep3_l16_s287009_mpnn1, skipping interface scoring
Base AF2 filters not passed for 6W1F-pep3_l16_s287009_mpnn2, skipping interface scoring
Base AF2 filters not passed for 6W1F-pep3_l16_s287009_mpnn3, skipping interface scoring
Base AF2 filters not passed for 6W1F-pep3_l16_s287009_mpnn4, skipping interface scoring
Base AF2 filters not passed for 6W1F-pep3_l16_s287009_mpnn5, skipping interface scoring
Base AF2 filters not passed for 6W1F-pep3_l16_s287009_mpnn6, skipping interface scoring
Base AF2 filters not passed for 6W1F-pep3_l16_s287009_mpnn7, skipping interface scoring
Base AF2 filters not passed for 6W1F-pep3_l16_s287009_mpnn8, skipping interface scoring
Base AF2 filters not passed for 6W1F-pep3_l16_s287009_mpnn9, skipping interface scoring
Base AF2 filters not passed for 6W1F-pep3_l16_s287009_mpnn10, skipping interface scoring
Base AF2 filters not passed for 6W1F-pep3_l16_s287009_mpnn11, skipping interface scoring
Base AF2 filters not passed for 6W1F-pep3_l16_s287009_mpnn12, skipping interface scoring
Base AF2 filters not passed for 6W1F-pep3_l16_s287009_mpnn13, skipping interface scoring
Base AF2 filters not passed for 6W1F-pep3_l16_s287009_mpnn14, skipping interface scoring
Base AF2 filters not passed for 6W1F-pep3_l16_s287009_mpnn15, skipping interface scoring
Base AF2 filters not passed for 6W1F-pep3_l16_s287009_mpnn16, skipping interface scoring
Base AF2 filters not passed for 6W1F-pep3_l16_s287009_mpnn17, skipping interface scoring
Base AF2 filters not passed for 6W1F-pep3_l16_s287009_mpnn18, skipping interface scoring
Base AF2 filters not passed for 6W1F-pep3_l16_s287009_mpnn19, skipping interface scoring
Base AF2 filters not passed for 6W1F-pep3_l16_s287009_mpnn20, skipping interface scoring
Base AF2 filters not passed for 6W1F-pep3_l16_s287009_mpnn21, skipping interface scoring
Base AF2 filters not passed for 6W1F-pep3_l16_s287009_mpnn22, skipping interface scoring
Base AF2 filters not passed for 6W1F-pep3_l16_s287009_mpnn23, skipping interface scoring
Base AF2 filters not passed for 6W1F-pep3_l16_s287009_mpnn24, skipping interface scoring
Base AF2 filters not passed for 6W1F-pep3_l16_s287009_mpnn25, skipping interface scoring
Base AF2 filters not passed for 6W1F-pep3_l16_s287009_mpnn26, skipping interface scoring
Base AF2 filters not passed for 6W1F-pep3_l16_s287009_mpnn27, skipping interface scoring
Base AF2 filters not passed for 6W1F-pep3_l16_s287009_mpnn28, skipping interface scoring
Base AF2 filters not passed for 6W1F-pep3_l16_s287009_mpnn29, skipping interface scoring
Base AF2 filters not passed for 6W1F-pep3_l16_s287009_mpnn30, skipping interface scoring
Base AF2 filters not passed for 6W1F-pep3_l16_s287009_mpnn31, skipping interface scoring
Base AF2 filters not passed for 6W1F-pep3_l16_s287009_mpnn32, skipping interface scoring
Base AF2 filters not passed for 6W1F-pep3_l16_s287009_mpnn33, skipping interface scoring
Base AF2 filters not passed for 6W1F-pep3_l16_s287009_mpnn34, skipping interface scoring
Base AF2 filters not passed for 6W1F-pep3_l16_s287009_mpnn35, skipping interface scoring
Base AF2 filters not passed for 6W1F-pep3_l16_s287009_mpnn36, skipping interface scoring
Base AF2 filters not passed for 6W1F-pep3_l16_s287009_mpnn37, skipping interface scoring
No accepted MPNN designs found for this trajectory.

Design and validation of trajectory 6W1F-pep3_l16_s287009 took: 0 hours, 11 minutes, 8 seconds

Processing trajectory 6W1F-pep3_l17_s997335
Base AF2 filters not passed for 6W1F-pep3_l17_s997335_mpnn1, skipping interface scoring
Base AF2 filters not passed for 6W1F-pep3_l17_s997335_mpnn2, skipping interface scoring
Base AF2 filters not passed for 6W1F-pep3_l17_s997335_mpnn3, skipping interface scoring
Base AF2 filters not passed for 6W1F-pep3_l17_s997335_mpnn4, skipping interface scoring
Base AF2 filters not passed for 6W1F-pep3_l17_s997335_mpnn5, skipping interface scoring
Base AF2 filters not passed for 6W1F-pep3_l17_s997335_mpnn6, skipping interface scoring
Base AF2 filters not passed for 6W1F-pep3_l17_s997335_mpnn7, skipping interface scoring
Base AF2 filters not passed for 6W1F-pep3_l17_s997335_mpnn8, skipping interface scoring
Base AF2 filters not passed for 6W1F-pep3_l17_s997335_mpnn9, skipping interface scoring
Base AF2 filters not passed for 6W1F-pep3_l17_s997335_mpnn10, skipping interface scoring
Base AF2 filters not passed for 6W1F-pep3_l17_s997335_mpnn11, skipping interface scoring
Base AF2 filters not passed for 6W1F-pep3_l17_s997335_mpnn12, skipping interface scoring
Base AF2 filters not passed for 6W1F-pep3_l17_s997335_mpnn13, skipping interface scoring
Base AF2 filters not passed for 6W1F-pep3_l17_s997335_mpnn14, skipping interface scoring
Base AF2 filters not passed for 6W1F-pep3_l17_s997335_mpnn15, skipping interface scoring
Base AF2 filters not passed for 6W1F-pep3_l17_s997335_mpnn16, skipping interface scoring
Base AF2 filters not passed for 6W1F-pep3_l17_s997335_mpnn17, skipping interface scoring
Base AF2 filters not passed for 6W1F-pep3_l17_s997335_mpnn18, skipping interface scoring
Base AF2 filters not passed for 6W1F-pep3_l17_s997335_mpnn19, skipping interface scoring
Base AF2 filters not passed for 6W1F-pep3_l17_s997335_mpnn20, skipping interface scoring
Base AF2 filters not passed for 6W1F-pep3_l17_s997335_mpnn21, skipping interface scoring
Base AF2 filters not passed for 6W1F-pep3_l17_s997335_mpnn22, skipping interface scoring
Base AF2 filters not passed for 6W1F-pep3_l17_s997335_mpnn23, skipping interface scoring
Base AF2 filters not passed for 6W1F-pep3_l17_s997335_mpnn24, skipping interface scoring
Base AF2 filters not passed for 6W1F-pep3_l17_s997335_mpnn25, skipping interface scoring
Base AF2 filters not passed for 6W1F-pep3_l17_s997335_mpnn26, skipping interface scoring
Base AF2 filters not passed for 6W1F-pep3_l17_s997335_mpnn27, skipping interface scoring
Base AF2 filters not passed for 6W1F-pep3_l17_s997335_mpnn28, skipping interface scoring
Base AF2 filters not passed for 6W1F-pep3_l17_s997335_mpnn29, skipping interface scoring
Base AF2 filters not passed for 6W1F-pep3_l17_s997335_mpnn30, skipping interface scoring
Base AF2 filters not passed for 6W1F-pep3_l17_s997335_mpnn31, skipping interface scoring
Base AF2 filters not passed for 6W1F-pep3_l17_s997335_mpnn32, skipping interface scoring
Base AF2 filters not passed for 6W1F-pep3_l17_s997335_mpnn33, skipping interface scoring
Base AF2 filters not passed for 6W1F-pep3_l17_s997335_mpnn34, skipping interface scoring
Base AF2 filters not passed for 6W1F-pep3_l17_s997335_mpnn35, skipping interface scoring
Base AF2 filters not passed for 6W1F-pep3_l17_s997335_mpnn36, skipping interface scoring
Base AF2 filters not passed for 6W1F-pep3_l17_s997335_mpnn37, skipping interface scoring
Base AF2 filters not passed for 6W1F-pep3_l17_s997335_mpnn38, skipping interface scoring
Base AF2 filters not passed for 6W1F-pep3_l17_s997335_mpnn39, skipping interface scoring
Base AF2 filters not passed for 6W1F-pep3_l17_s997335_mpnn40, skipping interface scoring
Base AF2 filters not passed for 6W1F-pep3_l17_s997335_mpnn41, skipping interface scoring
Base AF2 filters not passed for 6W1F-pep3_l17_s997335_mpnn42, skipping interface scoring
Base AF2 filters not passed for 6W1F-pep3_l17_s997335_mpnn43, skipping interface scoring
Base AF2 filters not passed for 6W1F-pep3_l17_s997335_mpnn44, skipping interface scoring
Base AF2 filters not passed for 6W1F-pep3_l17_s997335_mpnn45, skipping interface scoring
Base AF2 filters not passed for 6W1F-pep3_l17_s997335_mpnn46, skipping interface scoring
Base AF2 filters not passed for 6W1F-pep3_l17_s997335_mpnn47, skipping interface scoring
Base AF2 filters not passed for 6W1F-pep3_l17_s997335_mpnn48, skipping interface scoring
Base AF2 filters not passed for 6W1F-pep3_l17_s997335_mpnn49, skipping interface scoring
No accepted MPNN designs found for this trajectory.

Design and validation of trajectory 6W1F-pep3_l17_s997335 took: 0 hours, 15 minutes, 32 seconds

Processing trajectory 6W1F-pep3_l15_s954341
Base AF2 filters not passed for 6W1F-pep3_l15_s954341_mpnn1, skipping interface scoring
Base AF2 filters not passed for 6W1F-pep3_l15_s954341_mpnn2, skipping interface scoring
Base AF2 filters not passed for 6W1F-pep3_l15_s954341_mpnn3, skipping interface scoring
Base AF2 filters not passed for 6W1F-pep3_l15_s954341_mpnn4, skipping interface scoring
Base AF2 filters not passed for 6W1F-pep3_l15_s954341_mpnn5, skipping interface scoring
Base AF2 filters not passed for 6W1F-pep3_l15_s954341_mpnn6, skipping interface scoring
Base AF2 filters not passed for 6W1F-pep3_l15_s954341_mpnn7, skipping interface scoring
Base AF2 filters not passed for 6W1F-pep3_l15_s954341_mpnn8, skipping interface scoring
Base AF2 filters not passed for 6W1F-pep3_l15_s954341_mpnn9, skipping interface scoring
Base AF2 filters not passed for 6W1F-pep3_l15_s954341_mpnn10, skipping interface scoring
Base AF2 filters not passed for 6W1F-pep3_l15_s954341_mpnn11, skipping interface scoring
Base AF2 filters not passed for 6W1F-pep3_l15_s954341_mpnn12, skipping interface scoring
Base AF2 filters not passed for 6W1F-pep3_l15_s954341_mpnn13, skipping interface scoring
Base AF2 filters not passed for 6W1F-pep3_l15_s954341_mpnn14, skipping interface scoring
Base AF2 filters not passed for 6W1F-pep3_l15_s954341_mpnn15, skipping interface scoring
Base AF2 filters not passed for 6W1F-pep3_l15_s954341_mpnn16, skipping interface scoring
Base AF2 filters not passed for 6W1F-pep3_l15_s954341_mpnn17, skipping interface scoring
Base AF2 filters not passed for 6W1F-pep3_l15_s954341_mpnn18, skipping interface scoring
Base AF2 filters not passed for 6W1F-pep3_l15_s954341_mpnn19, skipping interface scoring
Base AF2 filters not passed for 6W1F-pep3_l15_s954341_mpnn20, skipping interface scoring
Base AF2 filters not passed for 6W1F-pep3_l15_s954341_mpnn21, skipping interface scoring
Base AF2 filters not passed for 6W1F-pep3_l15_s954341_mpnn22, skipping interface scoring
Base AF2 filters not passed for 6W1F-pep3_l15_s954341_mpnn23, skipping interface scoring
Base AF2 filters not passed for 6W1F-pep3_l15_s954341_mpnn24, skipping interface scoring
Base AF2 filters not passed for 6W1F-pep3_l15_s954341_mpnn25, skipping interface scoring
Base AF2 filters not passed for 6W1F-pep3_l15_s954341_mpnn26, skipping interface scoring
Base AF2 filters not passed for 6W1F-pep3_l15_s954341_mpnn27, skipping interface scoring
Base AF2 filters not passed for 6W1F-pep3_l15_s954341_mpnn28, skipping interface scoring
Base AF2 filters not passed for 6W1F-pep3_l15_s954341_mpnn29, skipping interface scoring
Base AF2 filters not passed for 6W1F-pep3_l15_s954341_mpnn30, skipping interface scoring
Base AF2 filters not passed for 6W1F-pep3_l15_s954341_mpnn31, skipping interface scoring
Base AF2 filters not passed for 6W1F-pep3_l15_s954341_mpnn32, skipping interface scoring
Base AF2 filters not passed for 6W1F-pep3_l15_s954341_mpnn33, skipping interface scoring
Base AF2 filters not passed for 6W1F-pep3_l15_s954341_mpnn34, skipping interface scoring
Base AF2 filters not passed for 6W1F-pep3_l15_s954341_mpnn35, skipping interface scoring
Base AF2 filters not passed for 6W1F-pep3_l15_s954341_mpnn36, skipping interface scoring
Base AF2 filters not passed for 6W1F-pep3_l15_s954341_mpnn37, skipping interface scoring
Base AF2 filters not passed for 6W1F-pep3_l15_s954341_mpnn38, skipping interface scoring
Base AF2 filters not passed for 6W1F-pep3_l15_s954341_mpnn39, skipping interface scoring
Base AF2 filters not passed for 6W1F-pep3_l15_s954341_mpnn40, skipping interface scoring
Base AF2 filters not passed for 6W1F-pep3_l15_s954341_mpnn41, skipping interface scoring
Base AF2 filters not passed for 6W1F-pep3_l15_s954341_mpnn42, skipping interface scoring
Base AF2 filters not passed for 6W1F-pep3_l15_s954341_mpnn43, skipping interface scoring
Base AF2 filters not passed for 6W1F-pep3_l15_s954341_mpnn44, skipping interface scoring
Base AF2 filters not passed for 6W1F-pep3_l15_s954341_mpnn45, skipping interface scoring
No accepted MPNN designs found for this trajectory.

Design and validation of trajectory 6W1F-pep3_l15_s954341 took: 0 hours, 14 minutes, 41 seconds

Processing trajectory 6W1F-pep3_l14_s483893
Base AF2 filters not passed for 6W1F-pep3_l14_s483893_mpnn1, skipping interface scoring
Base AF2 filters not passed for 6W1F-pep3_l14_s483893_mpnn2, skipping interface scoring
Base AF2 filters not passed for 6W1F-pep3_l14_s483893_mpnn3, skipping interface scoring
Base AF2 filters not passed for 6W1F-pep3_l14_s483893_mpnn4, skipping interface scoring
Base AF2 filters not passed for 6W1F-pep3_l14_s483893_mpnn5, skipping interface scoring
Base AF2 filters not passed for 6W1F-pep3_l14_s483893_mpnn6, skipping interface scoring
Base AF2 filters not passed for 6W1F-pep3_l14_s483893_mpnn7, skipping interface scoring
Base AF2 filters not passed for 6W1F-pep3_l14_s483893_mpnn8, skipping interface scoring
Base AF2 filters not passed for 6W1F-pep3_l14_s483893_mpnn9, skipping interface scoring
Base AF2 filters not passed for 6W1F-pep3_l14_s483893_mpnn10, skipping interface scoring
Base AF2 filters not passed for 6W1F-pep3_l14_s483893_mpnn11, skipping interface scoring
Base AF2 filters not passed for 6W1F-pep3_l14_s483893_mpnn12, skipping interface scoring
Base AF2 filters not passed for 6W1F-pep3_l14_s483893_mpnn13, skipping interface scoring
Base AF2 filters not passed for 6W1F-pep3_l14_s483893_mpnn14, skipping interface scoring
Base AF2 filters not passed for 6W1F-pep3_l14_s483893_mpnn15, skipping interface scoring
Base AF2 filters not passed for 6W1F-pep3_l14_s483893_mpnn16, skipping interface scoring
Base AF2 filters not passed for 6W1F-pep3_l14_s483893_mpnn17, skipping interface scoring
Base AF2 filters not passed for 6W1F-pep3_l14_s483893_mpnn18, skipping interface scoring
Base AF2 filters not passed for 6W1F-pep3_l14_s483893_mpnn19, skipping interface scoring
Base AF2 filters not passed for 6W1F-pep3_l14_s483893_mpnn20, skipping interface scoring
Base AF2 filters not passed for 6W1F-pep3_l14_s483893_mpnn21, skipping interface scoring
Base AF2 filters not passed for 6W1F-pep3_l14_s483893_mpnn22, skipping interface scoring
Base AF2 filters not passed for 6W1F-pep3_l14_s483893_mpnn23, skipping interface scoring
Base AF2 filters not passed for 6W1F-pep3_l14_s483893_mpnn24, skipping interface scoring
Base AF2 filters not passed for 6W1F-pep3_l14_s483893_mpnn25, skipping interface scoring
Base AF2 filters not passed for 6W1F-pep3_l14_s483893_mpnn26, skipping interface scoring
Base AF2 filters not passed for 6W1F-pep3_l14_s483893_mpnn27, skipping interface scoring
Base AF2 filters not passed for 6W1F-pep3_l14_s483893_mpnn28, skipping interface scoring
Base AF2 filters not passed for 6W1F-pep3_l14_s483893_mpnn29, skipping interface scoring
Base AF2 filters not passed for 6W1F-pep3_l14_s483893_mpnn30, skipping interface scoring
Base AF2 filters not passed for 6W1F-pep3_l14_s483893_mpnn31, skipping interface scoring
Base AF2 filters not passed for 6W1F-pep3_l14_s483893_mpnn32, skipping interface scoring
Base AF2 filters not passed for 6W1F-pep3_l14_s483893_mpnn33, skipping interface scoring
Base AF2 filters not passed for 6W1F-pep3_l14_s483893_mpnn34, skipping interface scoring
Base AF2 filters not passed for 6W1F-pep3_l14_s483893_mpnn35, skipping interface scoring
Base AF2 filters not passed for 6W1F-pep3_l14_s483893_mpnn36, skipping interface scoring
Base AF2 filters not passed for 6W1F-pep3_l14_s483893_mpnn37, skipping interface scoring
Base AF2 filters not passed for 6W1F-pep3_l14_s483893_mpnn38, skipping interface scoring
Base AF2 filters not passed for 6W1F-pep3_l14_s483893_mpnn39, skipping interface scoring
Base AF2 filters not passed for 6W1F-pep3_l14_s483893_mpnn40, skipping interface scoring
No accepted MPNN designs found for this trajectory.

Design and validation of trajectory 6W1F-pep3_l14_s483893 took: 0 hours, 12 minutes, 40 seconds

Processing trajectory 6W1F-pep3_l16_s723070
Base AF2 filters not passed for 6W1F-pep3_l16_s723070_mpnn1, skipping interface scoring
Base AF2 filters not passed for 6W1F-pep3_l16_s723070_mpnn2, skipping interface scoring
Base AF2 filters not passed for 6W1F-pep3_l16_s723070_mpnn3, skipping interface scoring
Base AF2 filters not passed for 6W1F-pep3_l16_s723070_mpnn4, skipping interface scoring
Base AF2 filters not passed for 6W1F-pep3_l16_s723070_mpnn5, skipping interface scoring
Base AF2 filters not passed for 6W1F-pep3_l16_s723070_mpnn6, skipping interface scoring
Base AF2 filters not passed for 6W1F-pep3_l16_s723070_mpnn7, skipping interface scoring
Base AF2 filters not passed for 6W1F-pep3_l16_s723070_mpnn8, skipping interface scoring
Base AF2 filters not passed for 6W1F-pep3_l16_s723070_mpnn9, skipping interface scoring
Base AF2 filters not passed for 6W1F-pep3_l16_s723070_mpnn10, skipping interface scoring
Base AF2 filters not passed for 6W1F-pep3_l16_s723070_mpnn11, skipping interface scoring
Base AF2 filters not passed for 6W1F-pep3_l16_s723070_mpnn12, skipping interface scoring
Base AF2 filters not passed for 6W1F-pep3_l16_s723070_mpnn13, skipping interface scoring
Base AF2 filters not passed for 6W1F-pep3_l16_s723070_mpnn14, skipping interface scoring
Base AF2 filters not passed for 6W1F-pep3_l16_s723070_mpnn15, skipping interface scoring
Base AF2 filters not passed for 6W1F-pep3_l16_s723070_mpnn16, skipping interface scoring
Base AF2 filters not passed for 6W1F-pep3_l16_s723070_mpnn17, skipping interface scoring
Base AF2 filters not passed for 6W1F-pep3_l16_s723070_mpnn18, skipping interface scoring
Base AF2 filters not passed for 6W1F-pep3_l16_s723070_mpnn19, skipping interface scoring
Base AF2 filters not passed for 6W1F-pep3_l16_s723070_mpnn20, skipping interface scoring
Base AF2 filters not passed for 6W1F-pep3_l16_s723070_mpnn21, skipping interface scoring
Base AF2 filters not passed for 6W1F-pep3_l16_s723070_mpnn22, skipping interface scoring
Base AF2 filters not passed for 6W1F-pep3_l16_s723070_mpnn23, skipping interface scoring
Base AF2 filters not passed for 6W1F-pep3_l16_s723070_mpnn24, skipping interface scoring
Base AF2 filters not passed for 6W1F-pep3_l16_s723070_mpnn25, skipping interface scoring
Base AF2 filters not passed for 6W1F-pep3_l16_s723070_mpnn26, skipping interface scoring
Base AF2 filters not passed for 6W1F-pep3_l16_s723070_mpnn27, skipping interface scoring
Base AF2 filters not passed for 6W1F-pep3_l16_s723070_mpnn28, skipping interface scoring
Base AF2 filters not passed for 6W1F-pep3_l16_s723070_mpnn29, skipping interface scoring
Base AF2 filters not passed for 6W1F-pep3_l16_s723070_mpnn30, skipping interface scoring
Base AF2 filters not passed for 6W1F-pep3_l16_s723070_mpnn31, skipping interface scoring
Base AF2 filters not passed for 6W1F-pep3_l16_s723070_mpnn32, skipping interface scoring
Base AF2 filters not passed for 6W1F-pep3_l16_s723070_mpnn33, skipping interface scoring
Base AF2 filters not passed for 6W1F-pep3_l16_s723070_mpnn34, skipping interface scoring
Base AF2 filters not passed for 6W1F-pep3_l16_s723070_mpnn35, skipping interface scoring
Base AF2 filters not passed for 6W1F-pep3_l16_s723070_mpnn36, skipping interface scoring
Base AF2 filters not passed for 6W1F-pep3_l16_s723070_mpnn37, skipping interface scoring
Base AF2 filters not passed for 6W1F-pep3_l16_s723070_mpnn38, skipping interface scoring
Base AF2 filters not passed for 6W1F-pep3_l16_s723070_mpnn39, skipping interface scoring
Base AF2 filters not passed for 6W1F-pep3_l16_s723070_mpnn40, skipping interface scoring
Base AF2 filters not passed for 6W1F-pep3_l16_s723070_mpnn41, skipping interface scoring
No accepted MPNN designs found for this trajectory.

Design and validation of trajectory 6W1F-pep3_l16_s723070 took: 0 hours, 15 minutes, 5 seconds

Processing trajectory 6W1F-pep3_l15_s712910
Base AF2 filters not passed for 6W1F-pep3_l15_s712910_mpnn1, skipping interface scoring
Base AF2 filters not passed for 6W1F-pep3_l15_s712910_mpnn2, skipping interface scoring
Base AF2 filters not passed for 6W1F-pep3_l15_s712910_mpnn3, skipping interface scoring
Base AF2 filters not passed for 6W1F-pep3_l15_s712910_mpnn4, skipping interface scoring
Base AF2 filters not passed for 6W1F-pep3_l15_s712910_mpnn5, skipping interface scoring
Base AF2 filters not passed for 6W1F-pep3_l15_s712910_mpnn6, skipping interface scoring
Base AF2 filters not passed for 6W1F-pep3_l15_s712910_mpnn7, skipping interface scoring
Base AF2 filters not passed for 6W1F-pep3_l15_s712910_mpnn8, skipping interface scoring
Base AF2 filters not passed for 6W1F-pep3_l15_s712910_mpnn9, skipping interface scoring
Base AF2 filters not passed for 6W1F-pep3_l15_s712910_mpnn10, skipping interface scoring
Base AF2 filters not passed for 6W1F-pep3_l15_s712910_mpnn11, skipping interface scoring
Base AF2 filters not passed for 6W1F-pep3_l15_s712910_mpnn12, skipping interface scoring
Base AF2 filters not passed for 6W1F-pep3_l15_s712910_mpnn13, skipping interface scoring
Base AF2 filters not passed for 6W1F-pep3_l15_s712910_mpnn14, skipping interface scoring
Base AF2 filters not passed for 6W1F-pep3_l15_s712910_mpnn15, skipping interface scoring
Base AF2 filters not passed for 6W1F-pep3_l15_s712910_mpnn16, skipping interface scoring
Base AF2 filters not passed for 6W1F-pep3_l15_s712910_mpnn17, skipping interface scoring
Base AF2 filters not passed for 6W1F-pep3_l15_s712910_mpnn18, skipping interface scoring
Base AF2 filters not passed for 6W1F-pep3_l15_s712910_mpnn19, skipping interface scoring
Base AF2 filters not passed for 6W1F-pep3_l15_s712910_mpnn20, skipping interface scoring
Base AF2 filters not passed for 6W1F-pep3_l15_s712910_mpnn21, skipping interface scoring
Base AF2 filters not passed for 6W1F-pep3_l15_s712910_mpnn22, skipping interface scoring
Base AF2 filters not passed for 6W1F-pep3_l15_s712910_mpnn23, skipping interface scoring
Base AF2 filters not passed for 6W1F-pep3_l15_s712910_mpnn24, skipping interface scoring
Base AF2 filters not passed for 6W1F-pep3_l15_s712910_mpnn25, skipping interface scoring
Base AF2 filters not passed for 6W1F-pep3_l15_s712910_mpnn26, skipping interface scoring
Base AF2 filters not passed for 6W1F-pep3_l15_s712910_mpnn27, skipping interface scoring
Base AF2 filters not passed for 6W1F-pep3_l15_s712910_mpnn28, skipping interface scoring
Base AF2 filters not passed for 6W1F-pep3_l15_s712910_mpnn29, skipping interface scoring
Base AF2 filters not passed for 6W1F-pep3_l15_s712910_mpnn30, skipping interface scoring
Base AF2 filters not passed for 6W1F-pep3_l15_s712910_mpnn31, skipping interface scoring
Base AF2 filters not passed for 6W1F-pep3_l15_s712910_mpnn32, skipping interface scoring
Base AF2 filters not passed for 6W1F-pep3_l15_s712910_mpnn33, skipping interface scoring
Base AF2 filters not passed for 6W1F-pep3_l15_s712910_mpnn34, skipping interface scoring
Base AF2 filters not passed for 6W1F-pep3_l15_s712910_mpnn35, skipping interface scoring
Base AF2 filters not passed for 6W1F-pep3_l15_s712910_mpnn36, skipping interface scoring
No accepted MPNN designs found for this trajectory.

Design and validation of trajectory 6W1F-pep3_l15_s712910 took: 0 hours, 11 minutes, 25 seconds

Processing trajectory 6W1F-pep3_l13_s804280
Base AF2 filters not passed for 6W1F-pep3_l13_s804280_mpnn1, skipping interface scoring
Base AF2 filters not passed for 6W1F-pep3_l13_s804280_mpnn2, skipping interface scoring
Base AF2 filters not passed for 6W1F-pep3_l13_s804280_mpnn3, skipping interface scoring
Base AF2 filters not passed for 6W1F-pep3_l13_s804280_mpnn4, skipping interface scoring
Base AF2 filters not passed for 6W1F-pep3_l13_s804280_mpnn5, skipping interface scoring
Base AF2 filters not passed for 6W1F-pep3_l13_s804280_mpnn6, skipping interface scoring
Base AF2 filters not passed for 6W1F-pep3_l13_s804280_mpnn7, skipping interface scoring
Base AF2 filters not passed for 6W1F-pep3_l13_s804280_mpnn8, skipping interface scoring
Base AF2 filters not passed for 6W1F-pep3_l13_s804280_mpnn9, skipping interface scoring
Base AF2 filters not passed for 6W1F-pep3_l13_s804280_mpnn10, skipping interface scoring
Base AF2 filters not passed for 6W1F-pep3_l13_s804280_mpnn11, skipping interface scoring
Base AF2 filters not passed for 6W1F-pep3_l13_s804280_mpnn12, skipping interface scoring
Base AF2 filters not passed for 6W1F-pep3_l13_s804280_mpnn13, skipping interface scoring
Base AF2 filters not passed for 6W1F-pep3_l13_s804280_mpnn14, skipping interface scoring
Base AF2 filters not passed for 6W1F-pep3_l13_s804280_mpnn15, skipping interface scoring
Base AF2 filters not passed for 6W1F-pep3_l13_s804280_mpnn16, skipping interface scoring
Base AF2 filters not passed for 6W1F-pep3_l13_s804280_mpnn17, skipping interface scoring
Base AF2 filters not passed for 6W1F-pep3_l13_s804280_mpnn18, skipping interface scoring
Base AF2 filters not passed for 6W1F-pep3_l13_s804280_mpnn19, skipping interface scoring
Base AF2 filters not passed for 6W1F-pep3_l13_s804280_mpnn20, skipping interface scoring
Base AF2 filters not passed for 6W1F-pep3_l13_s804280_mpnn21, skipping interface scoring
Base AF2 filters not passed for 6W1F-pep3_l13_s804280_mpnn22, skipping interface scoring
Base AF2 filters not passed for 6W1F-pep3_l13_s804280_mpnn23, skipping interface scoring
Base AF2 filters not passed for 6W1F-pep3_l13_s804280_mpnn24, skipping interface scoring
Base AF2 filters not passed for 6W1F-pep3_l13_s804280_mpnn25, skipping interface scoring
Base AF2 filters not passed for 6W1F-pep3_l13_s804280_mpnn26, skipping interface scoring
Base AF2 filters not passed for 6W1F-pep3_l13_s804280_mpnn27, skipping interface scoring
Base AF2 filters not passed for 6W1F-pep3_l13_s804280_mpnn28, skipping interface scoring
Base AF2 filters not passed for 6W1F-pep3_l13_s804280_mpnn29, skipping interface scoring
Base AF2 filters not passed for 6W1F-pep3_l13_s804280_mpnn30, skipping interface scoring
Base AF2 filters not passed for 6W1F-pep3_l13_s804280_mpnn31, skipping interface scoring
Base AF2 filters not passed for 6W1F-pep3_l13_s804280_mpnn32, skipping interface scoring
Base AF2 filters not passed for 6W1F-pep3_l13_s804280_mpnn33, skipping interface scoring
No accepted MPNN designs found for this trajectory.

Design and validation of trajectory 6W1F-pep3_l13_s804280 took: 0 hours, 10 minutes, 28 seconds

Processing trajectory 6W1F-pep3_l14_s347211
Base AF2 filters not passed for 6W1F-pep3_l14_s347211_mpnn1, skipping interface scoring
Base AF2 filters not passed for 6W1F-pep3_l14_s347211_mpnn2, skipping interface scoring
Base AF2 filters not passed for 6W1F-pep3_l14_s347211_mpnn3, skipping interface scoring
Base AF2 filters not passed for 6W1F-pep3_l14_s347211_mpnn4, skipping interface scoring
Base AF2 filters not passed for 6W1F-pep3_l14_s347211_mpnn5, skipping interface scoring
Base AF2 filters not passed for 6W1F-pep3_l14_s347211_mpnn6, skipping interface scoring
Base AF2 filters not passed for 6W1F-pep3_l14_s347211_mpnn7, skipping interface scoring
Base AF2 filters not passed for 6W1F-pep3_l14_s347211_mpnn8, skipping interface scoring
Base AF2 filters not passed for 6W1F-pep3_l14_s347211_mpnn9, skipping interface scoring
Base AF2 filters not passed for 6W1F-pep3_l14_s347211_mpnn10, skipping interface scoring
Base AF2 filters not passed for 6W1F-pep3_l14_s347211_mpnn11, skipping interface scoring
Base AF2 filters not passed for 6W1F-pep3_l14_s347211_mpnn12, skipping interface scoring
Base AF2 filters not passed for 6W1F-pep3_l14_s347211_mpnn13, skipping interface scoring
Base AF2 filters not passed for 6W1F-pep3_l14_s347211_mpnn14, skipping interface scoring
Base AF2 filters not passed for 6W1F-pep3_l14_s347211_mpnn15, skipping interface scoring
Base AF2 filters not passed for 6W1F-pep3_l14_s347211_mpnn16, skipping interface scoring
Base AF2 filters not passed for 6W1F-pep3_l14_s347211_mpnn17, skipping interface scoring
Base AF2 filters not passed for 6W1F-pep3_l14_s347211_mpnn18, skipping interface scoring
Base AF2 filters not passed for 6W1F-pep3_l14_s347211_mpnn19, skipping interface scoring
Base AF2 filters not passed for 6W1F-pep3_l14_s347211_mpnn20, skipping interface scoring
Base AF2 filters not passed for 6W1F-pep3_l14_s347211_mpnn21, skipping interface scoring
Base AF2 filters not passed for 6W1F-pep3_l14_s347211_mpnn22, skipping interface scoring
Base AF2 filters not passed for 6W1F-pep3_l14_s347211_mpnn23, skipping interface scoring
Base AF2 filters not passed for 6W1F-pep3_l14_s347211_mpnn24, skipping interface scoring
Base AF2 filters not passed for 6W1F-pep3_l14_s347211_mpnn25, skipping interface scoring
Base AF2 filters not passed for 6W1F-pep3_l14_s347211_mpnn26, skipping interface scoring
Base AF2 filters not passed for 6W1F-pep3_l14_s347211_mpnn27, skipping interface scoring
Base AF2 filters not passed for 6W1F-pep3_l14_s347211_mpnn28, skipping interface scoring
Base AF2 filters not passed for 6W1F-pep3_l14_s347211_mpnn29, skipping interface scoring
Base AF2 filters not passed for 6W1F-pep3_l14_s347211_mpnn30, skipping interface scoring
Base AF2 filters not passed for 6W1F-pep3_l14_s347211_mpnn31, skipping interface scoring
No accepted MPNN designs found for this trajectory.

Design and validation of trajectory 6W1F-pep3_l14_s347211 took: 0 hours, 9 minutes, 58 seconds

Processing trajectory 6W1F-pep3_l17_s768158
Base AF2 filters not passed for 6W1F-pep3_l17_s768158_mpnn1, skipping interface scoring
Base AF2 filters not passed for 6W1F-pep3_l17_s768158_mpnn2, skipping interface scoring
Base AF2 filters not passed for 6W1F-pep3_l17_s768158_mpnn3, skipping interface scoring
Base AF2 filters not passed for 6W1F-pep3_l17_s768158_mpnn4, skipping interface scoring
Base AF2 filters not passed for 6W1F-pep3_l17_s768158_mpnn5, skipping interface scoring
Base AF2 filters not passed for 6W1F-pep3_l17_s768158_mpnn6, skipping interface scoring
Base AF2 filters not passed for 6W1F-pep3_l17_s768158_mpnn7, skipping interface scoring
Base AF2 filters not passed for 6W1F-pep3_l17_s768158_mpnn8, skipping interface scoring
Base AF2 filters not passed for 6W1F-pep3_l17_s768158_mpnn9, skipping interface scoring
Base AF2 filters not passed for 6W1F-pep3_l17_s768158_mpnn10, skipping interface scoring
Base AF2 filters not passed for 6W1F-pep3_l17_s768158_mpnn11, skipping interface scoring
Base AF2 filters not passed for 6W1F-pep3_l17_s768158_mpnn12, skipping interface scoring
Base AF2 filters not passed for 6W1F-pep3_l17_s768158_mpnn13, skipping interface scoring
Base AF2 filters not passed for 6W1F-pep3_l17_s768158_mpnn14, skipping interface scoring
Base AF2 filters not passed for 6W1F-pep3_l17_s768158_mpnn15, skipping interface scoring
Base AF2 filters not passed for 6W1F-pep3_l17_s768158_mpnn16, skipping interface scoring
Base AF2 filters not passed for 6W1F-pep3_l17_s768158_mpnn17, skipping interface scoring
Base AF2 filters not passed for 6W1F-pep3_l17_s768158_mpnn18, skipping interface scoring
Base AF2 filters not passed for 6W1F-pep3_l17_s768158_mpnn19, skipping interface scoring
Base AF2 filters not passed for 6W1F-pep3_l17_s768158_mpnn20, skipping interface scoring
Base AF2 filters not passed for 6W1F-pep3_l17_s768158_mpnn21, skipping interface scoring
Base AF2 filters not passed for 6W1F-pep3_l17_s768158_mpnn22, skipping interface scoring
Base AF2 filters not passed for 6W1F-pep3_l17_s768158_mpnn23, skipping interface scoring
Base AF2 filters not passed for 6W1F-pep3_l17_s768158_mpnn24, skipping interface scoring
Base AF2 filters not passed for 6W1F-pep3_l17_s768158_mpnn25, skipping interface scoring
Base AF2 filters not passed for 6W1F-pep3_l17_s768158_mpnn26, skipping interface scoring
Base AF2 filters not passed for 6W1F-pep3_l17_s768158_mpnn27, skipping interface scoring
Base AF2 filters not passed for 6W1F-pep3_l17_s768158_mpnn28, skipping interface scoring
Base AF2 filters not passed for 6W1F-pep3_l17_s768158_mpnn29, skipping interface scoring
Base AF2 filters not passed for 6W1F-pep3_l17_s768158_mpnn30, skipping interface scoring
Base AF2 filters not passed for 6W1F-pep3_l17_s768158_mpnn31, skipping interface scoring
Base AF2 filters not passed for 6W1F-pep3_l17_s768158_mpnn32, skipping interface scoring
Base AF2 filters not passed for 6W1F-pep3_l17_s768158_mpnn33, skipping interface scoring
Base AF2 filters not passed for 6W1F-pep3_l17_s768158_mpnn34, skipping interface scoring
Base AF2 filters not passed for 6W1F-pep3_l17_s768158_mpnn35, skipping interface scoring
Base AF2 filters not passed for 6W1F-pep3_l17_s768158_mpnn36, skipping interface scoring
Base AF2 filters not passed for 6W1F-pep3_l17_s768158_mpnn37, skipping interface scoring
Base AF2 filters not passed for 6W1F-pep3_l17_s768158_mpnn38, skipping interface scoring
Base AF2 filters not passed for 6W1F-pep3_l17_s768158_mpnn39, skipping interface scoring
Base AF2 filters not passed for 6W1F-pep3_l17_s768158_mpnn40, skipping interface scoring
No accepted MPNN designs found for this trajectory.

Design and validation of trajectory 6W1F-pep3_l17_s768158 took: 0 hours, 12 minutes, 50 seconds

Processing trajectory 6W1F-pep3_l15_s868209
Base AF2 filters not passed for 6W1F-pep3_l15_s868209_mpnn1, skipping interface scoring
Base AF2 filters not passed for 6W1F-pep3_l15_s868209_mpnn2, skipping interface scoring
Base AF2 filters not passed for 6W1F-pep3_l15_s868209_mpnn3, skipping interface scoring
Base AF2 filters not passed for 6W1F-pep3_l15_s868209_mpnn4, skipping interface scoring
Base AF2 filters not passed for 6W1F-pep3_l15_s868209_mpnn5, skipping interface scoring
Base AF2 filters not passed for 6W1F-pep3_l15_s868209_mpnn6, skipping interface scoring
Base AF2 filters not passed for 6W1F-pep3_l15_s868209_mpnn7, skipping interface scoring
Base AF2 filters not passed for 6W1F-pep3_l15_s868209_mpnn8, skipping interface scoring
Base AF2 filters not passed for 6W1F-pep3_l15_s868209_mpnn9, skipping interface scoring
Base AF2 filters not passed for 6W1F-pep3_l15_s868209_mpnn10, skipping interface scoring
Base AF2 filters not passed for 6W1F-pep3_l15_s868209_mpnn11, skipping interface scoring
Base AF2 filters not passed for 6W1F-pep3_l15_s868209_mpnn12, skipping interface scoring
Base AF2 filters not passed for 6W1F-pep3_l15_s868209_mpnn13, skipping interface scoring
Base AF2 filters not passed for 6W1F-pep3_l15_s868209_mpnn14, skipping interface scoring
Base AF2 filters not passed for 6W1F-pep3_l15_s868209_mpnn15, skipping interface scoring
Base AF2 filters not passed for 6W1F-pep3_l15_s868209_mpnn16, skipping interface scoring
Base AF2 filters not passed for 6W1F-pep3_l15_s868209_mpnn17, skipping interface scoring
Base AF2 filters not passed for 6W1F-pep3_l15_s868209_mpnn18, skipping interface scoring
Base AF2 filters not passed for 6W1F-pep3_l15_s868209_mpnn19, skipping interface scoring
Base AF2 filters not passed for 6W1F-pep3_l15_s868209_mpnn20, skipping interface scoring
Base AF2 filters not passed for 6W1F-pep3_l15_s868209_mpnn21, skipping interface scoring
Base AF2 filters not passed for 6W1F-pep3_l15_s868209_mpnn22, skipping interface scoring
Base AF2 filters not passed for 6W1F-pep3_l15_s868209_mpnn23, skipping interface scoring
Base AF2 filters not passed for 6W1F-pep3_l15_s868209_mpnn24, skipping interface scoring
Base AF2 filters not passed for 6W1F-pep3_l15_s868209_mpnn25, skipping interface scoring
Base AF2 filters not passed for 6W1F-pep3_l15_s868209_mpnn26, skipping interface scoring
Base AF2 filters not passed for 6W1F-pep3_l15_s868209_mpnn27, skipping interface scoring
Base AF2 filters not passed for 6W1F-pep3_l15_s868209_mpnn28, skipping interface scoring
Base AF2 filters not passed for 6W1F-pep3_l15_s868209_mpnn29, skipping interface scoring
No accepted MPNN designs found for this trajectory.

Design and validation of trajectory 6W1F-pep3_l15_s868209 took: 0 hours, 9 minutes, 20 seconds

Processing trajectory 6W1F-pep3_l17_s808223
Base AF2 filters not passed for 6W1F-pep3_l17_s808223_mpnn1, skipping interface scoring
Base AF2 filters not passed for 6W1F-pep3_l17_s808223_mpnn2, skipping interface scoring
Base AF2 filters not passed for 6W1F-pep3_l17_s808223_mpnn3, skipping interface scoring
Base AF2 filters not passed for 6W1F-pep3_l17_s808223_mpnn4, skipping interface scoring
Base AF2 filters not passed for 6W1F-pep3_l17_s808223_mpnn5, skipping interface scoring
Base AF2 filters not passed for 6W1F-pep3_l17_s808223_mpnn6, skipping interface scoring
Base AF2 filters not passed for 6W1F-pep3_l17_s808223_mpnn7, skipping interface scoring
Base AF2 filters not passed for 6W1F-pep3_l17_s808223_mpnn8, skipping interface scoring
Base AF2 filters not passed for 6W1F-pep3_l17_s808223_mpnn9, skipping interface scoring
Base AF2 filters not passed for 6W1F-pep3_l17_s808223_mpnn10, skipping interface scoring
Base AF2 filters not passed for 6W1F-pep3_l17_s808223_mpnn11, skipping interface scoring
Base AF2 filters not passed for 6W1F-pep3_l17_s808223_mpnn12, skipping interface scoring
Base AF2 filters not passed for 6W1F-pep3_l17_s808223_mpnn13, skipping interface scoring
Base AF2 filters not passed for 6W1F-pep3_l17_s808223_mpnn14, skipping interface scoring
Base AF2 filters not passed for 6W1F-pep3_l17_s808223_mpnn15, skipping interface scoring
Base AF2 filters not passed for 6W1F-pep3_l17_s808223_mpnn16, skipping interface scoring
Base AF2 filters not passed for 6W1F-pep3_l17_s808223_mpnn17, skipping interface scoring
Base AF2 filters not passed for 6W1F-pep3_l17_s808223_mpnn18, skipping interface scoring
Base AF2 filters not passed for 6W1F-pep3_l17_s808223_mpnn19, skipping interface scoring
Base AF2 filters not passed for 6W1F-pep3_l17_s808223_mpnn20, skipping interface scoring
Base AF2 filters not passed for 6W1F-pep3_l17_s808223_mpnn21, skipping interface scoring
Base AF2 filters not passed for 6W1F-pep3_l17_s808223_mpnn22, skipping interface scoring
Base AF2 filters not passed for 6W1F-pep3_l17_s808223_mpnn23, skipping interface scoring
Base AF2 filters not passed for 6W1F-pep3_l17_s808223_mpnn24, skipping interface scoring
Base AF2 filters not passed for 6W1F-pep3_l17_s808223_mpnn25, skipping interface scoring
Base AF2 filters not passed for 6W1F-pep3_l17_s808223_mpnn26, skipping interface scoring
Base AF2 filters not passed for 6W1F-pep3_l17_s808223_mpnn27, skipping interface scoring
Base AF2 filters not passed for 6W1F-pep3_l17_s808223_mpnn28, skipping interface scoring
Base AF2 filters not passed for 6W1F-pep3_l17_s808223_mpnn29, skipping interface scoring
Base AF2 filters not passed for 6W1F-pep3_l17_s808223_mpnn30, skipping interface scoring
Base AF2 filters not passed for 6W1F-pep3_l17_s808223_mpnn31, skipping interface scoring
Base AF2 filters not passed for 6W1F-pep3_l17_s808223_mpnn32, skipping interface scoring
Base AF2 filters not passed for 6W1F-pep3_l17_s808223_mpnn33, skipping interface scoring
Base AF2 filters not passed for 6W1F-pep3_l17_s808223_mpnn34, skipping interface scoring
Base AF2 filters not passed for 6W1F-pep3_l17_s808223_mpnn35, skipping interface scoring
Base AF2 filters not passed for 6W1F-pep3_l17_s808223_mpnn36, skipping interface scoring
Base AF2 filters not passed for 6W1F-pep3_l17_s808223_mpnn37, skipping interface scoring
Base AF2 filters not passed for 6W1F-pep3_l17_s808223_mpnn38, skipping interface scoring
No accepted MPNN designs found for this trajectory.

Design and validation of trajectory 6W1F-pep3_l17_s808223 took: 0 hours, 12 minutes, 13 seconds

Processing trajectory 6W1F-pep3_l15_s407738
Base AF2 filters not passed for 6W1F-pep3_l15_s407738_mpnn1, skipping interface scoring
Base AF2 filters not passed for 6W1F-pep3_l15_s407738_mpnn2, skipping interface scoring
Base AF2 filters not passed for 6W1F-pep3_l15_s407738_mpnn3, skipping interface scoring
Base AF2 filters not passed for 6W1F-pep3_l15_s407738_mpnn4, skipping interface scoring
Base AF2 filters not passed for 6W1F-pep3_l15_s407738_mpnn5, skipping interface scoring
Base AF2 filters not passed for 6W1F-pep3_l15_s407738_mpnn6, skipping interface scoring
Base AF2 filters not passed for 6W1F-pep3_l15_s407738_mpnn7, skipping interface scoring
Base AF2 filters not passed for 6W1F-pep3_l15_s407738_mpnn8, skipping interface scoring
Base AF2 filters not passed for 6W1F-pep3_l15_s407738_mpnn9, skipping interface scoring
Base AF2 filters not passed for 6W1F-pep3_l15_s407738_mpnn10, skipping interface scoring
Base AF2 filters not passed for 6W1F-pep3_l15_s407738_mpnn11, skipping interface scoring
Base AF2 filters not passed for 6W1F-pep3_l15_s407738_mpnn12, skipping interface scoring
Base AF2 filters not passed for 6W1F-pep3_l15_s407738_mpnn13, skipping interface scoring
Base AF2 filters not passed for 6W1F-pep3_l15_s407738_mpnn14, skipping interface scoring
Base AF2 filters not passed for 6W1F-pep3_l15_s407738_mpnn15, skipping interface scoring
Base AF2 filters not passed for 6W1F-pep3_l15_s407738_mpnn16, skipping interface scoring
Base AF2 filters not passed for 6W1F-pep3_l15_s407738_mpnn17, skipping interface scoring
Base AF2 filters not passed for 6W1F-pep3_l15_s407738_mpnn18, skipping interface scoring
Base AF2 filters not passed for 6W1F-pep3_l15_s407738_mpnn19, skipping interface scoring
Base AF2 filters not passed for 6W1F-pep3_l15_s407738_mpnn20, skipping interface scoring
Base AF2 filters not passed for 6W1F-pep3_l15_s407738_mpnn21, skipping interface scoring
Base AF2 filters not passed for 6W1F-pep3_l15_s407738_mpnn22, skipping interface scoring
Base AF2 filters not passed for 6W1F-pep3_l15_s407738_mpnn23, skipping interface scoring
Base AF2 filters not passed for 6W1F-pep3_l15_s407738_mpnn24, skipping interface scoring
Base AF2 filters not passed for 6W1F-pep3_l15_s407738_mpnn25, skipping interface scoring
Base AF2 filters not passed for 6W1F-pep3_l15_s407738_mpnn26, skipping interface scoring
Base AF2 filters not passed for 6W1F-pep3_l15_s407738_mpnn27, skipping interface scoring
Base AF2 filters not passed for 6W1F-pep3_l15_s407738_mpnn28, skipping interface scoring
Base AF2 filters not passed for 6W1F-pep3_l15_s407738_mpnn29, skipping interface scoring
Base AF2 filters not passed for 6W1F-pep3_l15_s407738_mpnn30, skipping interface scoring
Base AF2 filters not passed for 6W1F-pep3_l15_s407738_mpnn31, skipping interface scoring
Base AF2 filters not passed for 6W1F-pep3_l15_s407738_mpnn32, skipping interface scoring
Base AF2 filters not passed for 6W1F-pep3_l15_s407738_mpnn33, skipping interface scoring
Base AF2 filters not passed for 6W1F-pep3_l15_s407738_mpnn34, skipping interface scoring
Base AF2 filters not passed for 6W1F-pep3_l15_s407738_mpnn35, skipping interface scoring
Base AF2 filters not passed for 6W1F-pep3_l15_s407738_mpnn36, skipping interface scoring
No accepted MPNN designs found for this trajectory.

Design and validation of trajectory 6W1F-pep3_l15_s407738 took: 0 hours, 11 minutes, 25 seconds

Processing trajectory 6W1F-pep3_l17_s208742
Base AF2 filters not passed for 6W1F-pep3_l17_s208742_mpnn1, skipping interface scoring
Base AF2 filters not passed for 6W1F-pep3_l17_s208742_mpnn2, skipping interface scoring
Base AF2 filters not passed for 6W1F-pep3_l17_s208742_mpnn3, skipping interface scoring
Base AF2 filters not passed for 6W1F-pep3_l17_s208742_mpnn4, skipping interface scoring
Base AF2 filters not passed for 6W1F-pep3_l17_s208742_mpnn5, skipping interface scoring
Base AF2 filters not passed for 6W1F-pep3_l17_s208742_mpnn6, skipping interface scoring
Base AF2 filters not passed for 6W1F-pep3_l17_s208742_mpnn7, skipping interface scoring
Base AF2 filters not passed for 6W1F-pep3_l17_s208742_mpnn8, skipping interface scoring
Base AF2 filters not passed for 6W1F-pep3_l17_s208742_mpnn9, skipping interface scoring
Base AF2 filters not passed for 6W1F-pep3_l17_s208742_mpnn10, skipping interface scoring
Base AF2 filters not passed for 6W1F-pep3_l17_s208742_mpnn11, skipping interface scoring
Base AF2 filters not passed for 6W1F-pep3_l17_s208742_mpnn12, skipping interface scoring
Base AF2 filters not passed for 6W1F-pep3_l17_s208742_mpnn13, skipping interface scoring
Base AF2 filters not passed for 6W1F-pep3_l17_s208742_mpnn14, skipping interface scoring
Base AF2 filters not passed for 6W1F-pep3_l17_s208742_mpnn15, skipping interface scoring
Base AF2 filters not passed for 6W1F-pep3_l17_s208742_mpnn16, skipping interface scoring
Base AF2 filters not passed for 6W1F-pep3_l17_s208742_mpnn17, skipping interface scoring
Base AF2 filters not passed for 6W1F-pep3_l17_s208742_mpnn18, skipping interface scoring
Base AF2 filters not passed for 6W1F-pep3_l17_s208742_mpnn19, skipping interface scoring
Base AF2 filters not passed for 6W1F-pep3_l17_s208742_mpnn20, skipping interface scoring
Base AF2 filters not passed for 6W1F-pep3_l17_s208742_mpnn21, skipping interface scoring
Base AF2 filters not passed for 6W1F-pep3_l17_s208742_mpnn22, skipping interface scoring
Base AF2 filters not passed for 6W1F-pep3_l17_s208742_mpnn23, skipping interface scoring
Base AF2 filters not passed for 6W1F-pep3_l17_s208742_mpnn24, skipping interface scoring
Base AF2 filters not passed for 6W1F-pep3_l17_s208742_mpnn25, skipping interface scoring
Base AF2 filters not passed for 6W1F-pep3_l17_s208742_mpnn26, skipping interface scoring
Base AF2 filters not passed for 6W1F-pep3_l17_s208742_mpnn27, skipping interface scoring
Base AF2 filters not passed for 6W1F-pep3_l17_s208742_mpnn28, skipping interface scoring
Base AF2 filters not passed for 6W1F-pep3_l17_s208742_mpnn29, skipping interface scoring
Base AF2 filters not passed for 6W1F-pep3_l17_s208742_mpnn30, skipping interface scoring
Base AF2 filters not passed for 6W1F-pep3_l17_s208742_mpnn31, skipping interface scoring
Base AF2 filters not passed for 6W1F-pep3_l17_s208742_mpnn32, skipping interface scoring
Base AF2 filters not passed for 6W1F-pep3_l17_s208742_mpnn33, skipping interface scoring
Base AF2 filters not passed for 6W1F-pep3_l17_s208742_mpnn34, skipping interface scoring
Base AF2 filters not passed for 6W1F-pep3_l17_s208742_mpnn35, skipping interface scoring
Base AF2 filters not passed for 6W1F-pep3_l17_s208742_mpnn36, skipping interface scoring
No accepted MPNN designs found for this trajectory.

Design and validation of trajectory 6W1F-pep3_l17_s208742 took: 0 hours, 11 minutes, 37 seconds

Processing trajectory 6W1F-pep3_l13_s318901
Base AF2 filters not passed for 6W1F-pep3_l13_s318901_mpnn1, skipping interface scoring
Base AF2 filters not passed for 6W1F-pep3_l13_s318901_mpnn2, skipping interface scoring
Base AF2 filters not passed for 6W1F-pep3_l13_s318901_mpnn3, skipping interface scoring
Base AF2 filters not passed for 6W1F-pep3_l13_s318901_mpnn4, skipping interface scoring
Base AF2 filters not passed for 6W1F-pep3_l13_s318901_mpnn5, skipping interface scoring
Base AF2 filters not passed for 6W1F-pep3_l13_s318901_mpnn6, skipping interface scoring
Base AF2 filters not passed for 6W1F-pep3_l13_s318901_mpnn7, skipping interface scoring
Base AF2 filters not passed for 6W1F-pep3_l13_s318901_mpnn8, skipping interface scoring
Base AF2 filters not passed for 6W1F-pep3_l13_s318901_mpnn9, skipping interface scoring
Base AF2 filters not passed for 6W1F-pep3_l13_s318901_mpnn10, skipping interface scoring
Base AF2 filters not passed for 6W1F-pep3_l13_s318901_mpnn11, skipping interface scoring
Base AF2 filters not passed for 6W1F-pep3_l13_s318901_mpnn12, skipping interface scoring
Base AF2 filters not passed for 6W1F-pep3_l13_s318901_mpnn13, skipping interface scoring
Base AF2 filters not passed for 6W1F-pep3_l13_s318901_mpnn14, skipping interface scoring
Base AF2 filters not passed for 6W1F-pep3_l13_s318901_mpnn15, skipping interface scoring
Base AF2 filters not passed for 6W1F-pep3_l13_s318901_mpnn16, skipping interface scoring
Base AF2 filters not passed for 6W1F-pep3_l13_s318901_mpnn17, skipping interface scoring
Base AF2 filters not passed for 6W1F-pep3_l13_s318901_mpnn18, skipping interface scoring
Base AF2 filters not passed for 6W1F-pep3_l13_s318901_mpnn19, skipping interface scoring
Base AF2 filters not passed for 6W1F-pep3_l13_s318901_mpnn20, skipping interface scoring
Base AF2 filters not passed for 6W1F-pep3_l13_s318901_mpnn21, skipping interface scoring
Base AF2 filters not passed for 6W1F-pep3_l13_s318901_mpnn22, skipping interface scoring
Base AF2 filters not passed for 6W1F-pep3_l13_s318901_mpnn23, skipping interface scoring
Base AF2 filters not passed for 6W1F-pep3_l13_s318901_mpnn24, skipping interface scoring
Base AF2 filters not passed for 6W1F-pep3_l13_s318901_mpnn25, skipping interface scoring
No accepted MPNN designs found for this trajectory.

Design and validation of trajectory 6W1F-pep3_l13_s318901 took: 0 hours, 8 minutes, 6 seconds

Processing trajectory 6W1F-pep3_l13_s173316
Base AF2 filters not passed for 6W1F-pep3_l13_s173316_mpnn1, skipping interface scoring
Base AF2 filters not passed for 6W1F-pep3_l13_s173316_mpnn2, skipping interface scoring
Base AF2 filters not passed for 6W1F-pep3_l13_s173316_mpnn3, skipping interface scoring
Base AF2 filters not passed for 6W1F-pep3_l13_s173316_mpnn4, skipping interface scoring
Base AF2 filters not passed for 6W1F-pep3_l13_s173316_mpnn5, skipping interface scoring
Base AF2 filters not passed for 6W1F-pep3_l13_s173316_mpnn6, skipping interface scoring
Base AF2 filters not passed for 6W1F-pep3_l13_s173316_mpnn7, skipping interface scoring
Base AF2 filters not passed for 6W1F-pep3_l13_s173316_mpnn8, skipping interface scoring
Base AF2 filters not passed for 6W1F-pep3_l13_s173316_mpnn9, skipping interface scoring
Base AF2 filters not passed for 6W1F-pep3_l13_s173316_mpnn10, skipping interface scoring
Base AF2 filters not passed for 6W1F-pep3_l13_s173316_mpnn11, skipping interface scoring
Base AF2 filters not passed for 6W1F-pep3_l13_s173316_mpnn12, skipping interface scoring
Base AF2 filters not passed for 6W1F-pep3_l13_s173316_mpnn13, skipping interface scoring
Base AF2 filters not passed for 6W1F-pep3_l13_s173316_mpnn14, skipping interface scoring
Base AF2 filters not passed for 6W1F-pep3_l13_s173316_mpnn15, skipping interface scoring
Base AF2 filters not passed for 6W1F-pep3_l13_s173316_mpnn16, skipping interface scoring
Base AF2 filters not passed for 6W1F-pep3_l13_s173316_mpnn17, skipping interface scoring
Base AF2 filters not passed for 6W1F-pep3_l13_s173316_mpnn18, skipping interface scoring
Base AF2 filters not passed for 6W1F-pep3_l13_s173316_mpnn19, skipping interface scoring
Base AF2 filters not passed for 6W1F-pep3_l13_s173316_mpnn20, skipping interface scoring
Base AF2 filters not passed for 6W1F-pep3_l13_s173316_mpnn21, skipping interface scoring
Base AF2 filters not passed for 6W1F-pep3_l13_s173316_mpnn22, skipping interface scoring
Base AF2 filters not passed for 6W1F-pep3_l13_s173316_mpnn23, skipping interface scoring
Base AF2 filters not passed for 6W1F-pep3_l13_s173316_mpnn24, skipping interface scoring
Base AF2 filters not passed for 6W1F-pep3_l13_s173316_mpnn25, skipping interface scoring
No accepted MPNN designs found for this trajectory.

Design and validation of trajectory 6W1F-pep3_l13_s173316 took: 0 hours, 8 minutes, 6 seconds

Processing trajectory 6W1F-pep3_l16_s637028
Base AF2 filters not passed for 6W1F-pep3_l16_s637028_mpnn1, skipping interface scoring
Base AF2 filters not passed for 6W1F-pep3_l16_s637028_mpnn2, skipping interface scoring
Base AF2 filters not passed for 6W1F-pep3_l16_s637028_mpnn3, skipping interface scoring
Base AF2 filters not passed for 6W1F-pep3_l16_s637028_mpnn4, skipping interface scoring
Base AF2 filters not passed for 6W1F-pep3_l16_s637028_mpnn5, skipping interface scoring
Base AF2 filters not passed for 6W1F-pep3_l16_s637028_mpnn6, skipping interface scoring
Unmet filter conditions for 6W1F-pep3_l16_s637028_mpnn7
Base AF2 filters not passed for 6W1F-pep3_l16_s637028_mpnn8, skipping interface scoring
Base AF2 filters not passed for 6W1F-pep3_l16_s637028_mpnn9, skipping interface scoring
Base AF2 filters not passed for 6W1F-pep3_l16_s637028_mpnn10, skipping interface scoring
Base AF2 filters not passed for 6W1F-pep3_l16_s637028_mpnn11, skipping interface scoring
Base AF2 filters not passed for 6W1F-pep3_l16_s637028_mpnn12, skipping interface scoring
Base AF2 filters not passed for 6W1F-pep3_l16_s637028_mpnn13, skipping interface scoring
Base AF2 filters not passed for 6W1F-pep3_l16_s637028_mpnn14, skipping interface scoring
Base AF2 filters not passed for 6W1F-pep3_l16_s637028_mpnn15, skipping interface scoring
Base AF2 filters not passed for 6W1F-pep3_l16_s637028_mpnn16, skipping interface scoring
Base AF2 filters not passed for 6W1F-pep3_l16_s637028_mpnn17, skipping interface scoring
Base AF2 filters not passed for 6W1F-pep3_l16_s637028_mpnn18, skipping interface scoring
Base AF2 filters not passed for 6W1F-pep3_l16_s637028_mpnn19, skipping interface scoring
Base AF2 filters not passed for 6W1F-pep3_l16_s637028_mpnn20, skipping interface scoring
Base AF2 filters not passed for 6W1F-pep3_l16_s637028_mpnn21, skipping interface scoring
Base AF2 filters not passed for 6W1F-pep3_l16_s637028_mpnn22, skipping interface scoring
Base AF2 filters not passed for 6W1F-pep3_l16_s637028_mpnn23, skipping interface scoring
Base AF2 filters not passed for 6W1F-pep3_l16_s637028_mpnn24, skipping interface scoring
Base AF2 filters not passed for 6W1F-pep3_l16_s637028_mpnn25, skipping interface scoring
Base AF2 filters not passed for 6W1F-pep3_l16_s637028_mpnn26, skipping interface scoring
Base AF2 filters not passed for 6W1F-pep3_l16_s637028_mpnn27, skipping interface scoring
Base AF2 filters not passed for 6W1F-pep3_l16_s637028_mpnn28, skipping interface scoring
Base AF2 filters not passed for 6W1F-pep3_l16_s637028_mpnn29, skipping interface scoring
Base AF2 filters not passed for 6W1F-pep3_l16_s637028_mpnn30, skipping interface scoring
Base AF2 filters not passed for 6W1F-pep3_l16_s637028_mpnn31, skipping interface scoring
Base AF2 filters not passed for 6W1F-pep3_l16_s637028_mpnn32, skipping interface scoring
Base AF2 filters not passed for 6W1F-pep3_l16_s637028_mpnn33, skipping interface scoring
Base AF2 filters not passed for 6W1F-pep3_l16_s637028_mpnn34, skipping interface scoring
Base AF2 filters not passed for 6W1F-pep3_l16_s637028_mpnn35, skipping interface scoring
Base AF2 filters not passed for 6W1F-pep3_l16_s637028_mpnn36, skipping interface scoring
Base AF2 filters not passed for 6W1F-pep3_l16_s637028_mpnn37, skipping interface scoring
Base AF2 filters not passed for 6W1F-pep3_l16_s637028_mpnn38, skipping interface scoring
Base AF2 filters not passed for 6W1F-pep3_l16_s637028_mpnn39, skipping interface scoring
Base AF2 filters not passed for 6W1F-pep3_l16_s637028_mpnn40, skipping interface scoring
Base AF2 filters not passed for 6W1F-pep3_l16_s637028_mpnn41, skipping interface scoring
Base AF2 filters not passed for 6W1F-pep3_l16_s637028_mpnn42, skipping interface scoring
Base AF2 filters not passed for 6W1F-pep3_l16_s637028_mpnn43, skipping interface scoring
No accepted MPNN designs found for this trajectory.

Design and validation of trajectory 6W1F-pep3_l16_s637028 took: 0 hours, 19 minutes, 14 seconds

Processing trajectory 6W1F-pep3_l13_s852144
Base AF2 filters not passed for 6W1F-pep3_l13_s852144_mpnn1, skipping interface scoring
Base AF2 filters not passed for 6W1F-pep3_l13_s852144_mpnn2, skipping interface scoring
Base AF2 filters not passed for 6W1F-pep3_l13_s852144_mpnn3, skipping interface scoring
Base AF2 filters not passed for 6W1F-pep3_l13_s852144_mpnn4, skipping interface scoring
Base AF2 filters not passed for 6W1F-pep3_l13_s852144_mpnn5, skipping interface scoring
Base AF2 filters not passed for 6W1F-pep3_l13_s852144_mpnn6, skipping interface scoring
Base AF2 filters not passed for 6W1F-pep3_l13_s852144_mpnn7, skipping interface scoring
Base AF2 filters not passed for 6W1F-pep3_l13_s852144_mpnn8, skipping interface scoring
Base AF2 filters not passed for 6W1F-pep3_l13_s852144_mpnn9, skipping interface scoring
Base AF2 filters not passed for 6W1F-pep3_l13_s852144_mpnn10, skipping interface scoring
Base AF2 filters not passed for 6W1F-pep3_l13_s852144_mpnn11, skipping interface scoring
Base AF2 filters not passed for 6W1F-pep3_l13_s852144_mpnn12, skipping interface scoring
Base AF2 filters not passed for 6W1F-pep3_l13_s852144_mpnn13, skipping interface scoring
Base AF2 filters not passed for 6W1F-pep3_l13_s852144_mpnn14, skipping interface scoring
Base AF2 filters not passed for 6W1F-pep3_l13_s852144_mpnn15, skipping interface scoring
Base AF2 filters not passed for 6W1F-pep3_l13_s852144_mpnn16, skipping interface scoring
Base AF2 filters not passed for 6W1F-pep3_l13_s852144_mpnn17, skipping interface scoring
Base AF2 filters not passed for 6W1F-pep3_l13_s852144_mpnn18, skipping interface scoring
Base AF2 filters not passed for 6W1F-pep3_l13_s852144_mpnn19, skipping interface scoring
Base AF2 filters not passed for 6W1F-pep3_l13_s852144_mpnn20, skipping interface scoring
Base AF2 filters not passed for 6W1F-pep3_l13_s852144_mpnn21, skipping interface scoring
Base AF2 filters not passed for 6W1F-pep3_l13_s852144_mpnn22, skipping interface scoring
Base AF2 filters not passed for 6W1F-pep3_l13_s852144_mpnn23, skipping interface scoring
Base AF2 filters not passed for 6W1F-pep3_l13_s852144_mpnn24, skipping interface scoring
Base AF2 filters not passed for 6W1F-pep3_l13_s852144_mpnn25, skipping interface scoring
Base AF2 filters not passed for 6W1F-pep3_l13_s852144_mpnn26, skipping interface scoring
No accepted MPNN designs found for this trajectory.

Design and validation of trajectory 6W1F-pep3_l13_s852144 took: 0 hours, 8 minutes, 24 seconds

Processing trajectory 6W1F-pep3_l17_s238871
Base AF2 filters not passed for 6W1F-pep3_l17_s238871_mpnn1, skipping interface scoring
Base AF2 filters not passed for 6W1F-pep3_l17_s238871_mpnn2, skipping interface scoring
Base AF2 filters not passed for 6W1F-pep3_l17_s238871_mpnn3, skipping interface scoring
Base AF2 filters not passed for 6W1F-pep3_l17_s238871_mpnn4, skipping interface scoring
Base AF2 filters not passed for 6W1F-pep3_l17_s238871_mpnn5, skipping interface scoring
Base AF2 filters not passed for 6W1F-pep3_l17_s238871_mpnn6, skipping interface scoring
Base AF2 filters not passed for 6W1F-pep3_l17_s238871_mpnn7, skipping interface scoring
Base AF2 filters not passed for 6W1F-pep3_l17_s238871_mpnn8, skipping interface scoring
Base AF2 filters not passed for 6W1F-pep3_l17_s238871_mpnn9, skipping interface scoring
Base AF2 filters not passed for 6W1F-pep3_l17_s238871_mpnn10, skipping interface scoring
Base AF2 filters not passed for 6W1F-pep3_l17_s238871_mpnn11, skipping interface scoring
Base AF2 filters not passed for 6W1F-pep3_l17_s238871_mpnn12, skipping interface scoring
Base AF2 filters not passed for 6W1F-pep3_l17_s238871_mpnn13, skipping interface scoring
Base AF2 filters not passed for 6W1F-pep3_l17_s238871_mpnn14, skipping interface scoring
Base AF2 filters not passed for 6W1F-pep3_l17_s238871_mpnn15, skipping interface scoring
Base AF2 filters not passed for 6W1F-pep3_l17_s238871_mpnn16, skipping interface scoring
Base AF2 filters not passed for 6W1F-pep3_l17_s238871_mpnn17, skipping interface scoring
Base AF2 filters not passed for 6W1F-pep3_l17_s238871_mpnn18, skipping interface scoring
Base AF2 filters not passed for 6W1F-pep3_l17_s238871_mpnn19, skipping interface scoring
Base AF2 filters not passed for 6W1F-pep3_l17_s238871_mpnn20, skipping interface scoring
Base AF2 filters not passed for 6W1F-pep3_l17_s238871_mpnn21, skipping interface scoring
Base AF2 filters not passed for 6W1F-pep3_l17_s238871_mpnn22, skipping interface scoring
Base AF2 filters not passed for 6W1F-pep3_l17_s238871_mpnn23, skipping interface scoring
Base AF2 filters not passed for 6W1F-pep3_l17_s238871_mpnn24, skipping interface scoring
Base AF2 filters not passed for 6W1F-pep3_l17_s238871_mpnn25, skipping interface scoring
Base AF2 filters not passed for 6W1F-pep3_l17_s238871_mpnn26, skipping interface scoring
Base AF2 filters not passed for 6W1F-pep3_l17_s238871_mpnn27, skipping interface scoring
Base AF2 filters not passed for 6W1F-pep3_l17_s238871_mpnn28, skipping interface scoring
Base AF2 filters not passed for 6W1F-pep3_l17_s238871_mpnn29, skipping interface scoring
Base AF2 filters not passed for 6W1F-pep3_l17_s238871_mpnn30, skipping interface scoring
Base AF2 filters not passed for 6W1F-pep3_l17_s238871_mpnn31, skipping interface scoring
Base AF2 filters not passed for 6W1F-pep3_l17_s238871_mpnn32, skipping interface scoring
Base AF2 filters not passed for 6W1F-pep3_l17_s238871_mpnn33, skipping interface scoring
Base AF2 filters not passed for 6W1F-pep3_l17_s238871_mpnn34, skipping interface scoring
Base AF2 filters not passed for 6W1F-pep3_l17_s238871_mpnn35, skipping interface scoring
Base AF2 filters not passed for 6W1F-pep3_l17_s238871_mpnn36, skipping interface scoring
Base AF2 filters not passed for 6W1F-pep3_l17_s238871_mpnn37, skipping interface scoring
Base AF2 filters not passed for 6W1F-pep3_l17_s238871_mpnn38, skipping interface scoring
Base AF2 filters not passed for 6W1F-pep3_l17_s238871_mpnn39, skipping interface scoring
Base AF2 filters not passed for 6W1F-pep3_l17_s238871_mpnn40, skipping interface scoring
Base AF2 filters not passed for 6W1F-pep3_l17_s238871_mpnn41, skipping interface scoring
Base AF2 filters not passed for 6W1F-pep3_l17_s238871_mpnn42, skipping interface scoring
Base AF2 filters not passed for 6W1F-pep3_l17_s238871_mpnn43, skipping interface scoring
Base AF2 filters not passed for 6W1F-pep3_l17_s238871_mpnn44, skipping interface scoring
Base AF2 filters not passed for 6W1F-pep3_l17_s238871_mpnn45, skipping interface scoring
Base AF2 filters not passed for 6W1F-pep3_l17_s238871_mpnn46, skipping interface scoring
Base AF2 filters not passed for 6W1F-pep3_l17_s238871_mpnn47, skipping interface scoring
No accepted MPNN designs found for this trajectory.

Design and validation of trajectory 6W1F-pep3_l17_s238871 took: 0 hours, 14 minutes, 56 seconds

Processing trajectory 6W1F-pep3_l13_s201310
Base AF2 filters not passed for 6W1F-pep3_l13_s201310_mpnn1, skipping interface scoring
Base AF2 filters not passed for 6W1F-pep3_l13_s201310_mpnn2, skipping interface scoring
Base AF2 filters not passed for 6W1F-pep3_l13_s201310_mpnn3, skipping interface scoring
Base AF2 filters not passed for 6W1F-pep3_l13_s201310_mpnn4, skipping interface scoring
Base AF2 filters not passed for 6W1F-pep3_l13_s201310_mpnn5, skipping interface scoring
Base AF2 filters not passed for 6W1F-pep3_l13_s201310_mpnn6, skipping interface scoring
Base AF2 filters not passed for 6W1F-pep3_l13_s201310_mpnn7, skipping interface scoring
Base AF2 filters not passed for 6W1F-pep3_l13_s201310_mpnn8, skipping interface scoring
Base AF2 filters not passed for 6W1F-pep3_l13_s201310_mpnn9, skipping interface scoring
Base AF2 filters not passed for 6W1F-pep3_l13_s201310_mpnn10, skipping interface scoring
Base AF2 filters not passed for 6W1F-pep3_l13_s201310_mpnn11, skipping interface scoring
Base AF2 filters not passed for 6W1F-pep3_l13_s201310_mpnn12, skipping interface scoring
Base AF2 filters not passed for 6W1F-pep3_l13_s201310_mpnn13, skipping interface scoring
Base AF2 filters not passed for 6W1F-pep3_l13_s201310_mpnn14, skipping interface scoring
Base AF2 filters not passed for 6W1F-pep3_l13_s201310_mpnn15, skipping interface scoring
Base AF2 filters not passed for 6W1F-pep3_l13_s201310_mpnn16, skipping interface scoring
Base AF2 filters not passed for 6W1F-pep3_l13_s201310_mpnn17, skipping interface scoring
Base AF2 filters not passed for 6W1F-pep3_l13_s201310_mpnn18, skipping interface scoring
Base AF2 filters not passed for 6W1F-pep3_l13_s201310_mpnn19, skipping interface scoring
Base AF2 filters not passed for 6W1F-pep3_l13_s201310_mpnn20, skipping interface scoring
Base AF2 filters not passed for 6W1F-pep3_l13_s201310_mpnn21, skipping interface scoring
Base AF2 filters not passed for 6W1F-pep3_l13_s201310_mpnn22, skipping interface scoring
Base AF2 filters not passed for 6W1F-pep3_l13_s201310_mpnn23, skipping interface scoring
Base AF2 filters not passed for 6W1F-pep3_l13_s201310_mpnn24, skipping interface scoring
Base AF2 filters not passed for 6W1F-pep3_l13_s201310_mpnn25, skipping interface scoring
No accepted MPNN designs found for this trajectory.

Design and validation of trajectory 6W1F-pep3_l13_s201310 took: 0 hours, 10 minutes, 24 seconds

Processing trajectory 6W1F-pep3_l16_s84776
Base AF2 filters not passed for 6W1F-pep3_l16_s84776_mpnn1, skipping interface scoring
Base AF2 filters not passed for 6W1F-pep3_l16_s84776_mpnn2, skipping interface scoring
Base AF2 filters not passed for 6W1F-pep3_l16_s84776_mpnn3, skipping interface scoring
Base AF2 filters not passed for 6W1F-pep3_l16_s84776_mpnn4, skipping interface scoring
Base AF2 filters not passed for 6W1F-pep3_l16_s84776_mpnn5, skipping interface scoring
Base AF2 filters not passed for 6W1F-pep3_l16_s84776_mpnn6, skipping interface scoring
Base AF2 filters not passed for 6W1F-pep3_l16_s84776_mpnn7, skipping interface scoring
Base AF2 filters not passed for 6W1F-pep3_l16_s84776_mpnn8, skipping interface scoring
Base AF2 filters not passed for 6W1F-pep3_l16_s84776_mpnn9, skipping interface scoring
Base AF2 filters not passed for 6W1F-pep3_l16_s84776_mpnn10, skipping interface scoring
Base AF2 filters not passed for 6W1F-pep3_l16_s84776_mpnn11, skipping interface scoring
Base AF2 filters not passed for 6W1F-pep3_l16_s84776_mpnn12, skipping interface scoring
Base AF2 filters not passed for 6W1F-pep3_l16_s84776_mpnn13, skipping interface scoring
Base AF2 filters not passed for 6W1F-pep3_l16_s84776_mpnn14, skipping interface scoring
Base AF2 filters not passed for 6W1F-pep3_l16_s84776_mpnn15, skipping interface scoring
Base AF2 filters not passed for 6W1F-pep3_l16_s84776_mpnn16, skipping interface scoring
Base AF2 filters not passed for 6W1F-pep3_l16_s84776_mpnn17, skipping interface scoring
Base AF2 filters not passed for 6W1F-pep3_l16_s84776_mpnn18, skipping interface scoring
Base AF2 filters not passed for 6W1F-pep3_l16_s84776_mpnn19, skipping interface scoring
Base AF2 filters not passed for 6W1F-pep3_l16_s84776_mpnn20, skipping interface scoring
Base AF2 filters not passed for 6W1F-pep3_l16_s84776_mpnn21, skipping interface scoring
Base AF2 filters not passed for 6W1F-pep3_l16_s84776_mpnn22, skipping interface scoring
Base AF2 filters not passed for 6W1F-pep3_l16_s84776_mpnn23, skipping interface scoring
Base AF2 filters not passed for 6W1F-pep3_l16_s84776_mpnn24, skipping interface scoring
Base AF2 filters not passed for 6W1F-pep3_l16_s84776_mpnn25, skipping interface scoring
Base AF2 filters not passed for 6W1F-pep3_l16_s84776_mpnn26, skipping interface scoring
Base AF2 filters not passed for 6W1F-pep3_l16_s84776_mpnn27, skipping interface scoring
Base AF2 filters not passed for 6W1F-pep3_l16_s84776_mpnn28, skipping interface scoring
Base AF2 filters not passed for 6W1F-pep3_l16_s84776_mpnn29, skipping interface scoring
Base AF2 filters not passed for 6W1F-pep3_l16_s84776_mpnn30, skipping interface scoring
Base AF2 filters not passed for 6W1F-pep3_l16_s84776_mpnn31, skipping interface scoring
Base AF2 filters not passed for 6W1F-pep3_l16_s84776_mpnn32, skipping interface scoring
Base AF2 filters not passed for 6W1F-pep3_l16_s84776_mpnn33, skipping interface scoring
Base AF2 filters not passed for 6W1F-pep3_l16_s84776_mpnn34, skipping interface scoring
Base AF2 filters not passed for 6W1F-pep3_l16_s84776_mpnn35, skipping interface scoring
Base AF2 filters not passed for 6W1F-pep3_l16_s84776_mpnn36, skipping interface scoring
Base AF2 filters not passed for 6W1F-pep3_l16_s84776_mpnn37, skipping interface scoring
Base AF2 filters not passed for 6W1F-pep3_l16_s84776_mpnn38, skipping interface scoring
Base AF2 filters not passed for 6W1F-pep3_l16_s84776_mpnn39, skipping interface scoring
Base AF2 filters not passed for 6W1F-pep3_l16_s84776_mpnn40, skipping interface scoring
Base AF2 filters not passed for 6W1F-pep3_l16_s84776_mpnn41, skipping interface scoring
Base AF2 filters not passed for 6W1F-pep3_l16_s84776_mpnn42, skipping interface scoring
Base AF2 filters not passed for 6W1F-pep3_l16_s84776_mpnn43, skipping interface scoring
Base AF2 filters not passed for 6W1F-pep3_l16_s84776_mpnn44, skipping interface scoring
No accepted MPNN designs found for this trajectory.

Design and validation of trajectory 6W1F-pep3_l16_s84776 took: 0 hours, 13 minutes, 4 seconds

Processing trajectory 6W1F-pep3_l14_s671382
Base AF2 filters not passed for 6W1F-pep3_l14_s671382_mpnn1, skipping interface scoring
Base AF2 filters not passed for 6W1F-pep3_l14_s671382_mpnn2, skipping interface scoring
6W1F-pep3_l14_s671382_mpnn3 passed all filters
Base AF2 filters not passed for 6W1F-pep3_l14_s671382_mpnn4, skipping interface scoring
Base AF2 filters not passed for 6W1F-pep3_l14_s671382_mpnn5, skipping interface scoring
Base AF2 filters not passed for 6W1F-pep3_l14_s671382_mpnn6, skipping interface scoring
Base AF2 filters not passed for 6W1F-pep3_l14_s671382_mpnn7, skipping interface scoring
6W1F-pep3_l14_s671382_mpnn8 passed all filters
Base AF2 filters not passed for 6W1F-pep3_l14_s671382_mpnn9, skipping interface scoring
6W1F-pep3_l14_s671382_mpnn10 passed all filters
Base AF2 filters not passed for 6W1F-pep3_l14_s671382_mpnn11, skipping interface scoring
Base AF2 filters not passed for 6W1F-pep3_l14_s671382_mpnn12, skipping interface scoring
Base AF2 filters not passed for 6W1F-pep3_l14_s671382_mpnn13, skipping interface scoring
Base AF2 filters not passed for 6W1F-pep3_l14_s671382_mpnn14, skipping interface scoring
6W1F-pep3_l14_s671382_mpnn15 passed all filters
Base AF2 filters not passed for 6W1F-pep3_l14_s671382_mpnn16, skipping interface scoring
Base AF2 filters not passed for 6W1F-pep3_l14_s671382_mpnn17, skipping interface scoring
Base AF2 filters not passed for 6W1F-pep3_l14_s671382_mpnn18, skipping interface scoring
Found 4 MPNN designs passing filters

Design and validation of trajectory 6W1F-pep3_l14_s671382 took: 0 hours, 30 minutes, 25 seconds

Processing trajectory 6W1F-pep3_l17_s929694
Base AF2 filters not passed for 6W1F-pep3_l17_s929694_mpnn1, skipping interface scoring
Base AF2 filters not passed for 6W1F-pep3_l17_s929694_mpnn2, skipping interface scoring
Unmet filter conditions for 6W1F-pep3_l17_s929694_mpnn3
Base AF2 filters not passed for 6W1F-pep3_l17_s929694_mpnn4, skipping interface scoring
6W1F-pep3_l17_s929694_mpnn5 passed all filters
Unmet filter conditions for 6W1F-pep3_l17_s929694_mpnn6
Unmet filter conditions for 6W1F-pep3_l17_s929694_mpnn7
Unmet filter conditions for 6W1F-pep3_l17_s929694_mpnn8
Base AF2 filters not passed for 6W1F-pep3_l17_s929694_mpnn9, skipping interface scoring
Base AF2 filters not passed for 6W1F-pep3_l17_s929694_mpnn10, skipping interface scoring
Base AF2 filters not passed for 6W1F-pep3_l17_s929694_mpnn11, skipping interface scoring
Base AF2 filters not passed for 6W1F-pep3_l17_s929694_mpnn12, skipping interface scoring
Base AF2 filters not passed for 6W1F-pep3_l17_s929694_mpnn13, skipping interface scoring
Base AF2 filters not passed for 6W1F-pep3_l17_s929694_mpnn14, skipping interface scoring
Base AF2 filters not passed for 6W1F-pep3_l17_s929694_mpnn15, skipping interface scoring
Base AF2 filters not passed for 6W1F-pep3_l17_s929694_mpnn16, skipping interface scoring
Base AF2 filters not passed for 6W1F-pep3_l17_s929694_mpnn17, skipping interface scoring
Base AF2 filters not passed for 6W1F-pep3_l17_s929694_mpnn18, skipping interface scoring
Unmet filter conditions for 6W1F-pep3_l17_s929694_mpnn19
Base AF2 filters not passed for 6W1F-pep3_l17_s929694_mpnn20, skipping interface scoring
Unmet filter conditions for 6W1F-pep3_l17_s929694_mpnn21
Base AF2 filters not passed for 6W1F-pep3_l17_s929694_mpnn22, skipping interface scoring
Base AF2 filters not passed for 6W1F-pep3_l17_s929694_mpnn23, skipping interface scoring
Base AF2 filters not passed for 6W1F-pep3_l17_s929694_mpnn24, skipping interface scoring
Unmet filter conditions for 6W1F-pep3_l17_s929694_mpnn25
Base AF2 filters not passed for 6W1F-pep3_l17_s929694_mpnn26, skipping interface scoring
Base AF2 filters not passed for 6W1F-pep3_l17_s929694_mpnn27, skipping interface scoring
Base AF2 filters not passed for 6W1F-pep3_l17_s929694_mpnn28, skipping interface scoring
6W1F-pep3_l17_s929694_mpnn29 passed all filters
Base AF2 filters not passed for 6W1F-pep3_l17_s929694_mpnn30, skipping interface scoring
Base AF2 filters not passed for 6W1F-pep3_l17_s929694_mpnn31, skipping interface scoring
Base AF2 filters not passed for 6W1F-pep3_l17_s929694_mpnn32, skipping interface scoring
Base AF2 filters not passed for 6W1F-pep3_l17_s929694_mpnn33, skipping interface scoring
Base AF2 filters not passed for 6W1F-pep3_l17_s929694_mpnn34, skipping interface scoring
Base AF2 filters not passed for 6W1F-pep3_l17_s929694_mpnn35, skipping interface scoring
Base AF2 filters not passed for 6W1F-pep3_l17_s929694_mpnn36, skipping interface scoring
Base AF2 filters not passed for 6W1F-pep3_l17_s929694_mpnn37, skipping interface scoring
Unmet filter conditions for 6W1F-pep3_l17_s929694_mpnn38
Unmet filter conditions for 6W1F-pep3_l17_s929694_mpnn39
Base AF2 filters not passed for 6W1F-pep3_l17_s929694_mpnn40, skipping interface scoring
Base AF2 filters not passed for 6W1F-pep3_l17_s929694_mpnn41, skipping interface scoring
Base AF2 filters not passed for 6W1F-pep3_l17_s929694_mpnn42, skipping interface scoring
Base AF2 filters not passed for 6W1F-pep3_l17_s929694_mpnn43, skipping interface scoring
Base AF2 filters not passed for 6W1F-pep3_l17_s929694_mpnn44, skipping interface scoring
Base AF2 filters not passed for 6W1F-pep3_l17_s929694_mpnn45, skipping interface scoring
Base AF2 filters not passed for 6W1F-pep3_l17_s929694_mpnn46, skipping interface scoring
Base AF2 filters not passed for 6W1F-pep3_l17_s929694_mpnn47, skipping interface scoring
Base AF2 filters not passed for 6W1F-pep3_l17_s929694_mpnn48, skipping interface scoring
Found 2 MPNN designs passing filters

Design and validation of trajectory 6W1F-pep3_l17_s929694 took: 1 hours, 30 minutes, 6 seconds

Processing trajectory 6W1F-pep3_l14_s736683
Base AF2 filters not passed for 6W1F-pep3_l14_s736683_mpnn1, skipping interface scoring
Base AF2 filters not passed for 6W1F-pep3_l14_s736683_mpnn2, skipping interface scoring
Base AF2 filters not passed for 6W1F-pep3_l14_s736683_mpnn3, skipping interface scoring
Base AF2 filters not passed for 6W1F-pep3_l14_s736683_mpnn4, skipping interface scoring
Base AF2 filters not passed for 6W1F-pep3_l14_s736683_mpnn5, skipping interface scoring
Base AF2 filters not passed for 6W1F-pep3_l14_s736683_mpnn6, skipping interface scoring
Base AF2 filters not passed for 6W1F-pep3_l14_s736683_mpnn7, skipping interface scoring
Base AF2 filters not passed for 6W1F-pep3_l14_s736683_mpnn8, skipping interface scoring
Base AF2 filters not passed for 6W1F-pep3_l14_s736683_mpnn9, skipping interface scoring
Base AF2 filters not passed for 6W1F-pep3_l14_s736683_mpnn10, skipping interface scoring
Base AF2 filters not passed for 6W1F-pep3_l14_s736683_mpnn11, skipping interface scoring
Base AF2 filters not passed for 6W1F-pep3_l14_s736683_mpnn12, skipping interface scoring
Base AF2 filters not passed for 6W1F-pep3_l14_s736683_mpnn13, skipping interface scoring
Base AF2 filters not passed for 6W1F-pep3_l14_s736683_mpnn14, skipping interface scoring
Base AF2 filters not passed for 6W1F-pep3_l14_s736683_mpnn15, skipping interface scoring
Base AF2 filters not passed for 6W1F-pep3_l14_s736683_mpnn16, skipping interface scoring
Base AF2 filters not passed for 6W1F-pep3_l14_s736683_mpnn17, skipping interface scoring
Base AF2 filters not passed for 6W1F-pep3_l14_s736683_mpnn18, skipping interface scoring
Base AF2 filters not passed for 6W1F-pep3_l14_s736683_mpnn19, skipping interface scoring
Base AF2 filters not passed for 6W1F-pep3_l14_s736683_mpnn20, skipping interface scoring
Base AF2 filters not passed for 6W1F-pep3_l14_s736683_mpnn21, skipping interface scoring
Base AF2 filters not passed for 6W1F-pep3_l14_s736683_mpnn22, skipping interface scoring
Base AF2 filters not passed for 6W1F-pep3_l14_s736683_mpnn23, skipping interface scoring
Base AF2 filters not passed for 6W1F-pep3_l14_s736683_mpnn24, skipping interface scoring
Base AF2 filters not passed for 6W1F-pep3_l14_s736683_mpnn25, skipping interface scoring
Base AF2 filters not passed for 6W1F-pep3_l14_s736683_mpnn26, skipping interface scoring
Base AF2 filters not passed for 6W1F-pep3_l14_s736683_mpnn27, skipping interface scoring
Base AF2 filters not passed for 6W1F-pep3_l14_s736683_mpnn28, skipping interface scoring
Base AF2 filters not passed for 6W1F-pep3_l14_s736683_mpnn29, skipping interface scoring
Base AF2 filters not passed for 6W1F-pep3_l14_s736683_mpnn30, skipping interface scoring
Base AF2 filters not passed for 6W1F-pep3_l14_s736683_mpnn31, skipping interface scoring
Base AF2 filters not passed for 6W1F-pep3_l14_s736683_mpnn32, skipping interface scoring
Base AF2 filters not passed for 6W1F-pep3_l14_s736683_mpnn33, skipping interface scoring
Base AF2 filters not passed for 6W1F-pep3_l14_s736683_mpnn34, skipping interface scoring
Base AF2 filters not passed for 6W1F-pep3_l14_s736683_mpnn35, skipping interface scoring
Base AF2 filters not passed for 6W1F-pep3_l14_s736683_mpnn36, skipping interface scoring
Base AF2 filters not passed for 6W1F-pep3_l14_s736683_mpnn37, skipping interface scoring
Base AF2 filters not passed for 6W1F-pep3_l14_s736683_mpnn38, skipping interface scoring
Base AF2 filters not passed for 6W1F-pep3_l14_s736683_mpnn39, skipping interface scoring
Base AF2 filters not passed for 6W1F-pep3_l14_s736683_mpnn40, skipping interface scoring
Base AF2 filters not passed for 6W1F-pep3_l14_s736683_mpnn41, skipping interface scoring
Base AF2 filters not passed for 6W1F-pep3_l14_s736683_mpnn42, skipping interface scoring
Base AF2 filters not passed for 6W1F-pep3_l14_s736683_mpnn43, skipping interface scoring
Base AF2 filters not passed for 6W1F-pep3_l14_s736683_mpnn44, skipping interface scoring
Base AF2 filters not passed for 6W1F-pep3_l14_s736683_mpnn45, skipping interface scoring
Base AF2 filters not passed for 6W1F-pep3_l14_s736683_mpnn46, skipping interface scoring
No accepted MPNN designs found for this trajectory.

Design and validation of trajectory 6W1F-pep3_l14_s736683 took: 0 hours, 16 minutes, 49 seconds

Processing trajectory 6W1F-pep3_l16_s459240
Base AF2 filters not passed for 6W1F-pep3_l16_s459240_mpnn1, skipping interface scoring
Base AF2 filters not passed for 6W1F-pep3_l16_s459240_mpnn2, skipping interface scoring
Base AF2 filters not passed for 6W1F-pep3_l16_s459240_mpnn3, skipping interface scoring
Base AF2 filters not passed for 6W1F-pep3_l16_s459240_mpnn4, skipping interface scoring
Base AF2 filters not passed for 6W1F-pep3_l16_s459240_mpnn5, skipping interface scoring
Base AF2 filters not passed for 6W1F-pep3_l16_s459240_mpnn6, skipping interface scoring
Base AF2 filters not passed for 6W1F-pep3_l16_s459240_mpnn7, skipping interface scoring
Base AF2 filters not passed for 6W1F-pep3_l16_s459240_mpnn8, skipping interface scoring
Base AF2 filters not passed for 6W1F-pep3_l16_s459240_mpnn9, skipping interface scoring
Base AF2 filters not passed for 6W1F-pep3_l16_s459240_mpnn10, skipping interface scoring
Base AF2 filters not passed for 6W1F-pep3_l16_s459240_mpnn11, skipping interface scoring
Base AF2 filters not passed for 6W1F-pep3_l16_s459240_mpnn12, skipping interface scoring
Base AF2 filters not passed for 6W1F-pep3_l16_s459240_mpnn13, skipping interface scoring
Base AF2 filters not passed for 6W1F-pep3_l16_s459240_mpnn14, skipping interface scoring
Base AF2 filters not passed for 6W1F-pep3_l16_s459240_mpnn15, skipping interface scoring
Base AF2 filters not passed for 6W1F-pep3_l16_s459240_mpnn16, skipping interface scoring
Base AF2 filters not passed for 6W1F-pep3_l16_s459240_mpnn17, skipping interface scoring
Base AF2 filters not passed for 6W1F-pep3_l16_s459240_mpnn18, skipping interface scoring
Base AF2 filters not passed for 6W1F-pep3_l16_s459240_mpnn19, skipping interface scoring
Base AF2 filters not passed for 6W1F-pep3_l16_s459240_mpnn20, skipping interface scoring
Base AF2 filters not passed for 6W1F-pep3_l16_s459240_mpnn21, skipping interface scoring
Base AF2 filters not passed for 6W1F-pep3_l16_s459240_mpnn22, skipping interface scoring
Base AF2 filters not passed for 6W1F-pep3_l16_s459240_mpnn23, skipping interface scoring
Base AF2 filters not passed for 6W1F-pep3_l16_s459240_mpnn24, skipping interface scoring
Base AF2 filters not passed for 6W1F-pep3_l16_s459240_mpnn25, skipping interface scoring
Base AF2 filters not passed for 6W1F-pep3_l16_s459240_mpnn26, skipping interface scoring
Base AF2 filters not passed for 6W1F-pep3_l16_s459240_mpnn27, skipping interface scoring
Base AF2 filters not passed for 6W1F-pep3_l16_s459240_mpnn28, skipping interface scoring
Base AF2 filters not passed for 6W1F-pep3_l16_s459240_mpnn29, skipping interface scoring
Base AF2 filters not passed for 6W1F-pep3_l16_s459240_mpnn30, skipping interface scoring
Base AF2 filters not passed for 6W1F-pep3_l16_s459240_mpnn31, skipping interface scoring
Base AF2 filters not passed for 6W1F-pep3_l16_s459240_mpnn32, skipping interface scoring
Base AF2 filters not passed for 6W1F-pep3_l16_s459240_mpnn33, skipping interface scoring
Base AF2 filters not passed for 6W1F-pep3_l16_s459240_mpnn34, skipping interface scoring
Base AF2 filters not passed for 6W1F-pep3_l16_s459240_mpnn35, skipping interface scoring
No accepted MPNN designs found for this trajectory.

Design and validation of trajectory 6W1F-pep3_l16_s459240 took: 0 hours, 10 minutes, 33 seconds

Processing trajectory 6W1F-pep3_l16_s519862
Base AF2 filters not passed for 6W1F-pep3_l16_s519862_mpnn1, skipping interface scoring
Base AF2 filters not passed for 6W1F-pep3_l16_s519862_mpnn2, skipping interface scoring
Base AF2 filters not passed for 6W1F-pep3_l16_s519862_mpnn3, skipping interface scoring
Base AF2 filters not passed for 6W1F-pep3_l16_s519862_mpnn4, skipping interface scoring
Base AF2 filters not passed for 6W1F-pep3_l16_s519862_mpnn5, skipping interface scoring
Base AF2 filters not passed for 6W1F-pep3_l16_s519862_mpnn6, skipping interface scoring
Base AF2 filters not passed for 6W1F-pep3_l16_s519862_mpnn7, skipping interface scoring
Base AF2 filters not passed for 6W1F-pep3_l16_s519862_mpnn8, skipping interface scoring
Base AF2 filters not passed for 6W1F-pep3_l16_s519862_mpnn9, skipping interface scoring
Base AF2 filters not passed for 6W1F-pep3_l16_s519862_mpnn10, skipping interface scoring
Base AF2 filters not passed for 6W1F-pep3_l16_s519862_mpnn11, skipping interface scoring
Base AF2 filters not passed for 6W1F-pep3_l16_s519862_mpnn12, skipping interface scoring
Base AF2 filters not passed for 6W1F-pep3_l16_s519862_mpnn13, skipping interface scoring
Base AF2 filters not passed for 6W1F-pep3_l16_s519862_mpnn14, skipping interface scoring
Base AF2 filters not passed for 6W1F-pep3_l16_s519862_mpnn15, skipping interface scoring
Base AF2 filters not passed for 6W1F-pep3_l16_s519862_mpnn16, skipping interface scoring
Base AF2 filters not passed for 6W1F-pep3_l16_s519862_mpnn17, skipping interface scoring
Base AF2 filters not passed for 6W1F-pep3_l16_s519862_mpnn18, skipping interface scoring
Base AF2 filters not passed for 6W1F-pep3_l16_s519862_mpnn19, skipping interface scoring
Base AF2 filters not passed for 6W1F-pep3_l16_s519862_mpnn20, skipping interface scoring
Base AF2 filters not passed for 6W1F-pep3_l16_s519862_mpnn21, skipping interface scoring
Base AF2 filters not passed for 6W1F-pep3_l16_s519862_mpnn22, skipping interface scoring
Base AF2 filters not passed for 6W1F-pep3_l16_s519862_mpnn23, skipping interface scoring
Base AF2 filters not passed for 6W1F-pep3_l16_s519862_mpnn24, skipping interface scoring
Base AF2 filters not passed for 6W1F-pep3_l16_s519862_mpnn25, skipping interface scoring
Base AF2 filters not passed for 6W1F-pep3_l16_s519862_mpnn26, skipping interface scoring
Base AF2 filters not passed for 6W1F-pep3_l16_s519862_mpnn27, skipping interface scoring
Base AF2 filters not passed for 6W1F-pep3_l16_s519862_mpnn28, skipping interface scoring
Base AF2 filters not passed for 6W1F-pep3_l16_s519862_mpnn29, skipping interface scoring
Base AF2 filters not passed for 6W1F-pep3_l16_s519862_mpnn30, skipping interface scoring
Base AF2 filters not passed for 6W1F-pep3_l16_s519862_mpnn31, skipping interface scoring
Base AF2 filters not passed for 6W1F-pep3_l16_s519862_mpnn32, skipping interface scoring
Base AF2 filters not passed for 6W1F-pep3_l16_s519862_mpnn33, skipping interface scoring
Base AF2 filters not passed for 6W1F-pep3_l16_s519862_mpnn34, skipping interface scoring
No accepted MPNN designs found for this trajectory.

Design and validation of trajectory 6W1F-pep3_l16_s519862 took: 0 hours, 10 minutes, 33 seconds

Processing trajectory 6W1F-pep3_l15_s57079
Unmet filter conditions for 6W1F-pep3_l15_s57079_mpnn1
Base AF2 filters not passed for 6W1F-pep3_l15_s57079_mpnn2, skipping interface scoring
Unmet filter conditions for 6W1F-pep3_l15_s57079_mpnn3
Unmet filter conditions for 6W1F-pep3_l15_s57079_mpnn4
Unmet filter conditions for 6W1F-pep3_l15_s57079_mpnn5
Base AF2 filters not passed for 6W1F-pep3_l15_s57079_mpnn6, skipping interface scoring
Base AF2 filters not passed for 6W1F-pep3_l15_s57079_mpnn7, skipping interface scoring
Base AF2 filters not passed for 6W1F-pep3_l15_s57079_mpnn8, skipping interface scoring
Unmet filter conditions for 6W1F-pep3_l15_s57079_mpnn9
Unmet filter conditions for 6W1F-pep3_l15_s57079_mpnn10
Unmet filter conditions for 6W1F-pep3_l15_s57079_mpnn11
Base AF2 filters not passed for 6W1F-pep3_l15_s57079_mpnn12, skipping interface scoring
Base AF2 filters not passed for 6W1F-pep3_l15_s57079_mpnn13, skipping interface scoring
Base AF2 filters not passed for 6W1F-pep3_l15_s57079_mpnn14, skipping interface scoring
Base AF2 filters not passed for 6W1F-pep3_l15_s57079_mpnn15, skipping interface scoring
Unmet filter conditions for 6W1F-pep3_l15_s57079_mpnn16
Unmet filter conditions for 6W1F-pep3_l15_s57079_mpnn17
Unmet filter conditions for 6W1F-pep3_l15_s57079_mpnn18
Unmet filter conditions for 6W1F-pep3_l15_s57079_mpnn19
Base AF2 filters not passed for 6W1F-pep3_l15_s57079_mpnn20, skipping interface scoring
Base AF2 filters not passed for 6W1F-pep3_l15_s57079_mpnn21, skipping interface scoring
Base AF2 filters not passed for 6W1F-pep3_l15_s57079_mpnn22, skipping interface scoring
No accepted MPNN designs found for this trajectory.

Design and validation of trajectory 6W1F-pep3_l15_s57079 took: 1 hours, 14 minutes, 16 seconds

Processing trajectory 6W1F-pep3_l13_s553504
Base AF2 filters not passed for 6W1F-pep3_l13_s553504_mpnn1, skipping interface scoring
Base AF2 filters not passed for 6W1F-pep3_l13_s553504_mpnn2, skipping interface scoring
Base AF2 filters not passed for 6W1F-pep3_l13_s553504_mpnn3, skipping interface scoring
Base AF2 filters not passed for 6W1F-pep3_l13_s553504_mpnn4, skipping interface scoring
Base AF2 filters not passed for 6W1F-pep3_l13_s553504_mpnn5, skipping interface scoring
Base AF2 filters not passed for 6W1F-pep3_l13_s553504_mpnn6, skipping interface scoring
Base AF2 filters not passed for 6W1F-pep3_l13_s553504_mpnn7, skipping interface scoring
Base AF2 filters not passed for 6W1F-pep3_l13_s553504_mpnn8, skipping interface scoring
Base AF2 filters not passed for 6W1F-pep3_l13_s553504_mpnn9, skipping interface scoring
Base AF2 filters not passed for 6W1F-pep3_l13_s553504_mpnn10, skipping interface scoring
Base AF2 filters not passed for 6W1F-pep3_l13_s553504_mpnn11, skipping interface scoring
Base AF2 filters not passed for 6W1F-pep3_l13_s553504_mpnn12, skipping interface scoring
Base AF2 filters not passed for 6W1F-pep3_l13_s553504_mpnn13, skipping interface scoring
Base AF2 filters not passed for 6W1F-pep3_l13_s553504_mpnn14, skipping interface scoring
Base AF2 filters not passed for 6W1F-pep3_l13_s553504_mpnn15, skipping interface scoring
Base AF2 filters not passed for 6W1F-pep3_l13_s553504_mpnn16, skipping interface scoring
Base AF2 filters not passed for 6W1F-pep3_l13_s553504_mpnn17, skipping interface scoring
Base AF2 filters not passed for 6W1F-pep3_l13_s553504_mpnn18, skipping interface scoring
Base AF2 filters not passed for 6W1F-pep3_l13_s553504_mpnn19, skipping interface scoring
Base AF2 filters not passed for 6W1F-pep3_l13_s553504_mpnn20, skipping interface scoring
Base AF2 filters not passed for 6W1F-pep3_l13_s553504_mpnn21, skipping interface scoring
Base AF2 filters not passed for 6W1F-pep3_l13_s553504_mpnn22, skipping interface scoring
Base AF2 filters not passed for 6W1F-pep3_l13_s553504_mpnn23, skipping interface scoring
Base AF2 filters not passed for 6W1F-pep3_l13_s553504_mpnn24, skipping interface scoring
Base AF2 filters not passed for 6W1F-pep3_l13_s553504_mpnn25, skipping interface scoring
Base AF2 filters not passed for 6W1F-pep3_l13_s553504_mpnn26, skipping interface scoring
Base AF2 filters not passed for 6W1F-pep3_l13_s553504_mpnn27, skipping interface scoring
Base AF2 filters not passed for 6W1F-pep3_l13_s553504_mpnn28, skipping interface scoring
Base AF2 filters not passed for 6W1F-pep3_l13_s553504_mpnn29, skipping interface scoring
Base AF2 filters not passed for 6W1F-pep3_l13_s553504_mpnn30, skipping interface scoring
Base AF2 filters not passed for 6W1F-pep3_l13_s553504_mpnn31, skipping interface scoring
Base AF2 filters not passed for 6W1F-pep3_l13_s553504_mpnn32, skipping interface scoring
No accepted MPNN designs found for this trajectory.

Design and validation of trajectory 6W1F-pep3_l13_s553504 took: 0 hours, 10 minutes, 10 seconds

Processing trajectory 6W1F-pep3_l15_s100113
Base AF2 filters not passed for 6W1F-pep3_l15_s100113_mpnn1, skipping interface scoring
Base AF2 filters not passed for 6W1F-pep3_l15_s100113_mpnn2, skipping interface scoring
Base AF2 filters not passed for 6W1F-pep3_l15_s100113_mpnn3, skipping interface scoring
Base AF2 filters not passed for 6W1F-pep3_l15_s100113_mpnn4, skipping interface scoring
Base AF2 filters not passed for 6W1F-pep3_l15_s100113_mpnn5, skipping interface scoring
Base AF2 filters not passed for 6W1F-pep3_l15_s100113_mpnn6, skipping interface scoring
6W1F-pep3_l15_s100113_mpnn7 passed all filters
Base AF2 filters not passed for 6W1F-pep3_l15_s100113_mpnn8, skipping interface scoring
Base AF2 filters not passed for 6W1F-pep3_l15_s100113_mpnn9, skipping interface scoring
Base AF2 filters not passed for 6W1F-pep3_l15_s100113_mpnn10, skipping interface scoring
Base AF2 filters not passed for 6W1F-pep3_l15_s100113_mpnn11, skipping interface scoring
Base AF2 filters not passed for 6W1F-pep3_l15_s100113_mpnn12, skipping interface scoring
Base AF2 filters not passed for 6W1F-pep3_l15_s100113_mpnn13, skipping interface scoring
Base AF2 filters not passed for 6W1F-pep3_l15_s100113_mpnn14, skipping interface scoring
Base AF2 filters not passed for 6W1F-pep3_l15_s100113_mpnn15, skipping interface scoring
Base AF2 filters not passed for 6W1F-pep3_l15_s100113_mpnn16, skipping interface scoring
Base AF2 filters not passed for 6W1F-pep3_l15_s100113_mpnn17, skipping interface scoring
Base AF2 filters not passed for 6W1F-pep3_l15_s100113_mpnn18, skipping interface scoring
Base AF2 filters not passed for 6W1F-pep3_l15_s100113_mpnn19, skipping interface scoring
Base AF2 filters not passed for 6W1F-pep3_l15_s100113_mpnn20, skipping interface scoring
Base AF2 filters not passed for 6W1F-pep3_l15_s100113_mpnn21, skipping interface scoring
Base AF2 filters not passed for 6W1F-pep3_l15_s100113_mpnn22, skipping interface scoring
Base AF2 filters not passed for 6W1F-pep3_l15_s100113_mpnn23, skipping interface scoring
Base AF2 filters not passed for 6W1F-pep3_l15_s100113_mpnn24, skipping interface scoring
Base AF2 filters not passed for 6W1F-pep3_l15_s100113_mpnn25, skipping interface scoring
Base AF2 filters not passed for 6W1F-pep3_l15_s100113_mpnn26, skipping interface scoring
Base AF2 filters not passed for 6W1F-pep3_l15_s100113_mpnn27, skipping interface scoring
Base AF2 filters not passed for 6W1F-pep3_l15_s100113_mpnn28, skipping interface scoring
Base AF2 filters not passed for 6W1F-pep3_l15_s100113_mpnn29, skipping interface scoring
Base AF2 filters not passed for 6W1F-pep3_l15_s100113_mpnn30, skipping interface scoring
Base AF2 filters not passed for 6W1F-pep3_l15_s100113_mpnn31, skipping interface scoring
Base AF2 filters not passed for 6W1F-pep3_l15_s100113_mpnn32, skipping interface scoring
Base AF2 filters not passed for 6W1F-pep3_l15_s100113_mpnn33, skipping interface scoring
Base AF2 filters not passed for 6W1F-pep3_l15_s100113_mpnn34, skipping interface scoring
Base AF2 filters not passed for 6W1F-pep3_l15_s100113_mpnn35, skipping interface scoring
Base AF2 filters not passed for 6W1F-pep3_l15_s100113_mpnn36, skipping interface scoring
Base AF2 filters not passed for 6W1F-pep3_l15_s100113_mpnn37, skipping interface scoring
Base AF2 filters not passed for 6W1F-pep3_l15_s100113_mpnn38, skipping interface scoring
Base AF2 filters not passed for 6W1F-pep3_l15_s100113_mpnn39, skipping interface scoring
Base AF2 filters not passed for 6W1F-pep3_l15_s100113_mpnn40, skipping interface scoring
Base AF2 filters not passed for 6W1F-pep3_l15_s100113_mpnn41, skipping interface scoring
Base AF2 filters not passed for 6W1F-pep3_l15_s100113_mpnn42, skipping interface scoring
Base AF2 filters not passed for 6W1F-pep3_l15_s100113_mpnn43, skipping interface scoring
Base AF2 filters not passed for 6W1F-pep3_l15_s100113_mpnn44, skipping interface scoring
Base AF2 filters not passed for 6W1F-pep3_l15_s100113_mpnn45, skipping interface scoring
Found 1 MPNN designs passing filters

Design and validation of trajectory 6W1F-pep3_l15_s100113 took: 0 hours, 23 minutes, 6 seconds

Processing trajectory 6W1F-pep3_l14_s593935
Base AF2 filters not passed for 6W1F-pep3_l14_s593935_mpnn1, skipping interface scoring
Base AF2 filters not passed for 6W1F-pep3_l14_s593935_mpnn2, skipping interface scoring
Base AF2 filters not passed for 6W1F-pep3_l14_s593935_mpnn3, skipping interface scoring
Base AF2 filters not passed for 6W1F-pep3_l14_s593935_mpnn4, skipping interface scoring
Base AF2 filters not passed for 6W1F-pep3_l14_s593935_mpnn5, skipping interface scoring
Base AF2 filters not passed for 6W1F-pep3_l14_s593935_mpnn6, skipping interface scoring
Base AF2 filters not passed for 6W1F-pep3_l14_s593935_mpnn7, skipping interface scoring
Base AF2 filters not passed for 6W1F-pep3_l14_s593935_mpnn8, skipping interface scoring
Base AF2 filters not passed for 6W1F-pep3_l14_s593935_mpnn9, skipping interface scoring
Base AF2 filters not passed for 6W1F-pep3_l14_s593935_mpnn10, skipping interface scoring
Base AF2 filters not passed for 6W1F-pep3_l14_s593935_mpnn11, skipping interface scoring
Base AF2 filters not passed for 6W1F-pep3_l14_s593935_mpnn12, skipping interface scoring
Base AF2 filters not passed for 6W1F-pep3_l14_s593935_mpnn13, skipping interface scoring
Base AF2 filters not passed for 6W1F-pep3_l14_s593935_mpnn14, skipping interface scoring
Base AF2 filters not passed for 6W1F-pep3_l14_s593935_mpnn15, skipping interface scoring
Base AF2 filters not passed for 6W1F-pep3_l14_s593935_mpnn16, skipping interface scoring
Base AF2 filters not passed for 6W1F-pep3_l14_s593935_mpnn17, skipping interface scoring
Base AF2 filters not passed for 6W1F-pep3_l14_s593935_mpnn18, skipping interface scoring
Base AF2 filters not passed for 6W1F-pep3_l14_s593935_mpnn19, skipping interface scoring
Base AF2 filters not passed for 6W1F-pep3_l14_s593935_mpnn20, skipping interface scoring
Base AF2 filters not passed for 6W1F-pep3_l14_s593935_mpnn21, skipping interface scoring
Base AF2 filters not passed for 6W1F-pep3_l14_s593935_mpnn22, skipping interface scoring
Base AF2 filters not passed for 6W1F-pep3_l14_s593935_mpnn23, skipping interface scoring
Base AF2 filters not passed for 6W1F-pep3_l14_s593935_mpnn24, skipping interface scoring
Base AF2 filters not passed for 6W1F-pep3_l14_s593935_mpnn25, skipping interface scoring
Base AF2 filters not passed for 6W1F-pep3_l14_s593935_mpnn26, skipping interface scoring
Base AF2 filters not passed for 6W1F-pep3_l14_s593935_mpnn27, skipping interface scoring
Base AF2 filters not passed for 6W1F-pep3_l14_s593935_mpnn28, skipping interface scoring
No accepted MPNN designs found for this trajectory.

Design and validation of trajectory 6W1F-pep3_l14_s593935 took: 0 hours, 9 minutes, 40 seconds

Processing trajectory 6W1F-pep3_l13_s758667
Base AF2 filters not passed for 6W1F-pep3_l13_s758667_mpnn1, skipping interface scoring
Base AF2 filters not passed for 6W1F-pep3_l13_s758667_mpnn2, skipping interface scoring
Base AF2 filters not passed for 6W1F-pep3_l13_s758667_mpnn3, skipping interface scoring
Base AF2 filters not passed for 6W1F-pep3_l13_s758667_mpnn4, skipping interface scoring
Base AF2 filters not passed for 6W1F-pep3_l13_s758667_mpnn5, skipping interface scoring
Base AF2 filters not passed for 6W1F-pep3_l13_s758667_mpnn6, skipping interface scoring
Base AF2 filters not passed for 6W1F-pep3_l13_s758667_mpnn7, skipping interface scoring
Base AF2 filters not passed for 6W1F-pep3_l13_s758667_mpnn8, skipping interface scoring
Base AF2 filters not passed for 6W1F-pep3_l13_s758667_mpnn9, skipping interface scoring
Base AF2 filters not passed for 6W1F-pep3_l13_s758667_mpnn10, skipping interface scoring
Base AF2 filters not passed for 6W1F-pep3_l13_s758667_mpnn11, skipping interface scoring
Base AF2 filters not passed for 6W1F-pep3_l13_s758667_mpnn12, skipping interface scoring
Base AF2 filters not passed for 6W1F-pep3_l13_s758667_mpnn13, skipping interface scoring
Base AF2 filters not passed for 6W1F-pep3_l13_s758667_mpnn14, skipping interface scoring
Base AF2 filters not passed for 6W1F-pep3_l13_s758667_mpnn15, skipping interface scoring
Base AF2 filters not passed for 6W1F-pep3_l13_s758667_mpnn16, skipping interface scoring
Base AF2 filters not passed for 6W1F-pep3_l13_s758667_mpnn17, skipping interface scoring
Base AF2 filters not passed for 6W1F-pep3_l13_s758667_mpnn18, skipping interface scoring
Base AF2 filters not passed for 6W1F-pep3_l13_s758667_mpnn19, skipping interface scoring
Base AF2 filters not passed for 6W1F-pep3_l13_s758667_mpnn20, skipping interface scoring
Base AF2 filters not passed for 6W1F-pep3_l13_s758667_mpnn21, skipping interface scoring
Base AF2 filters not passed for 6W1F-pep3_l13_s758667_mpnn22, skipping interface scoring
Base AF2 filters not passed for 6W1F-pep3_l13_s758667_mpnn23, skipping interface scoring
Base AF2 filters not passed for 6W1F-pep3_l13_s758667_mpnn24, skipping interface scoring
Base AF2 filters not passed for 6W1F-pep3_l13_s758667_mpnn25, skipping interface scoring
No accepted MPNN designs found for this trajectory.

Design and validation of trajectory 6W1F-pep3_l13_s758667 took: 0 hours, 8 minutes, 6 seconds

Processing trajectory 6W1F-pep3_l17_s893663
Base AF2 filters not passed for 6W1F-pep3_l17_s893663_mpnn1, skipping interface scoring
Base AF2 filters not passed for 6W1F-pep3_l17_s893663_mpnn2, skipping interface scoring
Base AF2 filters not passed for 6W1F-pep3_l17_s893663_mpnn3, skipping interface scoring
Base AF2 filters not passed for 6W1F-pep3_l17_s893663_mpnn4, skipping interface scoring
Base AF2 filters not passed for 6W1F-pep3_l17_s893663_mpnn5, skipping interface scoring
Base AF2 filters not passed for 6W1F-pep3_l17_s893663_mpnn6, skipping interface scoring
Base AF2 filters not passed for 6W1F-pep3_l17_s893663_mpnn7, skipping interface scoring
Base AF2 filters not passed for 6W1F-pep3_l17_s893663_mpnn8, skipping interface scoring
Base AF2 filters not passed for 6W1F-pep3_l17_s893663_mpnn9, skipping interface scoring
Base AF2 filters not passed for 6W1F-pep3_l17_s893663_mpnn10, skipping interface scoring
Base AF2 filters not passed for 6W1F-pep3_l17_s893663_mpnn11, skipping interface scoring
Base AF2 filters not passed for 6W1F-pep3_l17_s893663_mpnn12, skipping interface scoring
Base AF2 filters not passed for 6W1F-pep3_l17_s893663_mpnn13, skipping interface scoring
Base AF2 filters not passed for 6W1F-pep3_l17_s893663_mpnn14, skipping interface scoring
Base AF2 filters not passed for 6W1F-pep3_l17_s893663_mpnn15, skipping interface scoring
Base AF2 filters not passed for 6W1F-pep3_l17_s893663_mpnn16, skipping interface scoring
Base AF2 filters not passed for 6W1F-pep3_l17_s893663_mpnn17, skipping interface scoring
Base AF2 filters not passed for 6W1F-pep3_l17_s893663_mpnn18, skipping interface scoring
Base AF2 filters not passed for 6W1F-pep3_l17_s893663_mpnn19, skipping interface scoring
Base AF2 filters not passed for 6W1F-pep3_l17_s893663_mpnn20, skipping interface scoring
Base AF2 filters not passed for 6W1F-pep3_l17_s893663_mpnn21, skipping interface scoring
Base AF2 filters not passed for 6W1F-pep3_l17_s893663_mpnn22, skipping interface scoring
Base AF2 filters not passed for 6W1F-pep3_l17_s893663_mpnn23, skipping interface scoring
Base AF2 filters not passed for 6W1F-pep3_l17_s893663_mpnn24, skipping interface scoring
Base AF2 filters not passed for 6W1F-pep3_l17_s893663_mpnn25, skipping interface scoring
Base AF2 filters not passed for 6W1F-pep3_l17_s893663_mpnn26, skipping interface scoring
Base AF2 filters not passed for 6W1F-pep3_l17_s893663_mpnn27, skipping interface scoring
Base AF2 filters not passed for 6W1F-pep3_l17_s893663_mpnn28, skipping interface scoring
Base AF2 filters not passed for 6W1F-pep3_l17_s893663_mpnn29, skipping interface scoring
Base AF2 filters not passed for 6W1F-pep3_l17_s893663_mpnn30, skipping interface scoring
Base AF2 filters not passed for 6W1F-pep3_l17_s893663_mpnn31, skipping interface scoring
Base AF2 filters not passed for 6W1F-pep3_l17_s893663_mpnn32, skipping interface scoring
Base AF2 filters not passed for 6W1F-pep3_l17_s893663_mpnn33, skipping interface scoring
Base AF2 filters not passed for 6W1F-pep3_l17_s893663_mpnn34, skipping interface scoring
Base AF2 filters not passed for 6W1F-pep3_l17_s893663_mpnn35, skipping interface scoring
Base AF2 filters not passed for 6W1F-pep3_l17_s893663_mpnn36, skipping interface scoring
Base AF2 filters not passed for 6W1F-pep3_l17_s893663_mpnn37, skipping interface scoring
Base AF2 filters not passed for 6W1F-pep3_l17_s893663_mpnn38, skipping interface scoring
Base AF2 filters not passed for 6W1F-pep3_l17_s893663_mpnn39, skipping interface scoring
Base AF2 filters not passed for 6W1F-pep3_l17_s893663_mpnn40, skipping interface scoring
Base AF2 filters not passed for 6W1F-pep3_l17_s893663_mpnn41, skipping interface scoring
Base AF2 filters not passed for 6W1F-pep3_l17_s893663_mpnn42, skipping interface scoring
Base AF2 filters not passed for 6W1F-pep3_l17_s893663_mpnn43, skipping interface scoring
Base AF2 filters not passed for 6W1F-pep3_l17_s893663_mpnn44, skipping interface scoring
Base AF2 filters not passed for 6W1F-pep3_l17_s893663_mpnn45, skipping interface scoring
No accepted MPNN designs found for this trajectory.

Design and validation of trajectory 6W1F-pep3_l17_s893663 took: 0 hours, 14 minutes, 29 seconds

Processing trajectory 6W1F-pep3_l15_s284581
Base AF2 filters not passed for 6W1F-pep3_l15_s284581_mpnn1, skipping interface scoring
Base AF2 filters not passed for 6W1F-pep3_l15_s284581_mpnn2, skipping interface scoring
Base AF2 filters not passed for 6W1F-pep3_l15_s284581_mpnn3, skipping interface scoring
Base AF2 filters not passed for 6W1F-pep3_l15_s284581_mpnn4, skipping interface scoring
Base AF2 filters not passed for 6W1F-pep3_l15_s284581_mpnn5, skipping interface scoring
Unmet filter conditions for 6W1F-pep3_l15_s284581_mpnn6
Base AF2 filters not passed for 6W1F-pep3_l15_s284581_mpnn7, skipping interface scoring
Base AF2 filters not passed for 6W1F-pep3_l15_s284581_mpnn8, skipping interface scoring
Base AF2 filters not passed for 6W1F-pep3_l15_s284581_mpnn9, skipping interface scoring
Base AF2 filters not passed for 6W1F-pep3_l15_s284581_mpnn10, skipping interface scoring
Base AF2 filters not passed for 6W1F-pep3_l15_s284581_mpnn11, skipping interface scoring
Base AF2 filters not passed for 6W1F-pep3_l15_s284581_mpnn12, skipping interface scoring
Base AF2 filters not passed for 6W1F-pep3_l15_s284581_mpnn13, skipping interface scoring
Base AF2 filters not passed for 6W1F-pep3_l15_s284581_mpnn14, skipping interface scoring
Base AF2 filters not passed for 6W1F-pep3_l15_s284581_mpnn15, skipping interface scoring
Base AF2 filters not passed for 6W1F-pep3_l15_s284581_mpnn16, skipping interface scoring
Base AF2 filters not passed for 6W1F-pep3_l15_s284581_mpnn17, skipping interface scoring
Unmet filter conditions for 6W1F-pep3_l15_s284581_mpnn18
Base AF2 filters not passed for 6W1F-pep3_l15_s284581_mpnn19, skipping interface scoring
Base AF2 filters not passed for 6W1F-pep3_l15_s284581_mpnn20, skipping interface scoring
Base AF2 filters not passed for 6W1F-pep3_l15_s284581_mpnn21, skipping interface scoring
Base AF2 filters not passed for 6W1F-pep3_l15_s284581_mpnn22, skipping interface scoring
Base AF2 filters not passed for 6W1F-pep3_l15_s284581_mpnn23, skipping interface scoring
Base AF2 filters not passed for 6W1F-pep3_l15_s284581_mpnn24, skipping interface scoring
Base AF2 filters not passed for 6W1F-pep3_l15_s284581_mpnn25, skipping interface scoring
Base AF2 filters not passed for 6W1F-pep3_l15_s284581_mpnn26, skipping interface scoring
Base AF2 filters not passed for 6W1F-pep3_l15_s284581_mpnn27, skipping interface scoring
Base AF2 filters not passed for 6W1F-pep3_l15_s284581_mpnn28, skipping interface scoring
Base AF2 filters not passed for 6W1F-pep3_l15_s284581_mpnn29, skipping interface scoring
Base AF2 filters not passed for 6W1F-pep3_l15_s284581_mpnn30, skipping interface scoring
Base AF2 filters not passed for 6W1F-pep3_l15_s284581_mpnn31, skipping interface scoring
Base AF2 filters not passed for 6W1F-pep3_l15_s284581_mpnn32, skipping interface scoring
Base AF2 filters not passed for 6W1F-pep3_l15_s284581_mpnn33, skipping interface scoring
Base AF2 filters not passed for 6W1F-pep3_l15_s284581_mpnn34, skipping interface scoring
Base AF2 filters not passed for 6W1F-pep3_l15_s284581_mpnn35, skipping interface scoring
Base AF2 filters not passed for 6W1F-pep3_l15_s284581_mpnn36, skipping interface scoring
Base AF2 filters not passed for 6W1F-pep3_l15_s284581_mpnn37, skipping interface scoring
Base AF2 filters not passed for 6W1F-pep3_l15_s284581_mpnn38, skipping interface scoring
Unmet filter conditions for 6W1F-pep3_l15_s284581_mpnn39
Base AF2 filters not passed for 6W1F-pep3_l15_s284581_mpnn40, skipping interface scoring
Base AF2 filters not passed for 6W1F-pep3_l15_s284581_mpnn41, skipping interface scoring
Base AF2 filters not passed for 6W1F-pep3_l15_s284581_mpnn42, skipping interface scoring
Base AF2 filters not passed for 6W1F-pep3_l15_s284581_mpnn43, skipping interface scoring
Base AF2 filters not passed for 6W1F-pep3_l15_s284581_mpnn44, skipping interface scoring
Unmet filter conditions for 6W1F-pep3_l15_s284581_mpnn45
No accepted MPNN designs found for this trajectory.

Design and validation of trajectory 6W1F-pep3_l15_s284581 took: 0 hours, 39 minutes, 52 seconds

Processing trajectory 6W1F-pep3_l16_s272811
Base AF2 filters not passed for 6W1F-pep3_l16_s272811_mpnn1, skipping interface scoring
Base AF2 filters not passed for 6W1F-pep3_l16_s272811_mpnn2, skipping interface scoring
Base AF2 filters not passed for 6W1F-pep3_l16_s272811_mpnn3, skipping interface scoring
Base AF2 filters not passed for 6W1F-pep3_l16_s272811_mpnn4, skipping interface scoring
Base AF2 filters not passed for 6W1F-pep3_l16_s272811_mpnn5, skipping interface scoring
Base AF2 filters not passed for 6W1F-pep3_l16_s272811_mpnn6, skipping interface scoring
Base AF2 filters not passed for 6W1F-pep3_l16_s272811_mpnn7, skipping interface scoring
Base AF2 filters not passed for 6W1F-pep3_l16_s272811_mpnn8, skipping interface scoring
Base AF2 filters not passed for 6W1F-pep3_l16_s272811_mpnn9, skipping interface scoring
Base AF2 filters not passed for 6W1F-pep3_l16_s272811_mpnn10, skipping interface scoring
Base AF2 filters not passed for 6W1F-pep3_l16_s272811_mpnn11, skipping interface scoring
Base AF2 filters not passed for 6W1F-pep3_l16_s272811_mpnn12, skipping interface scoring
Base AF2 filters not passed for 6W1F-pep3_l16_s272811_mpnn13, skipping interface scoring
Base AF2 filters not passed for 6W1F-pep3_l16_s272811_mpnn14, skipping interface scoring
Base AF2 filters not passed for 6W1F-pep3_l16_s272811_mpnn15, skipping interface scoring
Base AF2 filters not passed for 6W1F-pep3_l16_s272811_mpnn16, skipping interface scoring
Base AF2 filters not passed for 6W1F-pep3_l16_s272811_mpnn17, skipping interface scoring
Base AF2 filters not passed for 6W1F-pep3_l16_s272811_mpnn18, skipping interface scoring
Base AF2 filters not passed for 6W1F-pep3_l16_s272811_mpnn19, skipping interface scoring
Base AF2 filters not passed for 6W1F-pep3_l16_s272811_mpnn20, skipping interface scoring
Base AF2 filters not passed for 6W1F-pep3_l16_s272811_mpnn21, skipping interface scoring
Base AF2 filters not passed for 6W1F-pep3_l16_s272811_mpnn22, skipping interface scoring
Base AF2 filters not passed for 6W1F-pep3_l16_s272811_mpnn23, skipping interface scoring
No accepted MPNN designs found for this trajectory.

Design and validation of trajectory 6W1F-pep3_l16_s272811 took: 0 hours, 7 minutes, 11 seconds

Processing trajectory 6W1F-pep3_l13_s351798
Base AF2 filters not passed for 6W1F-pep3_l13_s351798_mpnn1, skipping interface scoring
Base AF2 filters not passed for 6W1F-pep3_l13_s351798_mpnn2, skipping interface scoring
Base AF2 filters not passed for 6W1F-pep3_l13_s351798_mpnn3, skipping interface scoring
Base AF2 filters not passed for 6W1F-pep3_l13_s351798_mpnn4, skipping interface scoring
Base AF2 filters not passed for 6W1F-pep3_l13_s351798_mpnn5, skipping interface scoring
Base AF2 filters not passed for 6W1F-pep3_l13_s351798_mpnn6, skipping interface scoring
Base AF2 filters not passed for 6W1F-pep3_l13_s351798_mpnn7, skipping interface scoring
Base AF2 filters not passed for 6W1F-pep3_l13_s351798_mpnn8, skipping interface scoring
Base AF2 filters not passed for 6W1F-pep3_l13_s351798_mpnn9, skipping interface scoring
Base AF2 filters not passed for 6W1F-pep3_l13_s351798_mpnn10, skipping interface scoring
Base AF2 filters not passed for 6W1F-pep3_l13_s351798_mpnn11, skipping interface scoring
Base AF2 filters not passed for 6W1F-pep3_l13_s351798_mpnn12, skipping interface scoring
Base AF2 filters not passed for 6W1F-pep3_l13_s351798_mpnn13, skipping interface scoring
Base AF2 filters not passed for 6W1F-pep3_l13_s351798_mpnn14, skipping interface scoring
Base AF2 filters not passed for 6W1F-pep3_l13_s351798_mpnn15, skipping interface scoring
Base AF2 filters not passed for 6W1F-pep3_l13_s351798_mpnn16, skipping interface scoring
Base AF2 filters not passed for 6W1F-pep3_l13_s351798_mpnn17, skipping interface scoring
Base AF2 filters not passed for 6W1F-pep3_l13_s351798_mpnn18, skipping interface scoring
Base AF2 filters not passed for 6W1F-pep3_l13_s351798_mpnn19, skipping interface scoring
Base AF2 filters not passed for 6W1F-pep3_l13_s351798_mpnn20, skipping interface scoring
Base AF2 filters not passed for 6W1F-pep3_l13_s351798_mpnn21, skipping interface scoring
Base AF2 filters not passed for 6W1F-pep3_l13_s351798_mpnn22, skipping interface scoring
Base AF2 filters not passed for 6W1F-pep3_l13_s351798_mpnn23, skipping interface scoring
Base AF2 filters not passed for 6W1F-pep3_l13_s351798_mpnn24, skipping interface scoring
Base AF2 filters not passed for 6W1F-pep3_l13_s351798_mpnn25, skipping interface scoring
Base AF2 filters not passed for 6W1F-pep3_l13_s351798_mpnn26, skipping interface scoring
Base AF2 filters not passed for 6W1F-pep3_l13_s351798_mpnn27, skipping interface scoring
Base AF2 filters not passed for 6W1F-pep3_l13_s351798_mpnn28, skipping interface scoring
Base AF2 filters not passed for 6W1F-pep3_l13_s351798_mpnn29, skipping interface scoring
Base AF2 filters not passed for 6W1F-pep3_l13_s351798_mpnn30, skipping interface scoring
Base AF2 filters not passed for 6W1F-pep3_l13_s351798_mpnn31, skipping interface scoring
Base AF2 filters not passed for 6W1F-pep3_l13_s351798_mpnn32, skipping interface scoring
Base AF2 filters not passed for 6W1F-pep3_l13_s351798_mpnn33, skipping interface scoring
Base AF2 filters not passed for 6W1F-pep3_l13_s351798_mpnn34, skipping interface scoring
Base AF2 filters not passed for 6W1F-pep3_l13_s351798_mpnn35, skipping interface scoring
Base AF2 filters not passed for 6W1F-pep3_l13_s351798_mpnn36, skipping interface scoring
Base AF2 filters not passed for 6W1F-pep3_l13_s351798_mpnn37, skipping interface scoring
Base AF2 filters not passed for 6W1F-pep3_l13_s351798_mpnn38, skipping interface scoring
Base AF2 filters not passed for 6W1F-pep3_l13_s351798_mpnn39, skipping interface scoring
Base AF2 filters not passed for 6W1F-pep3_l13_s351798_mpnn40, skipping interface scoring
Base AF2 filters not passed for 6W1F-pep3_l13_s351798_mpnn41, skipping interface scoring
Base AF2 filters not passed for 6W1F-pep3_l13_s351798_mpnn42, skipping interface scoring
No accepted MPNN designs found for this trajectory.

Design and validation of trajectory 6W1F-pep3_l13_s351798 took: 0 hours, 13 minutes, 8 seconds

Processing trajectory 6W1F-pep3_l17_s316350
Base AF2 filters not passed for 6W1F-pep3_l17_s316350_mpnn1, skipping interface scoring
Base AF2 filters not passed for 6W1F-pep3_l17_s316350_mpnn2, skipping interface scoring
Base AF2 filters not passed for 6W1F-pep3_l17_s316350_mpnn3, skipping interface scoring
Base AF2 filters not passed for 6W1F-pep3_l17_s316350_mpnn4, skipping interface scoring
Base AF2 filters not passed for 6W1F-pep3_l17_s316350_mpnn5, skipping interface scoring
Base AF2 filters not passed for 6W1F-pep3_l17_s316350_mpnn6, skipping interface scoring
Base AF2 filters not passed for 6W1F-pep3_l17_s316350_mpnn7, skipping interface scoring
Base AF2 filters not passed for 6W1F-pep3_l17_s316350_mpnn8, skipping interface scoring
Base AF2 filters not passed for 6W1F-pep3_l17_s316350_mpnn9, skipping interface scoring
Base AF2 filters not passed for 6W1F-pep3_l17_s316350_mpnn10, skipping interface scoring
Base AF2 filters not passed for 6W1F-pep3_l17_s316350_mpnn11, skipping interface scoring
Base AF2 filters not passed for 6W1F-pep3_l17_s316350_mpnn12, skipping interface scoring
Base AF2 filters not passed for 6W1F-pep3_l17_s316350_mpnn13, skipping interface scoring
Base AF2 filters not passed for 6W1F-pep3_l17_s316350_mpnn14, skipping interface scoring
Base AF2 filters not passed for 6W1F-pep3_l17_s316350_mpnn15, skipping interface scoring
Base AF2 filters not passed for 6W1F-pep3_l17_s316350_mpnn16, skipping interface scoring
Base AF2 filters not passed for 6W1F-pep3_l17_s316350_mpnn17, skipping interface scoring
Base AF2 filters not passed for 6W1F-pep3_l17_s316350_mpnn18, skipping interface scoring
Base AF2 filters not passed for 6W1F-pep3_l17_s316350_mpnn19, skipping interface scoring
Base AF2 filters not passed for 6W1F-pep3_l17_s316350_mpnn20, skipping interface scoring
Base AF2 filters not passed for 6W1F-pep3_l17_s316350_mpnn21, skipping interface scoring
Base AF2 filters not passed for 6W1F-pep3_l17_s316350_mpnn22, skipping interface scoring
Base AF2 filters not passed for 6W1F-pep3_l17_s316350_mpnn23, skipping interface scoring
Base AF2 filters not passed for 6W1F-pep3_l17_s316350_mpnn24, skipping interface scoring
Base AF2 filters not passed for 6W1F-pep3_l17_s316350_mpnn25, skipping interface scoring
Base AF2 filters not passed for 6W1F-pep3_l17_s316350_mpnn26, skipping interface scoring
Base AF2 filters not passed for 6W1F-pep3_l17_s316350_mpnn27, skipping interface scoring
Base AF2 filters not passed for 6W1F-pep3_l17_s316350_mpnn28, skipping interface scoring
Base AF2 filters not passed for 6W1F-pep3_l17_s316350_mpnn29, skipping interface scoring
Base AF2 filters not passed for 6W1F-pep3_l17_s316350_mpnn30, skipping interface scoring
Base AF2 filters not passed for 6W1F-pep3_l17_s316350_mpnn31, skipping interface scoring
Base AF2 filters not passed for 6W1F-pep3_l17_s316350_mpnn32, skipping interface scoring
Base AF2 filters not passed for 6W1F-pep3_l17_s316350_mpnn33, skipping interface scoring
Base AF2 filters not passed for 6W1F-pep3_l17_s316350_mpnn34, skipping interface scoring
Base AF2 filters not passed for 6W1F-pep3_l17_s316350_mpnn35, skipping interface scoring
Base AF2 filters not passed for 6W1F-pep3_l17_s316350_mpnn36, skipping interface scoring
Base AF2 filters not passed for 6W1F-pep3_l17_s316350_mpnn37, skipping interface scoring
Base AF2 filters not passed for 6W1F-pep3_l17_s316350_mpnn38, skipping interface scoring
Base AF2 filters not passed for 6W1F-pep3_l17_s316350_mpnn39, skipping interface scoring
Base AF2 filters not passed for 6W1F-pep3_l17_s316350_mpnn40, skipping interface scoring
Base AF2 filters not passed for 6W1F-pep3_l17_s316350_mpnn41, skipping interface scoring
Base AF2 filters not passed for 6W1F-pep3_l17_s316350_mpnn42, skipping interface scoring
Base AF2 filters not passed for 6W1F-pep3_l17_s316350_mpnn43, skipping interface scoring
Base AF2 filters not passed for 6W1F-pep3_l17_s316350_mpnn44, skipping interface scoring
Base AF2 filters not passed for 6W1F-pep3_l17_s316350_mpnn45, skipping interface scoring
Base AF2 filters not passed for 6W1F-pep3_l17_s316350_mpnn46, skipping interface scoring
Base AF2 filters not passed for 6W1F-pep3_l17_s316350_mpnn47, skipping interface scoring
Base AF2 filters not passed for 6W1F-pep3_l17_s316350_mpnn48, skipping interface scoring
Base AF2 filters not passed for 6W1F-pep3_l17_s316350_mpnn49, skipping interface scoring
No accepted MPNN designs found for this trajectory.

Design and validation of trajectory 6W1F-pep3_l17_s316350 took: 0 hours, 15 minutes, 34 seconds

Processing trajectory 6W1F-pep3_l15_s599214
Base AF2 filters not passed for 6W1F-pep3_l15_s599214_mpnn1, skipping interface scoring
Base AF2 filters not passed for 6W1F-pep3_l15_s599214_mpnn2, skipping interface scoring
Base AF2 filters not passed for 6W1F-pep3_l15_s599214_mpnn3, skipping interface scoring
Base AF2 filters not passed for 6W1F-pep3_l15_s599214_mpnn4, skipping interface scoring
Base AF2 filters not passed for 6W1F-pep3_l15_s599214_mpnn5, skipping interface scoring
Base AF2 filters not passed for 6W1F-pep3_l15_s599214_mpnn6, skipping interface scoring
Base AF2 filters not passed for 6W1F-pep3_l15_s599214_mpnn7, skipping interface scoring
Base AF2 filters not passed for 6W1F-pep3_l15_s599214_mpnn8, skipping interface scoring
Base AF2 filters not passed for 6W1F-pep3_l15_s599214_mpnn9, skipping interface scoring
Base AF2 filters not passed for 6W1F-pep3_l15_s599214_mpnn10, skipping interface scoring
Base AF2 filters not passed for 6W1F-pep3_l15_s599214_mpnn11, skipping interface scoring
Base AF2 filters not passed for 6W1F-pep3_l15_s599214_mpnn12, skipping interface scoring
Base AF2 filters not passed for 6W1F-pep3_l15_s599214_mpnn13, skipping interface scoring
Base AF2 filters not passed for 6W1F-pep3_l15_s599214_mpnn14, skipping interface scoring
Base AF2 filters not passed for 6W1F-pep3_l15_s599214_mpnn15, skipping interface scoring
Base AF2 filters not passed for 6W1F-pep3_l15_s599214_mpnn16, skipping interface scoring
Base AF2 filters not passed for 6W1F-pep3_l15_s599214_mpnn17, skipping interface scoring
Base AF2 filters not passed for 6W1F-pep3_l15_s599214_mpnn18, skipping interface scoring
Base AF2 filters not passed for 6W1F-pep3_l15_s599214_mpnn19, skipping interface scoring
Base AF2 filters not passed for 6W1F-pep3_l15_s599214_mpnn20, skipping interface scoring
Base AF2 filters not passed for 6W1F-pep3_l15_s599214_mpnn21, skipping interface scoring
No accepted MPNN designs found for this trajectory.

Design and validation of trajectory 6W1F-pep3_l15_s599214 took: 0 hours, 9 minutes, 0 seconds

Processing trajectory 6W1F-pep3_l16_s976616
Base AF2 filters not passed for 6W1F-pep3_l16_s976616_mpnn1, skipping interface scoring
Base AF2 filters not passed for 6W1F-pep3_l16_s976616_mpnn2, skipping interface scoring
Base AF2 filters not passed for 6W1F-pep3_l16_s976616_mpnn3, skipping interface scoring
6W1F-pep3_l16_s976616_mpnn4 passed all filters
Base AF2 filters not passed for 6W1F-pep3_l16_s976616_mpnn5, skipping interface scoring
Base AF2 filters not passed for 6W1F-pep3_l16_s976616_mpnn6, skipping interface scoring
Base AF2 filters not passed for 6W1F-pep3_l16_s976616_mpnn7, skipping interface scoring
Base AF2 filters not passed for 6W1F-pep3_l16_s976616_mpnn8, skipping interface scoring
Base AF2 filters not passed for 6W1F-pep3_l16_s976616_mpnn9, skipping interface scoring
Base AF2 filters not passed for 6W1F-pep3_l16_s976616_mpnn10, skipping interface scoring
Base AF2 filters not passed for 6W1F-pep3_l16_s976616_mpnn11, skipping interface scoring
Base AF2 filters not passed for 6W1F-pep3_l16_s976616_mpnn12, skipping interface scoring
Base AF2 filters not passed for 6W1F-pep3_l16_s976616_mpnn13, skipping interface scoring
Base AF2 filters not passed for 6W1F-pep3_l16_s976616_mpnn14, skipping interface scoring
Base AF2 filters not passed for 6W1F-pep3_l16_s976616_mpnn15, skipping interface scoring
Base AF2 filters not passed for 6W1F-pep3_l16_s976616_mpnn16, skipping interface scoring
Base AF2 filters not passed for 6W1F-pep3_l16_s976616_mpnn17, skipping interface scoring
Base AF2 filters not passed for 6W1F-pep3_l16_s976616_mpnn18, skipping interface scoring
Base AF2 filters not passed for 6W1F-pep3_l16_s976616_mpnn19, skipping interface scoring
Base AF2 filters not passed for 6W1F-pep3_l16_s976616_mpnn20, skipping interface scoring
Base AF2 filters not passed for 6W1F-pep3_l16_s976616_mpnn21, skipping interface scoring
Base AF2 filters not passed for 6W1F-pep3_l16_s976616_mpnn22, skipping interface scoring
Base AF2 filters not passed for 6W1F-pep3_l16_s976616_mpnn23, skipping interface scoring
Base AF2 filters not passed for 6W1F-pep3_l16_s976616_mpnn24, skipping interface scoring
Base AF2 filters not passed for 6W1F-pep3_l16_s976616_mpnn25, skipping interface scoring
6W1F-pep3_l16_s976616_mpnn26 passed all filters
Base AF2 filters not passed for 6W1F-pep3_l16_s976616_mpnn27, skipping interface scoring
Base AF2 filters not passed for 6W1F-pep3_l16_s976616_mpnn28, skipping interface scoring
Base AF2 filters not passed for 6W1F-pep3_l16_s976616_mpnn29, skipping interface scoring
Base AF2 filters not passed for 6W1F-pep3_l16_s976616_mpnn30, skipping interface scoring
6W1F-pep3_l16_s976616_mpnn31 passed all filters
Base AF2 filters not passed for 6W1F-pep3_l16_s976616_mpnn32, skipping interface scoring
Base AF2 filters not passed for 6W1F-pep3_l16_s976616_mpnn33, skipping interface scoring
Base AF2 filters not passed for 6W1F-pep3_l16_s976616_mpnn34, skipping interface scoring
Base AF2 filters not passed for 6W1F-pep3_l16_s976616_mpnn35, skipping interface scoring
Base AF2 filters not passed for 6W1F-pep3_l16_s976616_mpnn36, skipping interface scoring
Base AF2 filters not passed for 6W1F-pep3_l16_s976616_mpnn37, skipping interface scoring
Found 3 MPNN designs passing filters

Design and validation of trajectory 6W1F-pep3_l16_s976616 took: 0 hours, 29 minutes, 14 seconds

Processing trajectory 6W1F-pep3_l13_s266601
Base AF2 filters not passed for 6W1F-pep3_l13_s266601_mpnn1, skipping interface scoring
Base AF2 filters not passed for 6W1F-pep3_l13_s266601_mpnn2, skipping interface scoring
Base AF2 filters not passed for 6W1F-pep3_l13_s266601_mpnn3, skipping interface scoring
Base AF2 filters not passed for 6W1F-pep3_l13_s266601_mpnn4, skipping interface scoring
Base AF2 filters not passed for 6W1F-pep3_l13_s266601_mpnn5, skipping interface scoring
Base AF2 filters not passed for 6W1F-pep3_l13_s266601_mpnn6, skipping interface scoring
Base AF2 filters not passed for 6W1F-pep3_l13_s266601_mpnn7, skipping interface scoring
Base AF2 filters not passed for 6W1F-pep3_l13_s266601_mpnn8, skipping interface scoring
Base AF2 filters not passed for 6W1F-pep3_l13_s266601_mpnn9, skipping interface scoring
Base AF2 filters not passed for 6W1F-pep3_l13_s266601_mpnn10, skipping interface scoring
Base AF2 filters not passed for 6W1F-pep3_l13_s266601_mpnn11, skipping interface scoring
Base AF2 filters not passed for 6W1F-pep3_l13_s266601_mpnn12, skipping interface scoring
Base AF2 filters not passed for 6W1F-pep3_l13_s266601_mpnn13, skipping interface scoring
Base AF2 filters not passed for 6W1F-pep3_l13_s266601_mpnn14, skipping interface scoring
Base AF2 filters not passed for 6W1F-pep3_l13_s266601_mpnn15, skipping interface scoring
Base AF2 filters not passed for 6W1F-pep3_l13_s266601_mpnn16, skipping interface scoring
Base AF2 filters not passed for 6W1F-pep3_l13_s266601_mpnn17, skipping interface scoring
Base AF2 filters not passed for 6W1F-pep3_l13_s266601_mpnn18, skipping interface scoring
Base AF2 filters not passed for 6W1F-pep3_l13_s266601_mpnn19, skipping interface scoring
Base AF2 filters not passed for 6W1F-pep3_l13_s266601_mpnn20, skipping interface scoring
Base AF2 filters not passed for 6W1F-pep3_l13_s266601_mpnn21, skipping interface scoring
No accepted MPNN designs found for this trajectory.

Design and validation of trajectory 6W1F-pep3_l13_s266601 took: 0 hours, 6 minutes, 54 seconds

Processing trajectory 6W1F-pep3_l13_s319264
6W1F-pep3_l13_s319264_mpnn1 passed all filters
6W1F-pep3_l13_s319264_mpnn2 passed all filters
6W1F-pep3_l13_s319264_mpnn3 passed all filters
Unmet filter conditions for 6W1F-pep3_l13_s319264_mpnn4
Base AF2 filters not passed for 6W1F-pep3_l13_s319264_mpnn5, skipping interface scoring
Unmet filter conditions for 6W1F-pep3_l13_s319264_mpnn6
6W1F-pep3_l13_s319264_mpnn7 passed all filters
Base AF2 filters not passed for 6W1F-pep3_l13_s319264_mpnn8, skipping interface scoring
Base AF2 filters not passed for 6W1F-pep3_l13_s319264_mpnn9, skipping interface scoring
Base AF2 filters not passed for 6W1F-pep3_l13_s319264_mpnn10, skipping interface scoring
6W1F-pep3_l13_s319264_mpnn11 passed all filters
Base AF2 filters not passed for 6W1F-pep3_l13_s319264_mpnn12, skipping interface scoring
6W1F-pep3_l13_s319264_mpnn13 passed all filters
Unmet filter conditions for 6W1F-pep3_l13_s319264_mpnn14
Base AF2 filters not passed for 6W1F-pep3_l13_s319264_mpnn15, skipping interface scoring
6W1F-pep3_l13_s319264_mpnn16 passed all filters
Base AF2 filters not passed for 6W1F-pep3_l13_s319264_mpnn17, skipping interface scoring
Unmet filter conditions for 6W1F-pep3_l13_s319264_mpnn18
Unmet filter conditions for 6W1F-pep3_l13_s319264_mpnn19
Unmet filter conditions for 6W1F-pep3_l13_s319264_mpnn20
6W1F-pep3_l13_s319264_mpnn21 passed all filters
6W1F-pep3_l13_s319264_mpnn22 passed all filters
Base AF2 filters not passed for 6W1F-pep3_l13_s319264_mpnn23, skipping interface scoring
6W1F-pep3_l13_s319264_mpnn24 passed all filters
6W1F-pep3_l13_s319264_mpnn25 passed all filters
Base AF2 filters not passed for 6W1F-pep3_l13_s319264_mpnn26, skipping interface scoring
6W1F-pep3_l13_s319264_mpnn27 passed all filters
Base AF2 filters not passed for 6W1F-pep3_l13_s319264_mpnn28, skipping interface scoring
Base AF2 filters not passed for 6W1F-pep3_l13_s319264_mpnn29, skipping interface scoring
6W1F-pep3_l13_s319264_mpnn30 passed all filters
Found 13 MPNN designs passing filters

Design and validation of trajectory 6W1F-pep3_l13_s319264 took: 2 hours, 5 minutes, 18 seconds

Processing trajectory 6W1F-pep3_l14_s70273
Base AF2 filters not passed for 6W1F-pep3_l14_s70273_mpnn1, skipping interface scoring
Base AF2 filters not passed for 6W1F-pep3_l14_s70273_mpnn2, skipping interface scoring
Base AF2 filters not passed for 6W1F-pep3_l14_s70273_mpnn3, skipping interface scoring
Base AF2 filters not passed for 6W1F-pep3_l14_s70273_mpnn4, skipping interface scoring
Base AF2 filters not passed for 6W1F-pep3_l14_s70273_mpnn5, skipping interface scoring
Base AF2 filters not passed for 6W1F-pep3_l14_s70273_mpnn6, skipping interface scoring
Base AF2 filters not passed for 6W1F-pep3_l14_s70273_mpnn7, skipping interface scoring
Base AF2 filters not passed for 6W1F-pep3_l14_s70273_mpnn8, skipping interface scoring
Base AF2 filters not passed for 6W1F-pep3_l14_s70273_mpnn9, skipping interface scoring
Base AF2 filters not passed for 6W1F-pep3_l14_s70273_mpnn10, skipping interface scoring
Base AF2 filters not passed for 6W1F-pep3_l14_s70273_mpnn11, skipping interface scoring
Base AF2 filters not passed for 6W1F-pep3_l14_s70273_mpnn12, skipping interface scoring
Base AF2 filters not passed for 6W1F-pep3_l14_s70273_mpnn13, skipping interface scoring
Base AF2 filters not passed for 6W1F-pep3_l14_s70273_mpnn14, skipping interface scoring
Base AF2 filters not passed for 6W1F-pep3_l14_s70273_mpnn15, skipping interface scoring
Base AF2 filters not passed for 6W1F-pep3_l14_s70273_mpnn16, skipping interface scoring
Base AF2 filters not passed for 6W1F-pep3_l14_s70273_mpnn17, skipping interface scoring
Base AF2 filters not passed for 6W1F-pep3_l14_s70273_mpnn18, skipping interface scoring
Base AF2 filters not passed for 6W1F-pep3_l14_s70273_mpnn19, skipping interface scoring
Base AF2 filters not passed for 6W1F-pep3_l14_s70273_mpnn20, skipping interface scoring
Base AF2 filters not passed for 6W1F-pep3_l14_s70273_mpnn21, skipping interface scoring
Base AF2 filters not passed for 6W1F-pep3_l14_s70273_mpnn22, skipping interface scoring
Base AF2 filters not passed for 6W1F-pep3_l14_s70273_mpnn23, skipping interface scoring
Base AF2 filters not passed for 6W1F-pep3_l14_s70273_mpnn24, skipping interface scoring
Base AF2 filters not passed for 6W1F-pep3_l14_s70273_mpnn25, skipping interface scoring
Base AF2 filters not passed for 6W1F-pep3_l14_s70273_mpnn26, skipping interface scoring
Base AF2 filters not passed for 6W1F-pep3_l14_s70273_mpnn27, skipping interface scoring
Base AF2 filters not passed for 6W1F-pep3_l14_s70273_mpnn28, skipping interface scoring
Base AF2 filters not passed for 6W1F-pep3_l14_s70273_mpnn29, skipping interface scoring
Base AF2 filters not passed for 6W1F-pep3_l14_s70273_mpnn30, skipping interface scoring
Base AF2 filters not passed for 6W1F-pep3_l14_s70273_mpnn31, skipping interface scoring
Base AF2 filters not passed for 6W1F-pep3_l14_s70273_mpnn32, skipping interface scoring
Base AF2 filters not passed for 6W1F-pep3_l14_s70273_mpnn33, skipping interface scoring
Base AF2 filters not passed for 6W1F-pep3_l14_s70273_mpnn34, skipping interface scoring
Base AF2 filters not passed for 6W1F-pep3_l14_s70273_mpnn35, skipping interface scoring
Base AF2 filters not passed for 6W1F-pep3_l14_s70273_mpnn36, skipping interface scoring
Base AF2 filters not passed for 6W1F-pep3_l14_s70273_mpnn37, skipping interface scoring
Base AF2 filters not passed for 6W1F-pep3_l14_s70273_mpnn38, skipping interface scoring
Base AF2 filters not passed for 6W1F-pep3_l14_s70273_mpnn39, skipping interface scoring
Base AF2 filters not passed for 6W1F-pep3_l14_s70273_mpnn40, skipping interface scoring
Base AF2 filters not passed for 6W1F-pep3_l14_s70273_mpnn41, skipping interface scoring
Base AF2 filters not passed for 6W1F-pep3_l14_s70273_mpnn42, skipping interface scoring
Base AF2 filters not passed for 6W1F-pep3_l14_s70273_mpnn43, skipping interface scoring
Base AF2 filters not passed for 6W1F-pep3_l14_s70273_mpnn44, skipping interface scoring
Base AF2 filters not passed for 6W1F-pep3_l14_s70273_mpnn45, skipping interface scoring
Base AF2 filters not passed for 6W1F-pep3_l14_s70273_mpnn46, skipping interface scoring
Base AF2 filters not passed for 6W1F-pep3_l14_s70273_mpnn47, skipping interface scoring
Base AF2 filters not passed for 6W1F-pep3_l14_s70273_mpnn48, skipping interface scoring
Base AF2 filters not passed for 6W1F-pep3_l14_s70273_mpnn49, skipping interface scoring
No accepted MPNN designs found for this trajectory.

Design and validation of trajectory 6W1F-pep3_l14_s70273 took: 0 hours, 18 minutes, 36 seconds

Processing trajectory 6W1F-pep3_l13_s63963
Base AF2 filters not passed for 6W1F-pep3_l13_s63963_mpnn1, skipping interface scoring
6W1F-pep3_l13_s63963_mpnn2 passed all filters
Base AF2 filters not passed for 6W1F-pep3_l13_s63963_mpnn3, skipping interface scoring
Base AF2 filters not passed for 6W1F-pep3_l13_s63963_mpnn4, skipping interface scoring
Base AF2 filters not passed for 6W1F-pep3_l13_s63963_mpnn5, skipping interface scoring
Base AF2 filters not passed for 6W1F-pep3_l13_s63963_mpnn6, skipping interface scoring
Base AF2 filters not passed for 6W1F-pep3_l13_s63963_mpnn7, skipping interface scoring
Base AF2 filters not passed for 6W1F-pep3_l13_s63963_mpnn8, skipping interface scoring
Base AF2 filters not passed for 6W1F-pep3_l13_s63963_mpnn9, skipping interface scoring
Base AF2 filters not passed for 6W1F-pep3_l13_s63963_mpnn10, skipping interface scoring
Base AF2 filters not passed for 6W1F-pep3_l13_s63963_mpnn11, skipping interface scoring
Base AF2 filters not passed for 6W1F-pep3_l13_s63963_mpnn12, skipping interface scoring
Base AF2 filters not passed for 6W1F-pep3_l13_s63963_mpnn13, skipping interface scoring
Base AF2 filters not passed for 6W1F-pep3_l13_s63963_mpnn14, skipping interface scoring
Base AF2 filters not passed for 6W1F-pep3_l13_s63963_mpnn15, skipping interface scoring
Base AF2 filters not passed for 6W1F-pep3_l13_s63963_mpnn16, skipping interface scoring
Base AF2 filters not passed for 6W1F-pep3_l13_s63963_mpnn17, skipping interface scoring
Base AF2 filters not passed for 6W1F-pep3_l13_s63963_mpnn18, skipping interface scoring
Base AF2 filters not passed for 6W1F-pep3_l13_s63963_mpnn19, skipping interface scoring
Base AF2 filters not passed for 6W1F-pep3_l13_s63963_mpnn20, skipping interface scoring
Base AF2 filters not passed for 6W1F-pep3_l13_s63963_mpnn21, skipping interface scoring
Base AF2 filters not passed for 6W1F-pep3_l13_s63963_mpnn22, skipping interface scoring
Base AF2 filters not passed for 6W1F-pep3_l13_s63963_mpnn23, skipping interface scoring
Base AF2 filters not passed for 6W1F-pep3_l13_s63963_mpnn24, skipping interface scoring
Base AF2 filters not passed for 6W1F-pep3_l13_s63963_mpnn25, skipping interface scoring
Base AF2 filters not passed for 6W1F-pep3_l13_s63963_mpnn26, skipping interface scoring
Base AF2 filters not passed for 6W1F-pep3_l13_s63963_mpnn27, skipping interface scoring
Base AF2 filters not passed for 6W1F-pep3_l13_s63963_mpnn28, skipping interface scoring
Base AF2 filters not passed for 6W1F-pep3_l13_s63963_mpnn29, skipping interface scoring
Base AF2 filters not passed for 6W1F-pep3_l13_s63963_mpnn30, skipping interface scoring
Base AF2 filters not passed for 6W1F-pep3_l13_s63963_mpnn31, skipping interface scoring
Base AF2 filters not passed for 6W1F-pep3_l13_s63963_mpnn32, skipping interface scoring
Base AF2 filters not passed for 6W1F-pep3_l13_s63963_mpnn33, skipping interface scoring
6W1F-pep3_l13_s63963_mpnn34 passed all filters
Base AF2 filters not passed for 6W1F-pep3_l13_s63963_mpnn35, skipping interface scoring
6W1F-pep3_l13_s63963_mpnn36 passed all filters
Found 3 MPNN designs passing filters

Design and validation of trajectory 6W1F-pep3_l13_s63963 took: 0 hours, 31 minutes, 48 seconds

Processing trajectory 6W1F-pep3_l15_s836425
Base AF2 filters not passed for 6W1F-pep3_l15_s836425_mpnn1, skipping interface scoring
Base AF2 filters not passed for 6W1F-pep3_l15_s836425_mpnn2, skipping interface scoring
Base AF2 filters not passed for 6W1F-pep3_l15_s836425_mpnn3, skipping interface scoring
Base AF2 filters not passed for 6W1F-pep3_l15_s836425_mpnn4, skipping interface scoring
Base AF2 filters not passed for 6W1F-pep3_l15_s836425_mpnn5, skipping interface scoring
Base AF2 filters not passed for 6W1F-pep3_l15_s836425_mpnn6, skipping interface scoring
Base AF2 filters not passed for 6W1F-pep3_l15_s836425_mpnn7, skipping interface scoring
Base AF2 filters not passed for 6W1F-pep3_l15_s836425_mpnn8, skipping interface scoring
Base AF2 filters not passed for 6W1F-pep3_l15_s836425_mpnn9, skipping interface scoring
Base AF2 filters not passed for 6W1F-pep3_l15_s836425_mpnn10, skipping interface scoring
Base AF2 filters not passed for 6W1F-pep3_l15_s836425_mpnn11, skipping interface scoring
Base AF2 filters not passed for 6W1F-pep3_l15_s836425_mpnn12, skipping interface scoring
Base AF2 filters not passed for 6W1F-pep3_l15_s836425_mpnn13, skipping interface scoring
Base AF2 filters not passed for 6W1F-pep3_l15_s836425_mpnn14, skipping interface scoring
Base AF2 filters not passed for 6W1F-pep3_l15_s836425_mpnn15, skipping interface scoring
Base AF2 filters not passed for 6W1F-pep3_l15_s836425_mpnn16, skipping interface scoring
Base AF2 filters not passed for 6W1F-pep3_l15_s836425_mpnn17, skipping interface scoring
Base AF2 filters not passed for 6W1F-pep3_l15_s836425_mpnn18, skipping interface scoring
Base AF2 filters not passed for 6W1F-pep3_l15_s836425_mpnn19, skipping interface scoring
Base AF2 filters not passed for 6W1F-pep3_l15_s836425_mpnn20, skipping interface scoring
Base AF2 filters not passed for 6W1F-pep3_l15_s836425_mpnn21, skipping interface scoring
Base AF2 filters not passed for 6W1F-pep3_l15_s836425_mpnn22, skipping interface scoring
Base AF2 filters not passed for 6W1F-pep3_l15_s836425_mpnn23, skipping interface scoring
Base AF2 filters not passed for 6W1F-pep3_l15_s836425_mpnn24, skipping interface scoring
Base AF2 filters not passed for 6W1F-pep3_l15_s836425_mpnn25, skipping interface scoring
Base AF2 filters not passed for 6W1F-pep3_l15_s836425_mpnn26, skipping interface scoring
Base AF2 filters not passed for 6W1F-pep3_l15_s836425_mpnn27, skipping interface scoring
Base AF2 filters not passed for 6W1F-pep3_l15_s836425_mpnn28, skipping interface scoring
Base AF2 filters not passed for 6W1F-pep3_l15_s836425_mpnn29, skipping interface scoring
Base AF2 filters not passed for 6W1F-pep3_l15_s836425_mpnn30, skipping interface scoring
Base AF2 filters not passed for 6W1F-pep3_l15_s836425_mpnn31, skipping interface scoring
Base AF2 filters not passed for 6W1F-pep3_l15_s836425_mpnn32, skipping interface scoring
Base AF2 filters not passed for 6W1F-pep3_l15_s836425_mpnn33, skipping interface scoring
Base AF2 filters not passed for 6W1F-pep3_l15_s836425_mpnn34, skipping interface scoring
Base AF2 filters not passed for 6W1F-pep3_l15_s836425_mpnn35, skipping interface scoring
Base AF2 filters not passed for 6W1F-pep3_l15_s836425_mpnn36, skipping interface scoring
Base AF2 filters not passed for 6W1F-pep3_l15_s836425_mpnn37, skipping interface scoring
Base AF2 filters not passed for 6W1F-pep3_l15_s836425_mpnn38, skipping interface scoring
Base AF2 filters not passed for 6W1F-pep3_l15_s836425_mpnn39, skipping interface scoring
Base AF2 filters not passed for 6W1F-pep3_l15_s836425_mpnn40, skipping interface scoring
Base AF2 filters not passed for 6W1F-pep3_l15_s836425_mpnn41, skipping interface scoring
Base AF2 filters not passed for 6W1F-pep3_l15_s836425_mpnn42, skipping interface scoring
Base AF2 filters not passed for 6W1F-pep3_l15_s836425_mpnn43, skipping interface scoring
Base AF2 filters not passed for 6W1F-pep3_l15_s836425_mpnn44, skipping interface scoring
Base AF2 filters not passed for 6W1F-pep3_l15_s836425_mpnn45, skipping interface scoring
Base AF2 filters not passed for 6W1F-pep3_l15_s836425_mpnn46, skipping interface scoring
Base AF2 filters not passed for 6W1F-pep3_l15_s836425_mpnn47, skipping interface scoring
Base AF2 filters not passed for 6W1F-pep3_l15_s836425_mpnn48, skipping interface scoring
No accepted MPNN designs found for this trajectory.

Design and validation of trajectory 6W1F-pep3_l15_s836425 took: 0 hours, 15 minutes, 13 seconds

Processing trajectory 6W1F-pep3_l15_s321785
Base AF2 filters not passed for 6W1F-pep3_l15_s321785_mpnn1, skipping interface scoring
Base AF2 filters not passed for 6W1F-pep3_l15_s321785_mpnn2, skipping interface scoring
Base AF2 filters not passed for 6W1F-pep3_l15_s321785_mpnn3, skipping interface scoring
Base AF2 filters not passed for 6W1F-pep3_l15_s321785_mpnn4, skipping interface scoring
Base AF2 filters not passed for 6W1F-pep3_l15_s321785_mpnn5, skipping interface scoring
Base AF2 filters not passed for 6W1F-pep3_l15_s321785_mpnn6, skipping interface scoring
Base AF2 filters not passed for 6W1F-pep3_l15_s321785_mpnn7, skipping interface scoring
Base AF2 filters not passed for 6W1F-pep3_l15_s321785_mpnn8, skipping interface scoring
Base AF2 filters not passed for 6W1F-pep3_l15_s321785_mpnn9, skipping interface scoring
Base AF2 filters not passed for 6W1F-pep3_l15_s321785_mpnn10, skipping interface scoring
Base AF2 filters not passed for 6W1F-pep3_l15_s321785_mpnn11, skipping interface scoring
Base AF2 filters not passed for 6W1F-pep3_l15_s321785_mpnn12, skipping interface scoring
Base AF2 filters not passed for 6W1F-pep3_l15_s321785_mpnn13, skipping interface scoring
Base AF2 filters not passed for 6W1F-pep3_l15_s321785_mpnn14, skipping interface scoring
Base AF2 filters not passed for 6W1F-pep3_l15_s321785_mpnn15, skipping interface scoring
Base AF2 filters not passed for 6W1F-pep3_l15_s321785_mpnn16, skipping interface scoring
Base AF2 filters not passed for 6W1F-pep3_l15_s321785_mpnn17, skipping interface scoring
Base AF2 filters not passed for 6W1F-pep3_l15_s321785_mpnn18, skipping interface scoring
Base AF2 filters not passed for 6W1F-pep3_l15_s321785_mpnn19, skipping interface scoring
Base AF2 filters not passed for 6W1F-pep3_l15_s321785_mpnn20, skipping interface scoring
Unmet filter conditions for 6W1F-pep3_l15_s321785_mpnn21
Base AF2 filters not passed for 6W1F-pep3_l15_s321785_mpnn22, skipping interface scoring
Base AF2 filters not passed for 6W1F-pep3_l15_s321785_mpnn23, skipping interface scoring
Base AF2 filters not passed for 6W1F-pep3_l15_s321785_mpnn24, skipping interface scoring
Base AF2 filters not passed for 6W1F-pep3_l15_s321785_mpnn25, skipping interface scoring
Base AF2 filters not passed for 6W1F-pep3_l15_s321785_mpnn26, skipping interface scoring
Base AF2 filters not passed for 6W1F-pep3_l15_s321785_mpnn27, skipping interface scoring
Base AF2 filters not passed for 6W1F-pep3_l15_s321785_mpnn28, skipping interface scoring
Base AF2 filters not passed for 6W1F-pep3_l15_s321785_mpnn29, skipping interface scoring
Base AF2 filters not passed for 6W1F-pep3_l15_s321785_mpnn30, skipping interface scoring
Base AF2 filters not passed for 6W1F-pep3_l15_s321785_mpnn31, skipping interface scoring
Base AF2 filters not passed for 6W1F-pep3_l15_s321785_mpnn32, skipping interface scoring
Base AF2 filters not passed for 6W1F-pep3_l15_s321785_mpnn33, skipping interface scoring
Base AF2 filters not passed for 6W1F-pep3_l15_s321785_mpnn34, skipping interface scoring
Base AF2 filters not passed for 6W1F-pep3_l15_s321785_mpnn35, skipping interface scoring
Base AF2 filters not passed for 6W1F-pep3_l15_s321785_mpnn36, skipping interface scoring
Base AF2 filters not passed for 6W1F-pep3_l15_s321785_mpnn37, skipping interface scoring
Base AF2 filters not passed for 6W1F-pep3_l15_s321785_mpnn38, skipping interface scoring
Base AF2 filters not passed for 6W1F-pep3_l15_s321785_mpnn39, skipping interface scoring
Base AF2 filters not passed for 6W1F-pep3_l15_s321785_mpnn40, skipping interface scoring
No accepted MPNN designs found for this trajectory.

Design and validation of trajectory 6W1F-pep3_l15_s321785 took: 0 hours, 20 minutes, 51 seconds

Processing trajectory 6W1F-pep3_l15_s631882
Base AF2 filters not passed for 6W1F-pep3_l15_s631882_mpnn1, skipping interface scoring
Base AF2 filters not passed for 6W1F-pep3_l15_s631882_mpnn2, skipping interface scoring
Base AF2 filters not passed for 6W1F-pep3_l15_s631882_mpnn3, skipping interface scoring
Base AF2 filters not passed for 6W1F-pep3_l15_s631882_mpnn4, skipping interface scoring
Base AF2 filters not passed for 6W1F-pep3_l15_s631882_mpnn5, skipping interface scoring
Base AF2 filters not passed for 6W1F-pep3_l15_s631882_mpnn6, skipping interface scoring
Base AF2 filters not passed for 6W1F-pep3_l15_s631882_mpnn7, skipping interface scoring
Base AF2 filters not passed for 6W1F-pep3_l15_s631882_mpnn8, skipping interface scoring
Base AF2 filters not passed for 6W1F-pep3_l15_s631882_mpnn9, skipping interface scoring
Base AF2 filters not passed for 6W1F-pep3_l15_s631882_mpnn10, skipping interface scoring
Base AF2 filters not passed for 6W1F-pep3_l15_s631882_mpnn11, skipping interface scoring
Base AF2 filters not passed for 6W1F-pep3_l15_s631882_mpnn12, skipping interface scoring
Base AF2 filters not passed for 6W1F-pep3_l15_s631882_mpnn13, skipping interface scoring
Base AF2 filters not passed for 6W1F-pep3_l15_s631882_mpnn14, skipping interface scoring
Base AF2 filters not passed for 6W1F-pep3_l15_s631882_mpnn15, skipping interface scoring
Base AF2 filters not passed for 6W1F-pep3_l15_s631882_mpnn16, skipping interface scoring
Base AF2 filters not passed for 6W1F-pep3_l15_s631882_mpnn17, skipping interface scoring
Base AF2 filters not passed for 6W1F-pep3_l15_s631882_mpnn18, skipping interface scoring
Base AF2 filters not passed for 6W1F-pep3_l15_s631882_mpnn19, skipping interface scoring
Base AF2 filters not passed for 6W1F-pep3_l15_s631882_mpnn20, skipping interface scoring
Base AF2 filters not passed for 6W1F-pep3_l15_s631882_mpnn21, skipping interface scoring
Base AF2 filters not passed for 6W1F-pep3_l15_s631882_mpnn22, skipping interface scoring
Base AF2 filters not passed for 6W1F-pep3_l15_s631882_mpnn23, skipping interface scoring
Base AF2 filters not passed for 6W1F-pep3_l15_s631882_mpnn24, skipping interface scoring
Base AF2 filters not passed for 6W1F-pep3_l15_s631882_mpnn25, skipping interface scoring
Base AF2 filters not passed for 6W1F-pep3_l15_s631882_mpnn26, skipping interface scoring
Base AF2 filters not passed for 6W1F-pep3_l15_s631882_mpnn27, skipping interface scoring
Base AF2 filters not passed for 6W1F-pep3_l15_s631882_mpnn28, skipping interface scoring
Base AF2 filters not passed for 6W1F-pep3_l15_s631882_mpnn29, skipping interface scoring
Base AF2 filters not passed for 6W1F-pep3_l15_s631882_mpnn30, skipping interface scoring
Base AF2 filters not passed for 6W1F-pep3_l15_s631882_mpnn31, skipping interface scoring
Base AF2 filters not passed for 6W1F-pep3_l15_s631882_mpnn32, skipping interface scoring
Base AF2 filters not passed for 6W1F-pep3_l15_s631882_mpnn33, skipping interface scoring
Base AF2 filters not passed for 6W1F-pep3_l15_s631882_mpnn34, skipping interface scoring
Base AF2 filters not passed for 6W1F-pep3_l15_s631882_mpnn35, skipping interface scoring
Base AF2 filters not passed for 6W1F-pep3_l15_s631882_mpnn36, skipping interface scoring
Base AF2 filters not passed for 6W1F-pep3_l15_s631882_mpnn37, skipping interface scoring
Base AF2 filters not passed for 6W1F-pep3_l15_s631882_mpnn38, skipping interface scoring
Base AF2 filters not passed for 6W1F-pep3_l15_s631882_mpnn39, skipping interface scoring
Base AF2 filters not passed for 6W1F-pep3_l15_s631882_mpnn40, skipping interface scoring
Base AF2 filters not passed for 6W1F-pep3_l15_s631882_mpnn41, skipping interface scoring
Base AF2 filters not passed for 6W1F-pep3_l15_s631882_mpnn42, skipping interface scoring
Base AF2 filters not passed for 6W1F-pep3_l15_s631882_mpnn43, skipping interface scoring
Base AF2 filters not passed for 6W1F-pep3_l15_s631882_mpnn44, skipping interface scoring
No accepted MPNN designs found for this trajectory.

Design and validation of trajectory 6W1F-pep3_l15_s631882 took: 0 hours, 13 minutes, 45 seconds

Processing trajectory 6W1F-pep3_l13_s812604
Base AF2 filters not passed for 6W1F-pep3_l13_s812604_mpnn1, skipping interface scoring
Base AF2 filters not passed for 6W1F-pep3_l13_s812604_mpnn2, skipping interface scoring
Base AF2 filters not passed for 6W1F-pep3_l13_s812604_mpnn3, skipping interface scoring
Base AF2 filters not passed for 6W1F-pep3_l13_s812604_mpnn4, skipping interface scoring
Base AF2 filters not passed for 6W1F-pep3_l13_s812604_mpnn5, skipping interface scoring
Base AF2 filters not passed for 6W1F-pep3_l13_s812604_mpnn6, skipping interface scoring
Base AF2 filters not passed for 6W1F-pep3_l13_s812604_mpnn7, skipping interface scoring
Base AF2 filters not passed for 6W1F-pep3_l13_s812604_mpnn8, skipping interface scoring
Base AF2 filters not passed for 6W1F-pep3_l13_s812604_mpnn9, skipping interface scoring
Base AF2 filters not passed for 6W1F-pep3_l13_s812604_mpnn10, skipping interface scoring
Base AF2 filters not passed for 6W1F-pep3_l13_s812604_mpnn11, skipping interface scoring
Base AF2 filters not passed for 6W1F-pep3_l13_s812604_mpnn12, skipping interface scoring
Base AF2 filters not passed for 6W1F-pep3_l13_s812604_mpnn13, skipping interface scoring
Base AF2 filters not passed for 6W1F-pep3_l13_s812604_mpnn14, skipping interface scoring
Base AF2 filters not passed for 6W1F-pep3_l13_s812604_mpnn15, skipping interface scoring
Base AF2 filters not passed for 6W1F-pep3_l13_s812604_mpnn16, skipping interface scoring
Base AF2 filters not passed for 6W1F-pep3_l13_s812604_mpnn17, skipping interface scoring
No accepted MPNN designs found for this trajectory.

Design and validation of trajectory 6W1F-pep3_l13_s812604 took: 0 hours, 5 minutes, 43 seconds

Processing trajectory 6W1F-pep3_l14_s675621
Base AF2 filters not passed for 6W1F-pep3_l14_s675621_mpnn1, skipping interface scoring
Base AF2 filters not passed for 6W1F-pep3_l14_s675621_mpnn2, skipping interface scoring
Base AF2 filters not passed for 6W1F-pep3_l14_s675621_mpnn3, skipping interface scoring
Base AF2 filters not passed for 6W1F-pep3_l14_s675621_mpnn4, skipping interface scoring
Base AF2 filters not passed for 6W1F-pep3_l14_s675621_mpnn5, skipping interface scoring
Base AF2 filters not passed for 6W1F-pep3_l14_s675621_mpnn6, skipping interface scoring
Base AF2 filters not passed for 6W1F-pep3_l14_s675621_mpnn7, skipping interface scoring
Base AF2 filters not passed for 6W1F-pep3_l14_s675621_mpnn8, skipping interface scoring
Base AF2 filters not passed for 6W1F-pep3_l14_s675621_mpnn9, skipping interface scoring
Base AF2 filters not passed for 6W1F-pep3_l14_s675621_mpnn10, skipping interface scoring
Base AF2 filters not passed for 6W1F-pep3_l14_s675621_mpnn11, skipping interface scoring
Base AF2 filters not passed for 6W1F-pep3_l14_s675621_mpnn12, skipping interface scoring
Base AF2 filters not passed for 6W1F-pep3_l14_s675621_mpnn13, skipping interface scoring
Base AF2 filters not passed for 6W1F-pep3_l14_s675621_mpnn14, skipping interface scoring
Base AF2 filters not passed for 6W1F-pep3_l14_s675621_mpnn15, skipping interface scoring
Base AF2 filters not passed for 6W1F-pep3_l14_s675621_mpnn16, skipping interface scoring
Base AF2 filters not passed for 6W1F-pep3_l14_s675621_mpnn17, skipping interface scoring
Base AF2 filters not passed for 6W1F-pep3_l14_s675621_mpnn18, skipping interface scoring
Base AF2 filters not passed for 6W1F-pep3_l14_s675621_mpnn19, skipping interface scoring
Base AF2 filters not passed for 6W1F-pep3_l14_s675621_mpnn20, skipping interface scoring
Base AF2 filters not passed for 6W1F-pep3_l14_s675621_mpnn21, skipping interface scoring
Base AF2 filters not passed for 6W1F-pep3_l14_s675621_mpnn22, skipping interface scoring
Base AF2 filters not passed for 6W1F-pep3_l14_s675621_mpnn23, skipping interface scoring
Base AF2 filters not passed for 6W1F-pep3_l14_s675621_mpnn24, skipping interface scoring
Base AF2 filters not passed for 6W1F-pep3_l14_s675621_mpnn25, skipping interface scoring
Base AF2 filters not passed for 6W1F-pep3_l14_s675621_mpnn26, skipping interface scoring
Base AF2 filters not passed for 6W1F-pep3_l14_s675621_mpnn27, skipping interface scoring
Base AF2 filters not passed for 6W1F-pep3_l14_s675621_mpnn28, skipping interface scoring
Base AF2 filters not passed for 6W1F-pep3_l14_s675621_mpnn29, skipping interface scoring
Base AF2 filters not passed for 6W1F-pep3_l14_s675621_mpnn30, skipping interface scoring
Base AF2 filters not passed for 6W1F-pep3_l14_s675621_mpnn31, skipping interface scoring
Base AF2 filters not passed for 6W1F-pep3_l14_s675621_mpnn32, skipping interface scoring
Base AF2 filters not passed for 6W1F-pep3_l14_s675621_mpnn33, skipping interface scoring
Base AF2 filters not passed for 6W1F-pep3_l14_s675621_mpnn34, skipping interface scoring
Base AF2 filters not passed for 6W1F-pep3_l14_s675621_mpnn35, skipping interface scoring
Base AF2 filters not passed for 6W1F-pep3_l14_s675621_mpnn36, skipping interface scoring
Base AF2 filters not passed for 6W1F-pep3_l14_s675621_mpnn37, skipping interface scoring
Base AF2 filters not passed for 6W1F-pep3_l14_s675621_mpnn38, skipping interface scoring
Base AF2 filters not passed for 6W1F-pep3_l14_s675621_mpnn39, skipping interface scoring
Base AF2 filters not passed for 6W1F-pep3_l14_s675621_mpnn40, skipping interface scoring
Base AF2 filters not passed for 6W1F-pep3_l14_s675621_mpnn41, skipping interface scoring
Base AF2 filters not passed for 6W1F-pep3_l14_s675621_mpnn42, skipping interface scoring
Base AF2 filters not passed for 6W1F-pep3_l14_s675621_mpnn43, skipping interface scoring
Base AF2 filters not passed for 6W1F-pep3_l14_s675621_mpnn44, skipping interface scoring
Base AF2 filters not passed for 6W1F-pep3_l14_s675621_mpnn45, skipping interface scoring
Base AF2 filters not passed for 6W1F-pep3_l14_s675621_mpnn46, skipping interface scoring
Base AF2 filters not passed for 6W1F-pep3_l14_s675621_mpnn47, skipping interface scoring
Base AF2 filters not passed for 6W1F-pep3_l14_s675621_mpnn48, skipping interface scoring
Base AF2 filters not passed for 6W1F-pep3_l14_s675621_mpnn49, skipping interface scoring
No accepted MPNN designs found for this trajectory.

Design and validation of trajectory 6W1F-pep3_l14_s675621 took: 0 hours, 15 minutes, 18 seconds

Processing trajectory 6W1F-pep3_l14_s996267
Base AF2 filters not passed for 6W1F-pep3_l14_s996267_mpnn1, skipping interface scoring
Base AF2 filters not passed for 6W1F-pep3_l14_s996267_mpnn2, skipping interface scoring
Base AF2 filters not passed for 6W1F-pep3_l14_s996267_mpnn3, skipping interface scoring
Base AF2 filters not passed for 6W1F-pep3_l14_s996267_mpnn4, skipping interface scoring
Base AF2 filters not passed for 6W1F-pep3_l14_s996267_mpnn5, skipping interface scoring
Base AF2 filters not passed for 6W1F-pep3_l14_s996267_mpnn6, skipping interface scoring
Base AF2 filters not passed for 6W1F-pep3_l14_s996267_mpnn7, skipping interface scoring
Base AF2 filters not passed for 6W1F-pep3_l14_s996267_mpnn8, skipping interface scoring
Base AF2 filters not passed for 6W1F-pep3_l14_s996267_mpnn9, skipping interface scoring
Base AF2 filters not passed for 6W1F-pep3_l14_s996267_mpnn10, skipping interface scoring
Base AF2 filters not passed for 6W1F-pep3_l14_s996267_mpnn11, skipping interface scoring
Base AF2 filters not passed for 6W1F-pep3_l14_s996267_mpnn12, skipping interface scoring
Base AF2 filters not passed for 6W1F-pep3_l14_s996267_mpnn13, skipping interface scoring
Base AF2 filters not passed for 6W1F-pep3_l14_s996267_mpnn14, skipping interface scoring
Base AF2 filters not passed for 6W1F-pep3_l14_s996267_mpnn15, skipping interface scoring
Base AF2 filters not passed for 6W1F-pep3_l14_s996267_mpnn16, skipping interface scoring
Base AF2 filters not passed for 6W1F-pep3_l14_s996267_mpnn17, skipping interface scoring
Base AF2 filters not passed for 6W1F-pep3_l14_s996267_mpnn18, skipping interface scoring
Base AF2 filters not passed for 6W1F-pep3_l14_s996267_mpnn19, skipping interface scoring
Base AF2 filters not passed for 6W1F-pep3_l14_s996267_mpnn20, skipping interface scoring
Base AF2 filters not passed for 6W1F-pep3_l14_s996267_mpnn21, skipping interface scoring
Base AF2 filters not passed for 6W1F-pep3_l14_s996267_mpnn22, skipping interface scoring
Base AF2 filters not passed for 6W1F-pep3_l14_s996267_mpnn23, skipping interface scoring
Base AF2 filters not passed for 6W1F-pep3_l14_s996267_mpnn24, skipping interface scoring
Base AF2 filters not passed for 6W1F-pep3_l14_s996267_mpnn25, skipping interface scoring
Base AF2 filters not passed for 6W1F-pep3_l14_s996267_mpnn26, skipping interface scoring
6W1F-pep3_l14_s996267_mpnn27 passed all filters
Found 1 MPNN designs passing filters

Design and validation of trajectory 6W1F-pep3_l14_s996267 took: 0 hours, 14 minutes, 41 seconds

Processing trajectory 6W1F-pep3_l17_s961080
Base AF2 filters not passed for 6W1F-pep3_l17_s961080_mpnn1, skipping interface scoring
Base AF2 filters not passed for 6W1F-pep3_l17_s961080_mpnn2, skipping interface scoring
Base AF2 filters not passed for 6W1F-pep3_l17_s961080_mpnn3, skipping interface scoring
Base AF2 filters not passed for 6W1F-pep3_l17_s961080_mpnn4, skipping interface scoring
Base AF2 filters not passed for 6W1F-pep3_l17_s961080_mpnn5, skipping interface scoring
Base AF2 filters not passed for 6W1F-pep3_l17_s961080_mpnn6, skipping interface scoring
Base AF2 filters not passed for 6W1F-pep3_l17_s961080_mpnn7, skipping interface scoring
Base AF2 filters not passed for 6W1F-pep3_l17_s961080_mpnn8, skipping interface scoring
Base AF2 filters not passed for 6W1F-pep3_l17_s961080_mpnn9, skipping interface scoring
Base AF2 filters not passed for 6W1F-pep3_l17_s961080_mpnn10, skipping interface scoring
Base AF2 filters not passed for 6W1F-pep3_l17_s961080_mpnn11, skipping interface scoring
Base AF2 filters not passed for 6W1F-pep3_l17_s961080_mpnn12, skipping interface scoring
Base AF2 filters not passed for 6W1F-pep3_l17_s961080_mpnn13, skipping interface scoring
Base AF2 filters not passed for 6W1F-pep3_l17_s961080_mpnn14, skipping interface scoring
Base AF2 filters not passed for 6W1F-pep3_l17_s961080_mpnn15, skipping interface scoring
Base AF2 filters not passed for 6W1F-pep3_l17_s961080_mpnn16, skipping interface scoring
Base AF2 filters not passed for 6W1F-pep3_l17_s961080_mpnn17, skipping interface scoring
Base AF2 filters not passed for 6W1F-pep3_l17_s961080_mpnn18, skipping interface scoring
Base AF2 filters not passed for 6W1F-pep3_l17_s961080_mpnn19, skipping interface scoring
Base AF2 filters not passed for 6W1F-pep3_l17_s961080_mpnn20, skipping interface scoring
Base AF2 filters not passed for 6W1F-pep3_l17_s961080_mpnn21, skipping interface scoring
Base AF2 filters not passed for 6W1F-pep3_l17_s961080_mpnn22, skipping interface scoring
Base AF2 filters not passed for 6W1F-pep3_l17_s961080_mpnn23, skipping interface scoring
Base AF2 filters not passed for 6W1F-pep3_l17_s961080_mpnn24, skipping interface scoring
Base AF2 filters not passed for 6W1F-pep3_l17_s961080_mpnn25, skipping interface scoring
Base AF2 filters not passed for 6W1F-pep3_l17_s961080_mpnn26, skipping interface scoring
Base AF2 filters not passed for 6W1F-pep3_l17_s961080_mpnn27, skipping interface scoring
Base AF2 filters not passed for 6W1F-pep3_l17_s961080_mpnn28, skipping interface scoring
Base AF2 filters not passed for 6W1F-pep3_l17_s961080_mpnn29, skipping interface scoring
Base AF2 filters not passed for 6W1F-pep3_l17_s961080_mpnn30, skipping interface scoring
Base AF2 filters not passed for 6W1F-pep3_l17_s961080_mpnn31, skipping interface scoring
Base AF2 filters not passed for 6W1F-pep3_l17_s961080_mpnn32, skipping interface scoring
Base AF2 filters not passed for 6W1F-pep3_l17_s961080_mpnn33, skipping interface scoring
Base AF2 filters not passed for 6W1F-pep3_l17_s961080_mpnn34, skipping interface scoring
Base AF2 filters not passed for 6W1F-pep3_l17_s961080_mpnn35, skipping interface scoring
Base AF2 filters not passed for 6W1F-pep3_l17_s961080_mpnn36, skipping interface scoring
Base AF2 filters not passed for 6W1F-pep3_l17_s961080_mpnn37, skipping interface scoring
Base AF2 filters not passed for 6W1F-pep3_l17_s961080_mpnn38, skipping interface scoring
Base AF2 filters not passed for 6W1F-pep3_l17_s961080_mpnn39, skipping interface scoring
Base AF2 filters not passed for 6W1F-pep3_l17_s961080_mpnn40, skipping interface scoring
Base AF2 filters not passed for 6W1F-pep3_l17_s961080_mpnn41, skipping interface scoring
Base AF2 filters not passed for 6W1F-pep3_l17_s961080_mpnn42, skipping interface scoring
Base AF2 filters not passed for 6W1F-pep3_l17_s961080_mpnn43, skipping interface scoring
Base AF2 filters not passed for 6W1F-pep3_l17_s961080_mpnn44, skipping interface scoring
Base AF2 filters not passed for 6W1F-pep3_l17_s961080_mpnn45, skipping interface scoring
Base AF2 filters not passed for 6W1F-pep3_l17_s961080_mpnn46, skipping interface scoring
Base AF2 filters not passed for 6W1F-pep3_l17_s961080_mpnn47, skipping interface scoring
Base AF2 filters not passed for 6W1F-pep3_l17_s961080_mpnn48, skipping interface scoring
Base AF2 filters not passed for 6W1F-pep3_l17_s961080_mpnn49, skipping interface scoring
No accepted MPNN designs found for this trajectory.

Design and validation of trajectory 6W1F-pep3_l17_s961080 took: 0 hours, 16 minutes, 8 seconds

Processing trajectory 6W1F-pep3_l17_s679795
Base AF2 filters not passed for 6W1F-pep3_l17_s679795_mpnn1, skipping interface scoring
Base AF2 filters not passed for 6W1F-pep3_l17_s679795_mpnn2, skipping interface scoring
Base AF2 filters not passed for 6W1F-pep3_l17_s679795_mpnn3, skipping interface scoring
Base AF2 filters not passed for 6W1F-pep3_l17_s679795_mpnn4, skipping interface scoring
Base AF2 filters not passed for 6W1F-pep3_l17_s679795_mpnn5, skipping interface scoring
Base AF2 filters not passed for 6W1F-pep3_l17_s679795_mpnn6, skipping interface scoring
Base AF2 filters not passed for 6W1F-pep3_l17_s679795_mpnn7, skipping interface scoring
Base AF2 filters not passed for 6W1F-pep3_l17_s679795_mpnn8, skipping interface scoring
Base AF2 filters not passed for 6W1F-pep3_l17_s679795_mpnn9, skipping interface scoring
Base AF2 filters not passed for 6W1F-pep3_l17_s679795_mpnn10, skipping interface scoring
Base AF2 filters not passed for 6W1F-pep3_l17_s679795_mpnn11, skipping interface scoring
Base AF2 filters not passed for 6W1F-pep3_l17_s679795_mpnn12, skipping interface scoring
Base AF2 filters not passed for 6W1F-pep3_l17_s679795_mpnn13, skipping interface scoring
Base AF2 filters not passed for 6W1F-pep3_l17_s679795_mpnn14, skipping interface scoring
Base AF2 filters not passed for 6W1F-pep3_l17_s679795_mpnn15, skipping interface scoring
Base AF2 filters not passed for 6W1F-pep3_l17_s679795_mpnn16, skipping interface scoring
Base AF2 filters not passed for 6W1F-pep3_l17_s679795_mpnn17, skipping interface scoring
Base AF2 filters not passed for 6W1F-pep3_l17_s679795_mpnn18, skipping interface scoring
Base AF2 filters not passed for 6W1F-pep3_l17_s679795_mpnn19, skipping interface scoring
Base AF2 filters not passed for 6W1F-pep3_l17_s679795_mpnn20, skipping interface scoring
Base AF2 filters not passed for 6W1F-pep3_l17_s679795_mpnn21, skipping interface scoring
Base AF2 filters not passed for 6W1F-pep3_l17_s679795_mpnn22, skipping interface scoring
Base AF2 filters not passed for 6W1F-pep3_l17_s679795_mpnn23, skipping interface scoring
Base AF2 filters not passed for 6W1F-pep3_l17_s679795_mpnn24, skipping interface scoring
Base AF2 filters not passed for 6W1F-pep3_l17_s679795_mpnn25, skipping interface scoring
Base AF2 filters not passed for 6W1F-pep3_l17_s679795_mpnn26, skipping interface scoring
Base AF2 filters not passed for 6W1F-pep3_l17_s679795_mpnn27, skipping interface scoring
Base AF2 filters not passed for 6W1F-pep3_l17_s679795_mpnn28, skipping interface scoring
Base AF2 filters not passed for 6W1F-pep3_l17_s679795_mpnn29, skipping interface scoring
Base AF2 filters not passed for 6W1F-pep3_l17_s679795_mpnn30, skipping interface scoring
Base AF2 filters not passed for 6W1F-pep3_l17_s679795_mpnn31, skipping interface scoring
Base AF2 filters not passed for 6W1F-pep3_l17_s679795_mpnn32, skipping interface scoring
Base AF2 filters not passed for 6W1F-pep3_l17_s679795_mpnn33, skipping interface scoring
Base AF2 filters not passed for 6W1F-pep3_l17_s679795_mpnn34, skipping interface scoring
Base AF2 filters not passed for 6W1F-pep3_l17_s679795_mpnn35, skipping interface scoring
Base AF2 filters not passed for 6W1F-pep3_l17_s679795_mpnn36, skipping interface scoring
Base AF2 filters not passed for 6W1F-pep3_l17_s679795_mpnn37, skipping interface scoring
Base AF2 filters not passed for 6W1F-pep3_l17_s679795_mpnn38, skipping interface scoring
Base AF2 filters not passed for 6W1F-pep3_l17_s679795_mpnn39, skipping interface scoring
Base AF2 filters not passed for 6W1F-pep3_l17_s679795_mpnn40, skipping interface scoring
Base AF2 filters not passed for 6W1F-pep3_l17_s679795_mpnn41, skipping interface scoring
Base AF2 filters not passed for 6W1F-pep3_l17_s679795_mpnn42, skipping interface scoring
Base AF2 filters not passed for 6W1F-pep3_l17_s679795_mpnn43, skipping interface scoring
Base AF2 filters not passed for 6W1F-pep3_l17_s679795_mpnn44, skipping interface scoring
Base AF2 filters not passed for 6W1F-pep3_l17_s679795_mpnn45, skipping interface scoring
Base AF2 filters not passed for 6W1F-pep3_l17_s679795_mpnn46, skipping interface scoring
Base AF2 filters not passed for 6W1F-pep3_l17_s679795_mpnn47, skipping interface scoring
Base AF2 filters not passed for 6W1F-pep3_l17_s679795_mpnn48, skipping interface scoring
Base AF2 filters not passed for 6W1F-pep3_l17_s679795_mpnn49, skipping interface scoring
No accepted MPNN designs found for this trajectory.

Design and validation of trajectory 6W1F-pep3_l17_s679795 took: 0 hours, 15 minutes, 31 seconds

Processing trajectory 6W1F-pep3_l13_s405806
Base AF2 filters not passed for 6W1F-pep3_l13_s405806_mpnn1, skipping interface scoring
Base AF2 filters not passed for 6W1F-pep3_l13_s405806_mpnn2, skipping interface scoring
Base AF2 filters not passed for 6W1F-pep3_l13_s405806_mpnn3, skipping interface scoring
Base AF2 filters not passed for 6W1F-pep3_l13_s405806_mpnn4, skipping interface scoring
Base AF2 filters not passed for 6W1F-pep3_l13_s405806_mpnn5, skipping interface scoring
Base AF2 filters not passed for 6W1F-pep3_l13_s405806_mpnn6, skipping interface scoring
Base AF2 filters not passed for 6W1F-pep3_l13_s405806_mpnn7, skipping interface scoring
Base AF2 filters not passed for 6W1F-pep3_l13_s405806_mpnn8, skipping interface scoring
Base AF2 filters not passed for 6W1F-pep3_l13_s405806_mpnn9, skipping interface scoring
Base AF2 filters not passed for 6W1F-pep3_l13_s405806_mpnn10, skipping interface scoring
Base AF2 filters not passed for 6W1F-pep3_l13_s405806_mpnn11, skipping interface scoring
Base AF2 filters not passed for 6W1F-pep3_l13_s405806_mpnn12, skipping interface scoring
Base AF2 filters not passed for 6W1F-pep3_l13_s405806_mpnn13, skipping interface scoring
Base AF2 filters not passed for 6W1F-pep3_l13_s405806_mpnn14, skipping interface scoring
Base AF2 filters not passed for 6W1F-pep3_l13_s405806_mpnn15, skipping interface scoring
Base AF2 filters not passed for 6W1F-pep3_l13_s405806_mpnn16, skipping interface scoring
Base AF2 filters not passed for 6W1F-pep3_l13_s405806_mpnn17, skipping interface scoring
Base AF2 filters not passed for 6W1F-pep3_l13_s405806_mpnn18, skipping interface scoring
No accepted MPNN designs found for this trajectory.

Design and validation of trajectory 6W1F-pep3_l13_s405806 took: 0 hours, 6 minutes, 18 seconds

Processing trajectory 6W1F-pep3_l16_s380994
Base AF2 filters not passed for 6W1F-pep3_l16_s380994_mpnn1, skipping interface scoring
Base AF2 filters not passed for 6W1F-pep3_l16_s380994_mpnn2, skipping interface scoring
Base AF2 filters not passed for 6W1F-pep3_l16_s380994_mpnn3, skipping interface scoring
Base AF2 filters not passed for 6W1F-pep3_l16_s380994_mpnn4, skipping interface scoring
Base AF2 filters not passed for 6W1F-pep3_l16_s380994_mpnn5, skipping interface scoring
Base AF2 filters not passed for 6W1F-pep3_l16_s380994_mpnn6, skipping interface scoring
Base AF2 filters not passed for 6W1F-pep3_l16_s380994_mpnn7, skipping interface scoring
Base AF2 filters not passed for 6W1F-pep3_l16_s380994_mpnn8, skipping interface scoring
Base AF2 filters not passed for 6W1F-pep3_l16_s380994_mpnn9, skipping interface scoring
Base AF2 filters not passed for 6W1F-pep3_l16_s380994_mpnn10, skipping interface scoring
Base AF2 filters not passed for 6W1F-pep3_l16_s380994_mpnn11, skipping interface scoring
Base AF2 filters not passed for 6W1F-pep3_l16_s380994_mpnn12, skipping interface scoring
Base AF2 filters not passed for 6W1F-pep3_l16_s380994_mpnn13, skipping interface scoring
Base AF2 filters not passed for 6W1F-pep3_l16_s380994_mpnn14, skipping interface scoring
Base AF2 filters not passed for 6W1F-pep3_l16_s380994_mpnn15, skipping interface scoring
Base AF2 filters not passed for 6W1F-pep3_l16_s380994_mpnn16, skipping interface scoring
Base AF2 filters not passed for 6W1F-pep3_l16_s380994_mpnn17, skipping interface scoring
Base AF2 filters not passed for 6W1F-pep3_l16_s380994_mpnn18, skipping interface scoring
Base AF2 filters not passed for 6W1F-pep3_l16_s380994_mpnn19, skipping interface scoring
Base AF2 filters not passed for 6W1F-pep3_l16_s380994_mpnn20, skipping interface scoring
Base AF2 filters not passed for 6W1F-pep3_l16_s380994_mpnn21, skipping interface scoring
Base AF2 filters not passed for 6W1F-pep3_l16_s380994_mpnn22, skipping interface scoring
Base AF2 filters not passed for 6W1F-pep3_l16_s380994_mpnn23, skipping interface scoring
Base AF2 filters not passed for 6W1F-pep3_l16_s380994_mpnn24, skipping interface scoring
Base AF2 filters not passed for 6W1F-pep3_l16_s380994_mpnn25, skipping interface scoring
Base AF2 filters not passed for 6W1F-pep3_l16_s380994_mpnn26, skipping interface scoring
Base AF2 filters not passed for 6W1F-pep3_l16_s380994_mpnn27, skipping interface scoring
Base AF2 filters not passed for 6W1F-pep3_l16_s380994_mpnn28, skipping interface scoring
Base AF2 filters not passed for 6W1F-pep3_l16_s380994_mpnn29, skipping interface scoring
Base AF2 filters not passed for 6W1F-pep3_l16_s380994_mpnn30, skipping interface scoring
Base AF2 filters not passed for 6W1F-pep3_l16_s380994_mpnn31, skipping interface scoring
Base AF2 filters not passed for 6W1F-pep3_l16_s380994_mpnn32, skipping interface scoring
Base AF2 filters not passed for 6W1F-pep3_l16_s380994_mpnn33, skipping interface scoring
Base AF2 filters not passed for 6W1F-pep3_l16_s380994_mpnn34, skipping interface scoring
Base AF2 filters not passed for 6W1F-pep3_l16_s380994_mpnn35, skipping interface scoring
Base AF2 filters not passed for 6W1F-pep3_l16_s380994_mpnn36, skipping interface scoring
Base AF2 filters not passed for 6W1F-pep3_l16_s380994_mpnn37, skipping interface scoring
Base AF2 filters not passed for 6W1F-pep3_l16_s380994_mpnn38, skipping interface scoring
Base AF2 filters not passed for 6W1F-pep3_l16_s380994_mpnn39, skipping interface scoring
Base AF2 filters not passed for 6W1F-pep3_l16_s380994_mpnn40, skipping interface scoring
Base AF2 filters not passed for 6W1F-pep3_l16_s380994_mpnn41, skipping interface scoring
Base AF2 filters not passed for 6W1F-pep3_l16_s380994_mpnn42, skipping interface scoring
Base AF2 filters not passed for 6W1F-pep3_l16_s380994_mpnn43, skipping interface scoring
No accepted MPNN designs found for this trajectory.

Design and validation of trajectory 6W1F-pep3_l16_s380994 took: 0 hours, 13 minutes, 22 seconds

Processing trajectory 6W1F-pep3_l15_s586046
6W1F-pep3_l15_s586046_mpnn1 passed all filters
6W1F-pep3_l15_s586046_mpnn2 passed all filters
6W1F-pep3_l15_s586046_mpnn3 passed all filters
6W1F-pep3_l15_s586046_mpnn4 passed all filters
6W1F-pep3_l15_s586046_mpnn5 passed all filters
Base AF2 filters not passed for 6W1F-pep3_l15_s586046_mpnn6, skipping interface scoring
6W1F-pep3_l15_s586046_mpnn7 passed all filters
6W1F-pep3_l15_s586046_mpnn8 passed all filters
Base AF2 filters not passed for 6W1F-pep3_l15_s586046_mpnn9, skipping interface scoring
Unmet filter conditions for 6W1F-pep3_l15_s586046_mpnn10
Unmet filter conditions for 6W1F-pep3_l15_s586046_mpnn11
6W1F-pep3_l15_s586046_mpnn12 passed all filters
Unmet filter conditions for 6W1F-pep3_l15_s586046_mpnn13
Base AF2 filters not passed for 6W1F-pep3_l15_s586046_mpnn14, skipping interface scoring
Unmet filter conditions for 6W1F-pep3_l15_s586046_mpnn15
Base AF2 filters not passed for 6W1F-pep3_l15_s586046_mpnn16, skipping interface scoring
Base AF2 filters not passed for 6W1F-pep3_l15_s586046_mpnn17, skipping interface scoring
Unmet filter conditions for 6W1F-pep3_l15_s586046_mpnn18
Base AF2 filters not passed for 6W1F-pep3_l15_s586046_mpnn19, skipping interface scoring
6W1F-pep3_l15_s586046_mpnn20 passed all filters
6W1F-pep3_l15_s586046_mpnn21 passed all filters
Base AF2 filters not passed for 6W1F-pep3_l15_s586046_mpnn22, skipping interface scoring
Base AF2 filters not passed for 6W1F-pep3_l15_s586046_mpnn23, skipping interface scoring
Unmet filter conditions for 6W1F-pep3_l15_s586046_mpnn24
Base AF2 filters not passed for 6W1F-pep3_l15_s586046_mpnn25, skipping interface scoring
Unmet filter conditions for 6W1F-pep3_l15_s586046_mpnn26
Base AF2 filters not passed for 6W1F-pep3_l15_s586046_mpnn27, skipping interface scoring
Base AF2 filters not passed for 6W1F-pep3_l15_s586046_mpnn28, skipping interface scoring
Found 10 MPNN designs passing filters

Design and validation of trajectory 6W1F-pep3_l15_s586046 took: 1 hours, 54 minutes, 9 seconds

Processing trajectory 6W1F-pep3_l15_s273317
Base AF2 filters not passed for 6W1F-pep3_l15_s273317_mpnn1, skipping interface scoring
Base AF2 filters not passed for 6W1F-pep3_l15_s273317_mpnn2, skipping interface scoring
Base AF2 filters not passed for 6W1F-pep3_l15_s273317_mpnn3, skipping interface scoring
Base AF2 filters not passed for 6W1F-pep3_l15_s273317_mpnn4, skipping interface scoring
Base AF2 filters not passed for 6W1F-pep3_l15_s273317_mpnn5, skipping interface scoring
Base AF2 filters not passed for 6W1F-pep3_l15_s273317_mpnn6, skipping interface scoring
Base AF2 filters not passed for 6W1F-pep3_l15_s273317_mpnn7, skipping interface scoring
Base AF2 filters not passed for 6W1F-pep3_l15_s273317_mpnn8, skipping interface scoring
Base AF2 filters not passed for 6W1F-pep3_l15_s273317_mpnn9, skipping interface scoring
Base AF2 filters not passed for 6W1F-pep3_l15_s273317_mpnn10, skipping interface scoring
Base AF2 filters not passed for 6W1F-pep3_l15_s273317_mpnn11, skipping interface scoring
Base AF2 filters not passed for 6W1F-pep3_l15_s273317_mpnn12, skipping interface scoring
Base AF2 filters not passed for 6W1F-pep3_l15_s273317_mpnn13, skipping interface scoring
Base AF2 filters not passed for 6W1F-pep3_l15_s273317_mpnn14, skipping interface scoring
Base AF2 filters not passed for 6W1F-pep3_l15_s273317_mpnn15, skipping interface scoring
Base AF2 filters not passed for 6W1F-pep3_l15_s273317_mpnn16, skipping interface scoring
Base AF2 filters not passed for 6W1F-pep3_l15_s273317_mpnn17, skipping interface scoring
Base AF2 filters not passed for 6W1F-pep3_l15_s273317_mpnn18, skipping interface scoring
Base AF2 filters not passed for 6W1F-pep3_l15_s273317_mpnn19, skipping interface scoring
Base AF2 filters not passed for 6W1F-pep3_l15_s273317_mpnn20, skipping interface scoring
Base AF2 filters not passed for 6W1F-pep3_l15_s273317_mpnn21, skipping interface scoring
Base AF2 filters not passed for 6W1F-pep3_l15_s273317_mpnn22, skipping interface scoring
Base AF2 filters not passed for 6W1F-pep3_l15_s273317_mpnn23, skipping interface scoring
Base AF2 filters not passed for 6W1F-pep3_l15_s273317_mpnn24, skipping interface scoring
Base AF2 filters not passed for 6W1F-pep3_l15_s273317_mpnn25, skipping interface scoring
Base AF2 filters not passed for 6W1F-pep3_l15_s273317_mpnn26, skipping interface scoring
Base AF2 filters not passed for 6W1F-pep3_l15_s273317_mpnn27, skipping interface scoring
Base AF2 filters not passed for 6W1F-pep3_l15_s273317_mpnn28, skipping interface scoring
Base AF2 filters not passed for 6W1F-pep3_l15_s273317_mpnn29, skipping interface scoring
Base AF2 filters not passed for 6W1F-pep3_l15_s273317_mpnn30, skipping interface scoring
Base AF2 filters not passed for 6W1F-pep3_l15_s273317_mpnn31, skipping interface scoring
Base AF2 filters not passed for 6W1F-pep3_l15_s273317_mpnn32, skipping interface scoring
Base AF2 filters not passed for 6W1F-pep3_l15_s273317_mpnn33, skipping interface scoring
Base AF2 filters not passed for 6W1F-pep3_l15_s273317_mpnn34, skipping interface scoring
Base AF2 filters not passed for 6W1F-pep3_l15_s273317_mpnn35, skipping interface scoring
Base AF2 filters not passed for 6W1F-pep3_l15_s273317_mpnn36, skipping interface scoring
Base AF2 filters not passed for 6W1F-pep3_l15_s273317_mpnn37, skipping interface scoring
Base AF2 filters not passed for 6W1F-pep3_l15_s273317_mpnn38, skipping interface scoring
Base AF2 filters not passed for 6W1F-pep3_l15_s273317_mpnn39, skipping interface scoring
Base AF2 filters not passed for 6W1F-pep3_l15_s273317_mpnn40, skipping interface scoring
Base AF2 filters not passed for 6W1F-pep3_l15_s273317_mpnn41, skipping interface scoring
No accepted MPNN designs found for this trajectory.

Design and validation of trajectory 6W1F-pep3_l15_s273317 took: 0 hours, 12 minutes, 55 seconds

Processing trajectory 6W1F-pep3_l15_s824554
Unmet filter conditions for 6W1F-pep3_l15_s824554_mpnn1
Unmet filter conditions for 6W1F-pep3_l15_s824554_mpnn2
Base AF2 filters not passed for 6W1F-pep3_l15_s824554_mpnn3, skipping interface scoring
Unmet filter conditions for 6W1F-pep3_l15_s824554_mpnn4
Unmet filter conditions for 6W1F-pep3_l15_s824554_mpnn5
Unmet filter conditions for 6W1F-pep3_l15_s824554_mpnn6
Base AF2 filters not passed for 6W1F-pep3_l15_s824554_mpnn7, skipping interface scoring
Unmet filter conditions for 6W1F-pep3_l15_s824554_mpnn8
Unmet filter conditions for 6W1F-pep3_l15_s824554_mpnn9
Unmet filter conditions for 6W1F-pep3_l15_s824554_mpnn10
Unmet filter conditions for 6W1F-pep3_l15_s824554_mpnn11
Unmet filter conditions for 6W1F-pep3_l15_s824554_mpnn12
Base AF2 filters not passed for 6W1F-pep3_l15_s824554_mpnn13, skipping interface scoring
Unmet filter conditions for 6W1F-pep3_l15_s824554_mpnn14
Unmet filter conditions for 6W1F-pep3_l15_s824554_mpnn15
Base AF2 filters not passed for 6W1F-pep3_l15_s824554_mpnn16, skipping interface scoring
Unmet filter conditions for 6W1F-pep3_l15_s824554_mpnn17
Unmet filter conditions for 6W1F-pep3_l15_s824554_mpnn18
Base AF2 filters not passed for 6W1F-pep3_l15_s824554_mpnn19, skipping interface scoring
Unmet filter conditions for 6W1F-pep3_l15_s824554_mpnn20
Base AF2 filters not passed for 6W1F-pep3_l15_s824554_mpnn21, skipping interface scoring
Unmet filter conditions for 6W1F-pep3_l15_s824554_mpnn22
Unmet filter conditions for 6W1F-pep3_l15_s824554_mpnn23
Unmet filter conditions for 6W1F-pep3_l15_s824554_mpnn24
Unmet filter conditions for 6W1F-pep3_l15_s824554_mpnn25
Base AF2 filters not passed for 6W1F-pep3_l15_s824554_mpnn26, skipping interface scoring
No accepted MPNN designs found for this trajectory.

Design and validation of trajectory 6W1F-pep3_l15_s824554 took: 2 hours, 4 minutes, 45 seconds

Processing trajectory 6W1F-pep3_l15_s532430
Base AF2 filters not passed for 6W1F-pep3_l15_s532430_mpnn1, skipping interface scoring
Base AF2 filters not passed for 6W1F-pep3_l15_s532430_mpnn2, skipping interface scoring
Base AF2 filters not passed for 6W1F-pep3_l15_s532430_mpnn3, skipping interface scoring
Base AF2 filters not passed for 6W1F-pep3_l15_s532430_mpnn4, skipping interface scoring
Base AF2 filters not passed for 6W1F-pep3_l15_s532430_mpnn5, skipping interface scoring
Base AF2 filters not passed for 6W1F-pep3_l15_s532430_mpnn6, skipping interface scoring
Base AF2 filters not passed for 6W1F-pep3_l15_s532430_mpnn7, skipping interface scoring
Base AF2 filters not passed for 6W1F-pep3_l15_s532430_mpnn8, skipping interface scoring
Base AF2 filters not passed for 6W1F-pep3_l15_s532430_mpnn9, skipping interface scoring
Base AF2 filters not passed for 6W1F-pep3_l15_s532430_mpnn10, skipping interface scoring
Base AF2 filters not passed for 6W1F-pep3_l15_s532430_mpnn11, skipping interface scoring
Base AF2 filters not passed for 6W1F-pep3_l15_s532430_mpnn12, skipping interface scoring
Base AF2 filters not passed for 6W1F-pep3_l15_s532430_mpnn13, skipping interface scoring
Base AF2 filters not passed for 6W1F-pep3_l15_s532430_mpnn14, skipping interface scoring
Base AF2 filters not passed for 6W1F-pep3_l15_s532430_mpnn15, skipping interface scoring
Base AF2 filters not passed for 6W1F-pep3_l15_s532430_mpnn16, skipping interface scoring
Base AF2 filters not passed for 6W1F-pep3_l15_s532430_mpnn17, skipping interface scoring
Base AF2 filters not passed for 6W1F-pep3_l15_s532430_mpnn18, skipping interface scoring
Base AF2 filters not passed for 6W1F-pep3_l15_s532430_mpnn19, skipping interface scoring
Base AF2 filters not passed for 6W1F-pep3_l15_s532430_mpnn20, skipping interface scoring
Base AF2 filters not passed for 6W1F-pep3_l15_s532430_mpnn21, skipping interface scoring
Base AF2 filters not passed for 6W1F-pep3_l15_s532430_mpnn22, skipping interface scoring
Base AF2 filters not passed for 6W1F-pep3_l15_s532430_mpnn23, skipping interface scoring
Base AF2 filters not passed for 6W1F-pep3_l15_s532430_mpnn24, skipping interface scoring
Base AF2 filters not passed for 6W1F-pep3_l15_s532430_mpnn25, skipping interface scoring
Base AF2 filters not passed for 6W1F-pep3_l15_s532430_mpnn26, skipping interface scoring
Base AF2 filters not passed for 6W1F-pep3_l15_s532430_mpnn27, skipping interface scoring
Base AF2 filters not passed for 6W1F-pep3_l15_s532430_mpnn28, skipping interface scoring
Base AF2 filters not passed for 6W1F-pep3_l15_s532430_mpnn29, skipping interface scoring
Base AF2 filters not passed for 6W1F-pep3_l15_s532430_mpnn30, skipping interface scoring
Base AF2 filters not passed for 6W1F-pep3_l15_s532430_mpnn31, skipping interface scoring
Base AF2 filters not passed for 6W1F-pep3_l15_s532430_mpnn32, skipping interface scoring
Base AF2 filters not passed for 6W1F-pep3_l15_s532430_mpnn33, skipping interface scoring
Base AF2 filters not passed for 6W1F-pep3_l15_s532430_mpnn34, skipping interface scoring
Base AF2 filters not passed for 6W1F-pep3_l15_s532430_mpnn35, skipping interface scoring
Base AF2 filters not passed for 6W1F-pep3_l15_s532430_mpnn36, skipping interface scoring
Base AF2 filters not passed for 6W1F-pep3_l15_s532430_mpnn37, skipping interface scoring
No accepted MPNN designs found for this trajectory.

Design and validation of trajectory 6W1F-pep3_l15_s532430 took: 0 hours, 13 minutes, 45 seconds

Processing trajectory 6W1F-pep3_l16_s530667
Base AF2 filters not passed for 6W1F-pep3_l16_s530667_mpnn1, skipping interface scoring
Base AF2 filters not passed for 6W1F-pep3_l16_s530667_mpnn2, skipping interface scoring
Unmet filter conditions for 6W1F-pep3_l16_s530667_mpnn3
Unmet filter conditions for 6W1F-pep3_l16_s530667_mpnn4
Base AF2 filters not passed for 6W1F-pep3_l16_s530667_mpnn5, skipping interface scoring
Base AF2 filters not passed for 6W1F-pep3_l16_s530667_mpnn6, skipping interface scoring
Base AF2 filters not passed for 6W1F-pep3_l16_s530667_mpnn7, skipping interface scoring
Base AF2 filters not passed for 6W1F-pep3_l16_s530667_mpnn8, skipping interface scoring
Base AF2 filters not passed for 6W1F-pep3_l16_s530667_mpnn9, skipping interface scoring
Base AF2 filters not passed for 6W1F-pep3_l16_s530667_mpnn10, skipping interface scoring
Base AF2 filters not passed for 6W1F-pep3_l16_s530667_mpnn11, skipping interface scoring
Base AF2 filters not passed for 6W1F-pep3_l16_s530667_mpnn12, skipping interface scoring
Unmet filter conditions for 6W1F-pep3_l16_s530667_mpnn13
Base AF2 filters not passed for 6W1F-pep3_l16_s530667_mpnn14, skipping interface scoring
Unmet filter conditions for 6W1F-pep3_l16_s530667_mpnn15
Base AF2 filters not passed for 6W1F-pep3_l16_s530667_mpnn16, skipping interface scoring
Base AF2 filters not passed for 6W1F-pep3_l16_s530667_mpnn17, skipping interface scoring
Base AF2 filters not passed for 6W1F-pep3_l16_s530667_mpnn18, skipping interface scoring
Base AF2 filters not passed for 6W1F-pep3_l16_s530667_mpnn19, skipping interface scoring
Base AF2 filters not passed for 6W1F-pep3_l16_s530667_mpnn20, skipping interface scoring
Base AF2 filters not passed for 6W1F-pep3_l16_s530667_mpnn21, skipping interface scoring
Base AF2 filters not passed for 6W1F-pep3_l16_s530667_mpnn22, skipping interface scoring
Base AF2 filters not passed for 6W1F-pep3_l16_s530667_mpnn23, skipping interface scoring
Base AF2 filters not passed for 6W1F-pep3_l16_s530667_mpnn24, skipping interface scoring
Base AF2 filters not passed for 6W1F-pep3_l16_s530667_mpnn25, skipping interface scoring
Base AF2 filters not passed for 6W1F-pep3_l16_s530667_mpnn26, skipping interface scoring
Base AF2 filters not passed for 6W1F-pep3_l16_s530667_mpnn27, skipping interface scoring
Base AF2 filters not passed for 6W1F-pep3_l16_s530667_mpnn28, skipping interface scoring
Base AF2 filters not passed for 6W1F-pep3_l16_s530667_mpnn29, skipping interface scoring
Base AF2 filters not passed for 6W1F-pep3_l16_s530667_mpnn30, skipping interface scoring
Base AF2 filters not passed for 6W1F-pep3_l16_s530667_mpnn31, skipping interface scoring
Base AF2 filters not passed for 6W1F-pep3_l16_s530667_mpnn32, skipping interface scoring
Base AF2 filters not passed for 6W1F-pep3_l16_s530667_mpnn33, skipping interface scoring
Base AF2 filters not passed for 6W1F-pep3_l16_s530667_mpnn34, skipping interface scoring
Base AF2 filters not passed for 6W1F-pep3_l16_s530667_mpnn35, skipping interface scoring
Base AF2 filters not passed for 6W1F-pep3_l16_s530667_mpnn36, skipping interface scoring
Base AF2 filters not passed for 6W1F-pep3_l16_s530667_mpnn37, skipping interface scoring
Base AF2 filters not passed for 6W1F-pep3_l16_s530667_mpnn38, skipping interface scoring
Base AF2 filters not passed for 6W1F-pep3_l16_s530667_mpnn39, skipping interface scoring
Base AF2 filters not passed for 6W1F-pep3_l16_s530667_mpnn40, skipping interface scoring
Base AF2 filters not passed for 6W1F-pep3_l16_s530667_mpnn41, skipping interface scoring
Base AF2 filters not passed for 6W1F-pep3_l16_s530667_mpnn42, skipping interface scoring
No accepted MPNN designs found for this trajectory.

Design and validation of trajectory 6W1F-pep3_l16_s530667 took: 0 hours, 37 minutes, 37 seconds

Processing trajectory 6W1F-pep3_l15_s860911
Base AF2 filters not passed for 6W1F-pep3_l15_s860911_mpnn1, skipping interface scoring
Base AF2 filters not passed for 6W1F-pep3_l15_s860911_mpnn2, skipping interface scoring
Base AF2 filters not passed for 6W1F-pep3_l15_s860911_mpnn3, skipping interface scoring
Base AF2 filters not passed for 6W1F-pep3_l15_s860911_mpnn4, skipping interface scoring
Base AF2 filters not passed for 6W1F-pep3_l15_s860911_mpnn5, skipping interface scoring
Base AF2 filters not passed for 6W1F-pep3_l15_s860911_mpnn6, skipping interface scoring
Base AF2 filters not passed for 6W1F-pep3_l15_s860911_mpnn7, skipping interface scoring
Base AF2 filters not passed for 6W1F-pep3_l15_s860911_mpnn8, skipping interface scoring
Base AF2 filters not passed for 6W1F-pep3_l15_s860911_mpnn9, skipping interface scoring
Base AF2 filters not passed for 6W1F-pep3_l15_s860911_mpnn10, skipping interface scoring
Base AF2 filters not passed for 6W1F-pep3_l15_s860911_mpnn11, skipping interface scoring
Base AF2 filters not passed for 6W1F-pep3_l15_s860911_mpnn12, skipping interface scoring
Base AF2 filters not passed for 6W1F-pep3_l15_s860911_mpnn13, skipping interface scoring
Base AF2 filters not passed for 6W1F-pep3_l15_s860911_mpnn14, skipping interface scoring
Base AF2 filters not passed for 6W1F-pep3_l15_s860911_mpnn15, skipping interface scoring
Base AF2 filters not passed for 6W1F-pep3_l15_s860911_mpnn16, skipping interface scoring
Base AF2 filters not passed for 6W1F-pep3_l15_s860911_mpnn17, skipping interface scoring
Base AF2 filters not passed for 6W1F-pep3_l15_s860911_mpnn18, skipping interface scoring
Base AF2 filters not passed for 6W1F-pep3_l15_s860911_mpnn19, skipping interface scoring
Base AF2 filters not passed for 6W1F-pep3_l15_s860911_mpnn20, skipping interface scoring
Base AF2 filters not passed for 6W1F-pep3_l15_s860911_mpnn21, skipping interface scoring
Base AF2 filters not passed for 6W1F-pep3_l15_s860911_mpnn22, skipping interface scoring
Base AF2 filters not passed for 6W1F-pep3_l15_s860911_mpnn23, skipping interface scoring
Base AF2 filters not passed for 6W1F-pep3_l15_s860911_mpnn24, skipping interface scoring
Base AF2 filters not passed for 6W1F-pep3_l15_s860911_mpnn25, skipping interface scoring
Base AF2 filters not passed for 6W1F-pep3_l15_s860911_mpnn26, skipping interface scoring
Base AF2 filters not passed for 6W1F-pep3_l15_s860911_mpnn27, skipping interface scoring
Base AF2 filters not passed for 6W1F-pep3_l15_s860911_mpnn28, skipping interface scoring
Base AF2 filters not passed for 6W1F-pep3_l15_s860911_mpnn29, skipping interface scoring
Base AF2 filters not passed for 6W1F-pep3_l15_s860911_mpnn30, skipping interface scoring
Base AF2 filters not passed for 6W1F-pep3_l15_s860911_mpnn31, skipping interface scoring
Base AF2 filters not passed for 6W1F-pep3_l15_s860911_mpnn32, skipping interface scoring
Base AF2 filters not passed for 6W1F-pep3_l15_s860911_mpnn33, skipping interface scoring
Base AF2 filters not passed for 6W1F-pep3_l15_s860911_mpnn34, skipping interface scoring
Base AF2 filters not passed for 6W1F-pep3_l15_s860911_mpnn35, skipping interface scoring
Base AF2 filters not passed for 6W1F-pep3_l15_s860911_mpnn36, skipping interface scoring
Base AF2 filters not passed for 6W1F-pep3_l15_s860911_mpnn37, skipping interface scoring
Base AF2 filters not passed for 6W1F-pep3_l15_s860911_mpnn38, skipping interface scoring
Base AF2 filters not passed for 6W1F-pep3_l15_s860911_mpnn39, skipping interface scoring
Base AF2 filters not passed for 6W1F-pep3_l15_s860911_mpnn40, skipping interface scoring
Base AF2 filters not passed for 6W1F-pep3_l15_s860911_mpnn41, skipping interface scoring
Base AF2 filters not passed for 6W1F-pep3_l15_s860911_mpnn42, skipping interface scoring
No accepted MPNN designs found for this trajectory.

Design and validation of trajectory 6W1F-pep3_l15_s860911 took: 0 hours, 13 minutes, 11 seconds

Processing trajectory 6W1F-pep3_l13_s387096
Base AF2 filters not passed for 6W1F-pep3_l13_s387096_mpnn1, skipping interface scoring
Base AF2 filters not passed for 6W1F-pep3_l13_s387096_mpnn2, skipping interface scoring
Base AF2 filters not passed for 6W1F-pep3_l13_s387096_mpnn3, skipping interface scoring
Base AF2 filters not passed for 6W1F-pep3_l13_s387096_mpnn4, skipping interface scoring
Base AF2 filters not passed for 6W1F-pep3_l13_s387096_mpnn5, skipping interface scoring
Base AF2 filters not passed for 6W1F-pep3_l13_s387096_mpnn6, skipping interface scoring
Base AF2 filters not passed for 6W1F-pep3_l13_s387096_mpnn7, skipping interface scoring
Base AF2 filters not passed for 6W1F-pep3_l13_s387096_mpnn8, skipping interface scoring
Base AF2 filters not passed for 6W1F-pep3_l13_s387096_mpnn9, skipping interface scoring
Base AF2 filters not passed for 6W1F-pep3_l13_s387096_mpnn10, skipping interface scoring
Base AF2 filters not passed for 6W1F-pep3_l13_s387096_mpnn11, skipping interface scoring
Base AF2 filters not passed for 6W1F-pep3_l13_s387096_mpnn12, skipping interface scoring
Base AF2 filters not passed for 6W1F-pep3_l13_s387096_mpnn13, skipping interface scoring
Base AF2 filters not passed for 6W1F-pep3_l13_s387096_mpnn14, skipping interface scoring
Base AF2 filters not passed for 6W1F-pep3_l13_s387096_mpnn15, skipping interface scoring
Base AF2 filters not passed for 6W1F-pep3_l13_s387096_mpnn16, skipping interface scoring
Base AF2 filters not passed for 6W1F-pep3_l13_s387096_mpnn17, skipping interface scoring
Base AF2 filters not passed for 6W1F-pep3_l13_s387096_mpnn18, skipping interface scoring
Base AF2 filters not passed for 6W1F-pep3_l13_s387096_mpnn19, skipping interface scoring
Base AF2 filters not passed for 6W1F-pep3_l13_s387096_mpnn20, skipping interface scoring
Base AF2 filters not passed for 6W1F-pep3_l13_s387096_mpnn21, skipping interface scoring
Base AF2 filters not passed for 6W1F-pep3_l13_s387096_mpnn22, skipping interface scoring
Base AF2 filters not passed for 6W1F-pep3_l13_s387096_mpnn23, skipping interface scoring
Base AF2 filters not passed for 6W1F-pep3_l13_s387096_mpnn24, skipping interface scoring
Base AF2 filters not passed for 6W1F-pep3_l13_s387096_mpnn25, skipping interface scoring
Base AF2 filters not passed for 6W1F-pep3_l13_s387096_mpnn26, skipping interface scoring
Base AF2 filters not passed for 6W1F-pep3_l13_s387096_mpnn27, skipping interface scoring
Base AF2 filters not passed for 6W1F-pep3_l13_s387096_mpnn28, skipping interface scoring
Base AF2 filters not passed for 6W1F-pep3_l13_s387096_mpnn29, skipping interface scoring
Base AF2 filters not passed for 6W1F-pep3_l13_s387096_mpnn30, skipping interface scoring
Base AF2 filters not passed for 6W1F-pep3_l13_s387096_mpnn31, skipping interface scoring
Base AF2 filters not passed for 6W1F-pep3_l13_s387096_mpnn32, skipping interface scoring
Base AF2 filters not passed for 6W1F-pep3_l13_s387096_mpnn33, skipping interface scoring
Base AF2 filters not passed for 6W1F-pep3_l13_s387096_mpnn34, skipping interface scoring
Base AF2 filters not passed for 6W1F-pep3_l13_s387096_mpnn35, skipping interface scoring
Base AF2 filters not passed for 6W1F-pep3_l13_s387096_mpnn36, skipping interface scoring
Base AF2 filters not passed for 6W1F-pep3_l13_s387096_mpnn37, skipping interface scoring
Base AF2 filters not passed for 6W1F-pep3_l13_s387096_mpnn38, skipping interface scoring
Base AF2 filters not passed for 6W1F-pep3_l13_s387096_mpnn39, skipping interface scoring
Base AF2 filters not passed for 6W1F-pep3_l13_s387096_mpnn40, skipping interface scoring
Base AF2 filters not passed for 6W1F-pep3_l13_s387096_mpnn41, skipping interface scoring
Base AF2 filters not passed for 6W1F-pep3_l13_s387096_mpnn42, skipping interface scoring
Base AF2 filters not passed for 6W1F-pep3_l13_s387096_mpnn43, skipping interface scoring
Base AF2 filters not passed for 6W1F-pep3_l13_s387096_mpnn44, skipping interface scoring
No accepted MPNN designs found for this trajectory.

Design and validation of trajectory 6W1F-pep3_l13_s387096 took: 0 hours, 13 minutes, 42 seconds

Processing trajectory 6W1F-pep3_l15_s556319
Base AF2 filters not passed for 6W1F-pep3_l15_s556319_mpnn1, skipping interface scoring
Base AF2 filters not passed for 6W1F-pep3_l15_s556319_mpnn2, skipping interface scoring
Base AF2 filters not passed for 6W1F-pep3_l15_s556319_mpnn3, skipping interface scoring
Base AF2 filters not passed for 6W1F-pep3_l15_s556319_mpnn4, skipping interface scoring
Base AF2 filters not passed for 6W1F-pep3_l15_s556319_mpnn5, skipping interface scoring
Base AF2 filters not passed for 6W1F-pep3_l15_s556319_mpnn6, skipping interface scoring
Base AF2 filters not passed for 6W1F-pep3_l15_s556319_mpnn7, skipping interface scoring
Base AF2 filters not passed for 6W1F-pep3_l15_s556319_mpnn8, skipping interface scoring
Base AF2 filters not passed for 6W1F-pep3_l15_s556319_mpnn9, skipping interface scoring
Base AF2 filters not passed for 6W1F-pep3_l15_s556319_mpnn10, skipping interface scoring
Base AF2 filters not passed for 6W1F-pep3_l15_s556319_mpnn11, skipping interface scoring
Base AF2 filters not passed for 6W1F-pep3_l15_s556319_mpnn12, skipping interface scoring
Base AF2 filters not passed for 6W1F-pep3_l15_s556319_mpnn13, skipping interface scoring
Base AF2 filters not passed for 6W1F-pep3_l15_s556319_mpnn14, skipping interface scoring
Base AF2 filters not passed for 6W1F-pep3_l15_s556319_mpnn15, skipping interface scoring
Base AF2 filters not passed for 6W1F-pep3_l15_s556319_mpnn16, skipping interface scoring
Base AF2 filters not passed for 6W1F-pep3_l15_s556319_mpnn17, skipping interface scoring
Base AF2 filters not passed for 6W1F-pep3_l15_s556319_mpnn18, skipping interface scoring
Base AF2 filters not passed for 6W1F-pep3_l15_s556319_mpnn19, skipping interface scoring
Base AF2 filters not passed for 6W1F-pep3_l15_s556319_mpnn20, skipping interface scoring
Base AF2 filters not passed for 6W1F-pep3_l15_s556319_mpnn21, skipping interface scoring
Base AF2 filters not passed for 6W1F-pep3_l15_s556319_mpnn22, skipping interface scoring
Base AF2 filters not passed for 6W1F-pep3_l15_s556319_mpnn23, skipping interface scoring
Base AF2 filters not passed for 6W1F-pep3_l15_s556319_mpnn24, skipping interface scoring
Base AF2 filters not passed for 6W1F-pep3_l15_s556319_mpnn25, skipping interface scoring
Base AF2 filters not passed for 6W1F-pep3_l15_s556319_mpnn26, skipping interface scoring
Base AF2 filters not passed for 6W1F-pep3_l15_s556319_mpnn27, skipping interface scoring
Base AF2 filters not passed for 6W1F-pep3_l15_s556319_mpnn28, skipping interface scoring
Base AF2 filters not passed for 6W1F-pep3_l15_s556319_mpnn29, skipping interface scoring
Base AF2 filters not passed for 6W1F-pep3_l15_s556319_mpnn30, skipping interface scoring
Base AF2 filters not passed for 6W1F-pep3_l15_s556319_mpnn31, skipping interface scoring
Base AF2 filters not passed for 6W1F-pep3_l15_s556319_mpnn32, skipping interface scoring
Base AF2 filters not passed for 6W1F-pep3_l15_s556319_mpnn33, skipping interface scoring
Base AF2 filters not passed for 6W1F-pep3_l15_s556319_mpnn34, skipping interface scoring
Base AF2 filters not passed for 6W1F-pep3_l15_s556319_mpnn35, skipping interface scoring
Base AF2 filters not passed for 6W1F-pep3_l15_s556319_mpnn36, skipping interface scoring
Base AF2 filters not passed for 6W1F-pep3_l15_s556319_mpnn37, skipping interface scoring
Base AF2 filters not passed for 6W1F-pep3_l15_s556319_mpnn38, skipping interface scoring
Base AF2 filters not passed for 6W1F-pep3_l15_s556319_mpnn39, skipping interface scoring
Base AF2 filters not passed for 6W1F-pep3_l15_s556319_mpnn40, skipping interface scoring
Base AF2 filters not passed for 6W1F-pep3_l15_s556319_mpnn41, skipping interface scoring
Base AF2 filters not passed for 6W1F-pep3_l15_s556319_mpnn42, skipping interface scoring
Base AF2 filters not passed for 6W1F-pep3_l15_s556319_mpnn43, skipping interface scoring
Base AF2 filters not passed for 6W1F-pep3_l15_s556319_mpnn44, skipping interface scoring
Base AF2 filters not passed for 6W1F-pep3_l15_s556319_mpnn45, skipping interface scoring
No accepted MPNN designs found for this trajectory.

Design and validation of trajectory 6W1F-pep3_l15_s556319 took: 0 hours, 14 minutes, 4 seconds

Processing trajectory 6W1F-pep3_l17_s575907
Base AF2 filters not passed for 6W1F-pep3_l17_s575907_mpnn1, skipping interface scoring
6W1F-pep3_l17_s575907_mpnn2 passed all filters
Base AF2 filters not passed for 6W1F-pep3_l17_s575907_mpnn3, skipping interface scoring
Base AF2 filters not passed for 6W1F-pep3_l17_s575907_mpnn4, skipping interface scoring
6W1F-pep3_l17_s575907_mpnn5 passed all filters
Unmet filter conditions for 6W1F-pep3_l17_s575907_mpnn6
Base AF2 filters not passed for 6W1F-pep3_l17_s575907_mpnn7, skipping interface scoring
6W1F-pep3_l17_s575907_mpnn8 passed all filters
Base AF2 filters not passed for 6W1F-pep3_l17_s575907_mpnn9, skipping interface scoring
Base AF2 filters not passed for 6W1F-pep3_l17_s575907_mpnn10, skipping interface scoring
Unmet filter conditions for 6W1F-pep3_l17_s575907_mpnn11
Unmet filter conditions for 6W1F-pep3_l17_s575907_mpnn12
6W1F-pep3_l17_s575907_mpnn13 passed all filters
Base AF2 filters not passed for 6W1F-pep3_l17_s575907_mpnn14, skipping interface scoring
Unmet filter conditions for 6W1F-pep3_l17_s575907_mpnn15
Base AF2 filters not passed for 6W1F-pep3_l17_s575907_mpnn16, skipping interface scoring
Base AF2 filters not passed for 6W1F-pep3_l17_s575907_mpnn17, skipping interface scoring
Unmet filter conditions for 6W1F-pep3_l17_s575907_mpnn18
Base AF2 filters not passed for 6W1F-pep3_l17_s575907_mpnn19, skipping interface scoring
Unmet filter conditions for 6W1F-pep3_l17_s575907_mpnn20
Unmet filter conditions for 6W1F-pep3_l17_s575907_mpnn21
Base AF2 filters not passed for 6W1F-pep3_l17_s575907_mpnn22, skipping interface scoring
Unmet filter conditions for 6W1F-pep3_l17_s575907_mpnn23
Base AF2 filters not passed for 6W1F-pep3_l17_s575907_mpnn24, skipping interface scoring
Unmet filter conditions for 6W1F-pep3_l17_s575907_mpnn25
Base AF2 filters not passed for 6W1F-pep3_l17_s575907_mpnn26, skipping interface scoring
Unmet filter conditions for 6W1F-pep3_l17_s575907_mpnn27
Unmet filter conditions for 6W1F-pep3_l17_s575907_mpnn28
Base AF2 filters not passed for 6W1F-pep3_l17_s575907_mpnn29, skipping interface scoring
Base AF2 filters not passed for 6W1F-pep3_l17_s575907_mpnn30, skipping interface scoring
Base AF2 filters not passed for 6W1F-pep3_l17_s575907_mpnn31, skipping interface scoring
Base AF2 filters not passed for 6W1F-pep3_l17_s575907_mpnn32, skipping interface scoring
Base AF2 filters not passed for 6W1F-pep3_l17_s575907_mpnn33, skipping interface scoring
Base AF2 filters not passed for 6W1F-pep3_l17_s575907_mpnn34, skipping interface scoring
6W1F-pep3_l17_s575907_mpnn35 passed all filters
6W1F-pep3_l17_s575907_mpnn36 passed all filters
Base AF2 filters not passed for 6W1F-pep3_l17_s575907_mpnn37, skipping interface scoring
Base AF2 filters not passed for 6W1F-pep3_l17_s575907_mpnn38, skipping interface scoring
6W1F-pep3_l17_s575907_mpnn39 passed all filters
6W1F-pep3_l17_s575907_mpnn40 passed all filters
6W1F-pep3_l17_s575907_mpnn41 passed all filters
6W1F-pep3_l17_s575907_mpnn42 passed all filters
Base AF2 filters not passed for 6W1F-pep3_l17_s575907_mpnn43, skipping interface scoring
Found 10 MPNN designs passing filters

Design and validation of trajectory 6W1F-pep3_l17_s575907 took: 2 hours, 26 minutes, 54 seconds
Target number 105 of designs reached! Reranking...
Files in folder '/data1/tlarnd2/Documents/new_bindcraft/rgg-pep-4-reuse-trajectory/out/Trajectory/Animation' have been zipped and removed.
Files in folder '/data1/tlarnd2/Documents/new_bindcraft/rgg-pep-4-reuse-trajectory/out/Trajectory/Plots' have been zipped and removed.
Finished all designs. Script execution for 2 trajectories took: 88 hours, 26 minutes, 40 seconds
